{"type":"FeatureCollection","features":[{"type":"Feature","properties":{"fclass":"trunk"},"geometry":{"type":"LineString","coordinates":[[112.9468,28.19945],[112.94694,28.19952],[112.9471,28.19953],[112.94915,28.1995],[112.95069,28.19947]]}},{"type":"Feature","properties":{"fclass":"tertiary"},"geometry":{"type":"LineString","coordinates":[[112.90673,28.205],[112.90721,28.20511],[112.90764,28.2053],[112.90812,28.20564],[112.90832,28.20592],[112.90851,28.20631],[112.90857,28.20663],[112.90848,28.20727],[112.90816,28.20835],[112.90793,28.20904],[112.90735,28.21076],[112.90651,28.21314],[112.90642,28.21337],[112.90604,28.21461],[112.90603,28.21464],[112.90585,28.21523],[112.90563,28.21616],[112.90522,28.21791],[112.90522,28.21799],[112.90521,28.21807],[112.90509,28.21962],[112.90509,28.21968],[112.90492,28.22192]]}},{"type":"Feature","properties":{"fclass":"tertiary"},"geometry":{"type":"LineString","coordinates":[[112.90934,28.22267],[112.90923,28.22238],[112.90913,28.22203],[112.90876,28.22046],[112.90875,28.22039],[112.90873,28.22029],[112.90867,28.21963]]}},{"type":"Feature","properties":{"fclass":"trunk"},"geometry":{"type":"LineString","coordinates":[[112.98401,28.14942],[112.98432,28.14959],[112.98479,28.14978],[112.98533,28.15],[112.98583,28.15016]]}},{"type":"Feature","properties":{"fclass":"primary"},"geometry":{"type":"LineString","coordinates":[[112.98858,28.16989],[112.98847,28.16928],[112.9885,28.16864],[112.98853,28.16806],[112.98854,28.16774],[112.98859,28.16583],[112.9886,28.16576],[112.98861,28.16457],[112.98856,28.16167],[112.98855,28.16021],[112.98861,28.15915],[112.98862,28.15894],[112.98861,28.15864],[112.9886,28.15854],[112.9886,28.15839],[112.98861,28.15812],[112.98859,28.15788],[112.98849,28.1574],[112.9883,28.15644],[112.98818,28.15551],[112.98817,28.15537],[112.98816,28.15521],[112.98815,28.15486],[112.98813,28.15418],[112.98813,28.15374],[112.98814,28.15343],[112.98813,28.15234],[112.9882,28.15091]]}},{"type":"Feature","properties":{"fclass":"trunk_link"},"geometry":{"type":"LineString","coordinates":[[112.98789,28.15106],[112.98776,28.15085],[112.98766,28.15075],[112.98754,28.15068],[112.98735,28.15063],[112.98658,28.15047],[112.98604,28.15033],[112.98574,28.15024]]}},{"type":"Feature","properties":{"fclass":"trunk_link"},"geometry":{"type":"LineString","coordinates":[[112.98789,28.15106],[112.98789,28.15087],[112.98793,28.15076],[112.9881,28.15047],[112.98816,28.15035],[112.98818,28.15023],[112.98819,28.1501]]}},{"type":"Feature","properties":{"fclass":"trunk_link"},"geometry":{"type":"LineString","coordinates":[[112.98863,28.15114],[112.98855,28.15121],[112.98846,28.15126],[112.98835,28.15129],[112.98823,28.15129],[112.98812,28.15127],[112.98802,28.15122],[112.98794,28.15115],[112.98789,28.15106]]}},{"type":"Feature","properties":{"fclass":"trunk_link"},"geometry":{"type":"LineString","coordinates":[[112.98842,28.1506],[112.98891,28.15059]]}},{"type":"Feature","properties":{"fclass":"trunk_link"},"geometry":{"type":"LineString","coordinates":[[112.99186,28.1505],[112.99108,28.15063],[112.99075,28.1507],[112.99044,28.15075]]}},{"type":"Feature","properties":{"fclass":"trunk_link"},"geometry":{"type":"LineString","coordinates":[[112.98863,28.15114],[112.98849,28.15161],[112.98843,28.1519],[112.98839,28.15215],[112.98841,28.15262]]}},{"type":"Feature","properties":{"fclass":"tertiary"},"geometry":{"type":"LineString","coordinates":[[112.98813,28.15374],[112.98808,28.1532],[112.98808,28.15308],[112.98807,28.15289]]}},{"type":"Feature","properties":{"fclass":"trunk_link"},"geometry":{"type":"LineString","coordinates":[[112.99108,28.15063],[112.99089,28.15072],[112.99081,28.15076],[112.99076,28.15085],[112.99076,28.15097],[112.99084,28.1511],[112.99104,28.15129],[112.99121,28.15142],[112.99141,28.15151],[112.99167,28.15156]]}},{"type":"Feature","properties":{"fclass":"trunk_link"},"geometry":{"type":"LineString","coordinates":[[112.99213,28.15174],[112.9926,28.15188]]}},{"type":"Feature","properties":{"fclass":"trunk_link"},"geometry":{"type":"LineString","coordinates":[[112.99029,28.15081],[112.99046,28.15089],[112.99069,28.15106],[112.99099,28.15136],[112.9912,28.15149],[112.99142,28.15158],[112.99213,28.15174]]}},{"type":"Feature","properties":{"fclass":"trunk_link"},"geometry":{"type":"LineString","coordinates":[[112.98864,28.15079],[112.98866,28.15091],[112.98863,28.15114]]}},{"type":"Feature","properties":{"fclass":"trunk_link"},"geometry":{"type":"LineString","coordinates":[[112.98852,28.15045],[112.98859,28.15067],[112.98864,28.15079]]}},{"type":"Feature","properties":{"fclass":"primary"},"geometry":{"type":"LineString","coordinates":[[112.98834,28.15002],[112.98829,28.15092]]}},{"type":"Feature","properties":{"fclass":"primary"},"geometry":{"type":"LineString","coordinates":[[112.98825,28.15001],[112.98833,28.14915],[112.98843,28.14862],[112.98849,28.14825],[112.98862,28.14782],[112.98874,28.14747],[112.98889,28.14703],[112.98927,28.14633],[112.9897,28.14568],[112.99013,28.14518],[112.99069,28.14458],[112.99124,28.144],[112.99294,28.14254],[112.99351,28.14196],[112.99398,28.14145],[112.99444,28.14086],[112.99483,28.14029],[112.99517,28.1396],[112.99532,28.13932],[112.99536,28.13918],[112.99542,28.13897],[112.99587,28.13748],[112.99602,28.13699]]}},{"type":"Feature","properties":{"fclass":"primary"},"geometry":{"type":"LineString","coordinates":[[112.98829,28.15092],[112.9883,28.15283],[112.98837,28.15374],[112.98843,28.15478],[112.98844,28.15488],[112.98844,28.15553],[112.98855,28.15643],[112.98868,28.15721],[112.98876,28.15783],[112.98876,28.15813],[112.98876,28.15856],[112.98875,28.15865],[112.98876,28.15912],[112.98878,28.16066],[112.98878,28.1617],[112.98882,28.16536],[112.98882,28.16544],[112.98882,28.16574],[112.98881,28.16583],[112.98876,28.16776],[112.98867,28.16931],[112.98863,28.16988]]}},{"type":"Feature","properties":{"fclass":"primary"},"geometry":{"type":"LineString","coordinates":[[112.9882,28.15091],[112.98825,28.15001]]}},{"type":"Feature","properties":{"fclass":"trunk_link"},"geometry":{"type":"LineString","coordinates":[[112.98819,28.1501],[112.98818,28.14998],[112.98814,28.14991],[112.98808,28.14984],[112.988,28.1498],[112.98787,28.14978],[112.98773,28.14979]]}},{"type":"Feature","properties":{"fclass":"trunk"},"geometry":{"type":"LineString","coordinates":[[112.9642,28.1989],[112.96435,28.1989],[112.96619,28.19885],[112.9663,28.19885],[112.96704,28.19881],[112.96828,28.19875],[112.96914,28.19871]]}},{"type":"Feature","properties":{"fclass":"trunk"},"geometry":{"type":"LineString","coordinates":[[112.95069,28.19947],[112.95255,28.1994],[112.95477,28.1993],[112.95612,28.19925],[112.95721,28.19919],[112.95941,28.19914],[112.96142,28.19907],[112.9642,28.1989]]}},{"type":"Feature","properties":{"fclass":"trunk"},"geometry":{"type":"LineString","coordinates":[[112.9642,28.19899],[112.96399,28.199],[112.96384,28.19901],[112.96142,28.19915],[112.95941,28.19922],[112.95811,28.19926],[112.95727,28.19927],[112.95634,28.1993],[112.95477,28.19938],[112.95255,28.19948],[112.95225,28.19949],[112.95069,28.19955]]}},{"type":"Feature","properties":{"fclass":"trunk"},"geometry":{"type":"LineString","coordinates":[[113.0036,28.19758],[113.00145,28.19766],[113.00133,28.19765]]}},{"type":"Feature","properties":{"fclass":"trunk"},"geometry":{"type":"LineString","coordinates":[[112.95069,28.19955],[112.94937,28.19962],[112.94927,28.19963],[112.94917,28.19963]]}},{"type":"Feature","properties":{"fclass":"trunk"},"geometry":{"type":"LineString","coordinates":[[112.94648,28.19957],[112.94651,28.19951],[112.94656,28.19946],[112.94665,28.19942],[112.94673,28.19942],[112.9468,28.19945]]}},{"type":"Feature","properties":{"fclass":"secondary"},"geometry":{"type":"LineString","coordinates":[[112.94948,28.2018],[112.95125,28.20165]]}},{"type":"Feature","properties":{"fclass":"primary"},"geometry":{"type":"LineString","coordinates":[[112.94509,28.14074],[112.94499,28.14059],[112.94499,28.14048],[112.94512,28.14037],[112.94534,28.1402],[112.94543,28.14025],[112.94548,28.14036],[112.94548,28.14089],[112.9454,28.14409],[112.94542,28.14429],[112.94534,28.14493],[112.94529,28.14615],[112.94527,28.14665],[112.9453,28.1471],[112.94549,28.14906],[112.94579,28.15139],[112.9459,28.15304],[112.94591,28.15445],[112.94593,28.15502],[112.94601,28.15544],[112.94602,28.15557],[112.94607,28.15602],[112.94622,28.15655],[112.94644,28.15718],[112.94749,28.15953],[112.94774,28.16026],[112.94797,28.16099],[112.94816,28.16169],[112.9482,28.16192],[112.94826,28.16226],[112.94839,28.16296],[112.94846,28.16373],[112.9485,28.1646],[112.9485,28.16548],[112.94841,28.16626],[112.94834,28.1669],[112.94816,28.16855],[112.94809,28.16928],[112.94785,28.17084],[112.94769,28.17219],[112.94768,28.17225],[112.94763,28.17268],[112.94743,28.17441],[112.94741,28.1748],[112.9474,28.17524],[112.94769,28.17855],[112.94773,28.17894],[112.94769,28.18007],[112.94769,28.18075],[112.94774,28.18139],[112.94785,28.18229],[112.94786,28.18235],[112.94787,28.18249],[112.94791,28.18271],[112.94848,28.18615],[112.94861,28.18675],[112.94862,28.18679],[112.9495,28.18961],[112.94971,28.19045],[112.94988,28.19149],[112.9504,28.19499],[112.95055,28.19601],[112.95101,28.19807],[112.95112,28.19861],[112.95118,28.19897]]}},{"type":"Feature","properties":{"fclass":"primary"},"geometry":{"type":"LineString","coordinates":[[112.95268,28.21118],[112.95255,28.20983],[112.95243,28.2085],[112.95239,28.20807],[112.95225,28.20704],[112.95216,28.20654],[112.95213,28.20645],[112.95203,28.2061],[112.95167,28.20479],[112.95154,28.20349],[112.9515,28.20319]]}},{"type":"Feature","properties":{"fclass":"secondary"},"geometry":{"type":"LineString","coordinates":[[112.9387,28.1733],[112.93893,28.17301],[112.9395,28.17231],[112.93981,28.17195],[112.94032,28.17135],[112.94037,28.17131],[112.9407,28.17103]]}},{"type":"Feature","properties":{"fclass":"secondary"},"geometry":{"type":"LineString","coordinates":[[112.94788,28.1669],[112.94816,28.16688],[112.94834,28.1669]]}},{"type":"Feature","properties":{"fclass":"residential"},"geometry":{"type":"LineString","coordinates":[[112.9345,28.15765],[112.93478,28.1579],[112.9349,28.15819],[112.93498,28.15848],[112.93498,28.1587],[112.93479,28.15903],[112.93473,28.15924],[112.93475,28.15942],[112.93476,28.15944],[112.93489,28.15965],[112.93496,28.15971],[112.93502,28.15977],[112.93515,28.15985],[112.93564,28.16014],[112.93595,28.16039],[112.93615,28.16063],[112.93627,28.16103],[112.93635,28.16116],[112.93656,28.1613],[112.93666,28.16128],[112.9378,28.16129],[112.93785,28.16128],[112.93826,28.16125],[112.93845,28.16126],[112.93864,28.1613],[112.93869,28.16132],[112.93905,28.16148],[112.93936,28.16168],[112.93972,28.16203],[112.94051,28.16246],[112.94073,28.16255],[112.94113,28.16261],[112.94133,28.16267],[112.94199,28.16353],[112.94205,28.16371],[112.94201,28.16419],[112.94203,28.16432],[112.9421,28.16442],[112.94263,28.16479],[112.94276,28.16501],[112.94277,28.16519],[112.94273,28.16571],[112.94276,28.16612],[112.94278,28.1663],[112.94277,28.16657],[112.94268,28.16688],[112.94258,28.16711],[112.94258,28.16742],[112.94267,28.16793],[112.94273,28.16823],[112.94289,28.16826],[112.94322,28.16835],[112.94344,28.16851]]}},{"type":"Feature","properties":{"fclass":"residential"},"geometry":{"type":"LineString","coordinates":[[112.93541,28.16595],[112.93595,28.16556],[112.93629,28.16544],[112.93641,28.16529],[112.93688,28.16456],[112.93698,28.16439],[112.93703,28.16421],[112.93712,28.16409],[112.93748,28.1639],[112.93757,28.16386],[112.93841,28.16162],[112.93864,28.1613]]}},{"type":"Feature","properties":{"fclass":"residential"},"geometry":{"type":"LineString","coordinates":[[112.93841,28.16162],[112.93785,28.16128]]}},{"type":"Feature","properties":{"fclass":"living_street"},"geometry":{"type":"LineString","coordinates":[[112.934,28.16374],[112.93469,28.16423],[112.93493,28.16435],[112.93522,28.16447],[112.93565,28.16457],[112.93583,28.16464],[112.93595,28.16471],[112.93599,28.16481],[112.93604,28.16519],[112.93611,28.16529],[112.93629,28.16544]]}},{"type":"Feature","properties":{"fclass":"secondary"},"geometry":{"type":"LineString","coordinates":[[112.94648,28.19957],[112.94644,28.19934],[112.94635,28.19909]]}},{"type":"Feature","properties":{"fclass":"secondary"},"geometry":{"type":"LineString","coordinates":[[112.9504,28.19499],[112.95023,28.19505],[112.94931,28.19539]]}},{"type":"Feature","properties":{"fclass":"residential"},"geometry":{"type":"LineString","coordinates":[[112.94478,28.19526],[112.94536,28.19507],[112.94653,28.19471],[112.94665,28.19468]]}},{"type":"Feature","properties":{"fclass":"service"},"geometry":{"type":"LineString","coordinates":[[112.94956,28.19675],[112.94931,28.19539]]}},{"type":"Feature","properties":{"fclass":"secondary"},"geometry":{"type":"LineString","coordinates":[[112.94635,28.19909],[112.94559,28.19764],[112.94512,28.19674],[112.94498,28.19635],[112.94478,28.19526],[112.94469,28.19485],[112.94454,28.19428],[112.94432,28.1939],[112.94325,28.19235],[112.94316,28.19222]]}},{"type":"Feature","properties":{"fclass":"secondary"},"geometry":{"type":"LineString","coordinates":[[112.94635,28.19909],[112.94648,28.19926],[112.94659,28.19934],[112.9468,28.19945]]}},{"type":"Feature","properties":{"fclass":"footway"},"geometry":{"type":"LineString","coordinates":[[112.93394,28.19054],[112.9335,28.18945],[112.93328,28.18911],[112.93303,28.18846],[112.93285,28.1883],[112.93245,28.1883],[112.93164,28.18861],[112.93121,28.1887],[112.93112,28.18865],[112.93096,28.1885],[112.9306,28.18839],[112.93017,28.18829],[112.93011,28.18814],[112.93018,28.18793],[112.93026,28.18778],[112.93048,28.18738],[112.93095,28.18646],[112.93094,28.18634],[112.93092,28.18628],[112.93077,28.18627],[112.93068,28.18629],[112.93051,28.18636],[112.93026,28.18645],[112.92967,28.18649],[112.92911,28.18661],[112.929,28.1866],[112.92885,28.1865],[112.92884,28.1864],[112.92893,28.18628],[112.92899,28.18612],[112.9291,28.18598],[112.92897,28.18579],[112.92868,28.1856],[112.9282,28.18536],[112.92748,28.18492],[112.92718,28.18466],[112.92703,28.1846],[112.92688,28.18445],[112.92693,28.18424],[112.92706,28.18403],[112.92705,28.18398],[112.92701,28.18379],[112.927,28.18377],[112.92676,28.18356],[112.92645,28.18343],[112.92631,28.18337],[112.92622,28.18312],[112.92622,28.18272],[112.92599,28.18216],[112.92602,28.18196],[112.92603,28.18188],[112.92619,28.18152]]}},{"type":"Feature","properties":{"fclass":"footway"},"geometry":{"type":"LineString","coordinates":[[112.92619,28.18152],[112.9262,28.18147],[112.92615,28.18141]]}},{"type":"Feature","properties":{"fclass":"footway"},"geometry":{"type":"LineString","coordinates":[[112.93139,28.18762],[112.93141,28.1871],[112.9316,28.18665],[112.93176,28.18647],[112.93193,28.18618],[112.9322,28.18615],[112.93292,28.18574],[112.93302,28.18554],[112.93303,28.18532],[112.93268,28.18535],[112.93245,28.18532],[112.93196,28.18519],[112.93182,28.1851],[112.93151,28.18506],[112.93091,28.18508],[112.93045,28.18555],[112.93032,28.18562],[112.93022,28.18553],[112.93022,28.18553],[112.93021,28.18553],[112.93021,28.18554],[112.93021,28.18554],[112.93021,28.18554],[112.9302,28.18554],[112.93015,28.18513],[112.93,28.18499],[112.93011,28.18452],[112.92972,28.1843],[112.9297,28.18423],[112.9296,28.1841],[112.92961,28.18394],[112.92956,28.18386],[112.92953,28.18378],[112.92956,28.18367],[112.92959,28.18355],[112.92954,28.18354],[112.92955,28.18343],[112.92953,28.18335],[112.92942,28.1833],[112.92931,28.18326],[112.9292,28.18328],[112.92905,28.18331],[112.92885,28.18337],[112.92881,28.18333],[112.92862,28.18334],[112.92854,28.18324],[112.92841,28.18331],[112.92826,28.18335],[112.92811,28.18333],[112.92801,28.1833],[112.928,28.18319],[112.92808,28.18315],[112.92817,28.18307],[112.92823,28.18297],[112.92822,28.18288],[112.92816,28.18273],[112.92821,28.18262],[112.92821,28.18262],[112.92821,28.18262],[112.92853,28.18256],[112.92879,28.18238],[112.92887,28.1822],[112.929,28.18167],[112.92916,28.18143],[112.92928,28.18135],[112.92986,28.18116],[112.92989,28.18058],[112.92993,28.18049],[112.93002,28.18041]]}},{"type":"Feature","properties":{"fclass":"footway"},"geometry":{"type":"LineString","coordinates":[[112.93288,28.17038],[112.9329,28.17011],[112.93283,28.17004],[112.93272,28.17006],[112.93257,28.17013],[112.93217,28.17001],[112.93219,28.16983],[112.932,28.16966]]}},{"type":"Feature","properties":{"fclass":"residential"},"geometry":{"type":"LineString","coordinates":[[112.93183,28.17174],[112.93187,28.17104],[112.93193,28.17056],[112.93195,28.17024],[112.93197,28.17002],[112.932,28.16966],[112.932,28.16945],[112.93224,28.16905]]}},{"type":"Feature","properties":{"fclass":"residential"},"geometry":{"type":"LineString","coordinates":[[112.91326,28.16743],[112.91334,28.16755],[112.91345,28.16829],[112.91325,28.1694],[112.91286,28.17161],[112.91285,28.17165],[112.91274,28.17214],[112.91259,28.17342],[112.91263,28.17411],[112.91272,28.17619],[112.91311,28.17663],[112.91352,28.17723],[112.91382,28.17762],[112.91413,28.17812],[112.91436,28.1786],[112.91448,28.17886],[112.91478,28.17967],[112.9149,28.17985],[112.91511,28.1801],[112.91523,28.18047],[112.91529,28.18072],[112.91536,28.18096],[112.91544,28.18117],[112.9155,28.18128],[112.91568,28.18158],[112.91566,28.1818],[112.9158,28.18219],[112.91585,28.18252],[112.9159,28.18264],[112.91598,28.18276],[112.91611,28.1831],[112.91642,28.18338],[112.91666,28.18364]]}},{"type":"Feature","properties":{"fclass":"residential"},"geometry":{"type":"LineString","coordinates":[[112.91762,28.18073],[112.91756,28.18075]]}},{"type":"Feature","properties":{"fclass":"residential"},"geometry":{"type":"LineString","coordinates":[[112.91596,28.17675],[112.91535,28.17684],[112.91492,28.17687],[112.91482,28.17689],[112.91466,28.17701],[112.91416,28.17739],[112.91382,28.17762]]}},{"type":"Feature","properties":{"fclass":"residential"},"geometry":{"type":"LineString","coordinates":[[112.90795,28.17411],[112.90845,28.17366],[112.90933,28.17294],[112.9101,28.17234],[112.91037,28.17218],[112.91087,28.17201],[112.91106,28.17188],[112.91124,28.17174],[112.91142,28.17151],[112.91151,28.17149],[112.91179,28.17159],[112.91286,28.17161]]}},{"type":"Feature","properties":{"fclass":"residential"},"geometry":{"type":"LineString","coordinates":[[112.91685,28.17493],[112.91592,28.17483],[112.91586,28.17482],[112.91552,28.17473],[112.91546,28.17471],[112.91369,28.17431],[112.91263,28.17411],[112.91232,28.17403],[112.91219,28.17398],[112.91157,28.17335]]}},{"type":"Feature","properties":{"fclass":"residential"},"geometry":{"type":"LineString","coordinates":[[112.91663,28.17046],[112.91685,28.17116],[112.917,28.17176],[112.91722,28.17236],[112.91727,28.17295],[112.91724,28.17315],[112.91721,28.17333],[112.91702,28.17387],[112.91692,28.17411],[112.91685,28.17444],[112.91685,28.17493],[112.91685,28.1763],[112.91671,28.17721],[112.91668,28.17735],[112.9166,28.17743]]}},{"type":"Feature","properties":{"fclass":"residential"},"geometry":{"type":"LineString","coordinates":[[112.91132,28.17519],[112.9116,28.17498],[112.91164,28.1749],[112.91164,28.17464],[112.91154,28.17433],[112.91156,28.17425],[112.91219,28.17398]]}},{"type":"Feature","properties":{"fclass":"residential"},"geometry":{"type":"LineString","coordinates":[[112.90876,28.17448],[112.90825,28.17434],[112.90795,28.17411],[112.90741,28.17391]]}},{"type":"Feature","properties":{"fclass":"residential"},"geometry":{"type":"LineString","coordinates":[[112.90181,28.16569],[112.90214,28.16574],[112.90267,28.16593],[112.90324,28.16623],[112.90349,28.16629],[112.90373,28.16642],[112.90386,28.16659],[112.90461,28.16749],[112.9049,28.1677],[112.90515,28.16786],[112.90552,28.16799],[112.90584,28.16803],[112.90634,28.16826],[112.90661,28.16832],[112.90721,28.16835],[112.90738,28.16842],[112.9077,28.16852],[112.90798,28.16856],[112.90833,28.16861],[112.90861,28.16883],[112.90906,28.16875],[112.90935,28.16863],[112.90989,28.16825],[112.91008,28.1682],[112.91036,28.16805],[112.91121,28.16721],[112.91156,28.16701],[112.91226,28.16693]]}},{"type":"Feature","properties":{"fclass":"residential"},"geometry":{"type":"LineString","coordinates":[[112.90856,28.16548],[112.90864,28.16522],[112.90859,28.16508],[112.90837,28.16486],[112.90808,28.1647],[112.90761,28.16439],[112.9076,28.1643],[112.90765,28.16419],[112.90774,28.16415],[112.90786,28.16415],[112.90804,28.16432],[112.90868,28.16465],[112.90908,28.16491],[112.90944,28.16514],[112.90981,28.16538],[112.91226,28.16693],[112.91266,28.16718],[112.91307,28.16744],[112.91326,28.16743]]}},{"type":"Feature","properties":{"fclass":"residential"},"geometry":{"type":"LineString","coordinates":[[112.91743,28.1653],[112.91652,28.1657],[112.91626,28.16586],[112.91497,28.16644],[112.91356,28.16719],[112.91339,28.16729],[112.91326,28.16743]]}},{"type":"Feature","properties":{"fclass":"tertiary"},"geometry":{"type":"LineString","coordinates":[[112.89725,28.1478],[112.89769,28.14795],[112.89813,28.1481],[112.9,28.14881],[112.90092,28.1494],[112.90126,28.14968],[112.90148,28.14992],[112.90161,28.15012],[112.90177,28.15044],[112.90185,28.1506],[112.90198,28.15071],[112.90303,28.15153],[112.90349,28.15194],[112.90372,28.152],[112.90459,28.15219],[112.9048,28.15228],[112.90503,28.15249],[112.90526,28.15282],[112.90669,28.1555],[112.90668,28.15561],[112.90663,28.15577],[112.90634,28.15633],[112.90539,28.15819],[112.90538,28.1584],[112.90555,28.15914],[112.90567,28.1594],[112.90588,28.15969],[112.90608,28.15985],[112.9065,28.16009],[112.90671,28.16026],[112.90707,28.1606],[112.90718,28.1608],[112.90823,28.16181],[112.9083,28.16191],[112.90832,28.162],[112.90835,28.16239],[112.9084,28.16252],[112.90872,28.16294],[112.90883,28.16304],[112.9098,28.16348],[112.91138,28.16412],[112.9116,28.16417],[112.9126,28.16426],[112.91325,28.16424],[112.91393,28.16429],[112.9142,28.16433],[112.91483,28.16447],[112.91514,28.16453],[112.91563,28.16456],[112.9167,28.16487],[112.91693,28.16505],[112.91721,28.16519],[112.91743,28.1653],[112.91802,28.16522],[112.91837,28.16518],[112.91873,28.16522],[112.91936,28.16553],[112.91974,28.16572],[112.91994,28.16579]]}},{"type":"Feature","properties":{"fclass":"residential"},"geometry":{"type":"LineString","coordinates":[[112.92001,28.16056],[112.92042,28.16106],[112.92125,28.16144],[112.92266,28.16234],[112.92289,28.16246],[112.92305,28.16261],[112.92324,28.16274],[112.92404,28.16327],[112.92489,28.16383],[112.9253,28.16407],[112.92569,28.16417]]}},{"type":"Feature","properties":{"fclass":"residential"},"geometry":{"type":"LineString","coordinates":[[112.92557,28.16483],[112.92569,28.16417],[112.92584,28.16334],[112.92596,28.16268],[112.92597,28.16243],[112.92595,28.16238],[112.9259,28.16227],[112.92574,28.16209],[112.92549,28.1618],[112.92523,28.16164]]}},{"type":"Feature","properties":{"fclass":"residential"},"geometry":{"type":"LineString","coordinates":[[112.9228,28.15741],[112.92401,28.15789],[112.92438,28.15814],[112.92472,28.15842],[112.92485,28.15908],[112.92498,28.15932],[112.92524,28.15962],[112.9254,28.15979],[112.92548,28.15986]]}},{"type":"Feature","properties":{"fclass":"residential"},"geometry":{"type":"LineString","coordinates":[[112.92508,28.15152],[112.92454,28.15093],[112.92446,28.15077],[112.92446,28.15063],[112.92452,28.15044],[112.92454,28.15041],[112.92481,28.14994],[112.92498,28.14972]]}},{"type":"Feature","properties":{"fclass":"trunk"},"geometry":{"type":"LineString","coordinates":[[112.92519,28.2077],[112.92572,28.20732]]}},{"type":"Feature","properties":{"fclass":"trunk"},"geometry":{"type":"LineString","coordinates":[[112.92572,28.20732],[112.92635,28.20694],[112.92687,28.20668],[112.92735,28.20646],[112.92798,28.20626],[112.92871,28.20607],[112.92906,28.20603],[112.92965,28.20594],[112.9343,28.2058],[112.93511,28.20571],[112.93584,28.20557],[112.93658,28.20537],[112.93745,28.20508],[112.94026,28.20397],[112.94305,28.20279],[112.94345,28.20261],[112.94384,28.2024],[112.94424,28.20208],[112.94615,28.19998],[112.94633,28.19977],[112.94648,28.19957]]}},{"type":"Feature","properties":{"fclass":"trunk"},"geometry":{"type":"LineString","coordinates":[[112.92197,28.21007],[112.92392,28.20862],[112.92405,28.20852],[112.92519,28.2077]]}},{"type":"Feature","properties":{"fclass":"secondary"},"geometry":{"type":"LineString","coordinates":[[112.93367,28.21512],[112.93425,28.21535],[112.93484,28.21554],[112.93677,28.21579],[112.93872,28.21604],[112.93917,28.21602],[112.94011,28.21598],[112.94168,28.21614],[112.9421,28.21614],[112.94247,28.21608],[112.94279,28.21598],[112.94313,28.2158],[112.94344,28.21557],[112.94374,28.21533],[112.9439,28.21516],[112.94399,28.21505],[112.94451,28.21432]]}},{"type":"Feature","properties":{"fclass":"primary"},"geometry":{"type":"LineString","coordinates":[[112.95269,28.21159],[112.95269,28.21148]]}},{"type":"Feature","properties":{"fclass":"primary"},"geometry":{"type":"LineString","coordinates":[[112.95118,28.19897],[112.95124,28.2001],[112.95157,28.20294],[112.9516,28.20318]]}},{"type":"Feature","properties":{"fclass":"primary"},"geometry":{"type":"LineString","coordinates":[[112.95293,28.21235],[112.95294,28.21247],[112.95295,28.21274],[112.95296,28.21281],[112.95323,28.21436],[112.95348,28.21522],[112.95358,28.21544],[112.95365,28.21558],[112.95465,28.21798],[112.95593,28.22088],[112.95699,28.22561],[112.95828,28.22867],[112.95837,28.22946],[112.95843,28.22995],[112.95849,28.23048],[112.95855,28.23101],[112.95853,28.2326],[112.95816,28.23393],[112.95782,28.23451],[112.95734,28.23533],[112.95722,28.23543],[112.95694,28.23569],[112.95675,28.23586]]}},{"type":"Feature","properties":{"fclass":"primary"},"geometry":{"type":"LineString","coordinates":[[112.95286,28.21162],[112.95293,28.21235]]}},{"type":"Feature","properties":{"fclass":"primary"},"geometry":{"type":"LineString","coordinates":[[112.92405,28.20852],[112.92416,28.20865],[112.92682,28.21289],[112.92733,28.21389],[112.92785,28.21536],[112.92807,28.21593],[112.92815,28.21616],[112.92933,28.22128],[112.92933,28.22149],[112.92907,28.22425],[112.92899,28.22568],[112.92883,28.22868],[112.92882,28.22885],[112.9288,28.22912],[112.92879,28.22926],[112.92873,28.23113],[112.92866,28.23395],[112.92869,28.23411],[112.92872,28.23606],[112.92859,28.23831],[112.9286,28.2384],[112.92863,28.23965]]}},{"type":"Feature","properties":{"fclass":"trunk"},"geometry":{"type":"LineString","coordinates":[[112.90891,28.21728],[112.90923,28.21574],[112.90963,28.21413],[112.90969,28.21369],[112.9097,28.21363],[112.90987,28.21225]]}},{"type":"Feature","properties":{"fclass":"pedestrian"},"geometry":{"type":"LineString","coordinates":[[112.97061,28.18706],[112.97062,28.18751],[112.97064,28.1887],[112.97065,28.18946],[112.9707,28.19013],[112.97079,28.19166],[112.97084,28.19286],[112.97086,28.19335],[112.97087,28.19388],[112.97081,28.19469],[112.97085,28.19497]]}},{"type":"Feature","properties":{"fclass":"residential"},"geometry":{"type":"LineString","coordinates":[[112.97884,28.1824],[112.97948,28.18248],[112.98067,28.18262]]}},{"type":"Feature","properties":{"fclass":"secondary"},"geometry":{"type":"LineString","coordinates":[[112.97102,28.19496],[112.97093,28.19575],[112.97098,28.1968],[112.97096,28.19732],[112.9709,28.19854],[112.97089,28.19867],[112.97089,28.19879],[112.97089,28.19898],[112.97088,28.19912],[112.97084,28.20002],[112.97078,28.20096],[112.97067,28.20252],[112.97066,28.20283],[112.97063,28.20331]]}},{"type":"Feature","properties":{"fclass":"secondary"},"geometry":{"type":"LineString","coordinates":[[112.9661,28.19537],[112.96449,28.19543],[112.96389,28.19548],[112.96327,28.19549],[112.96326,28.19549],[112.96314,28.19549],[112.96303,28.19549]]}},{"type":"Feature","properties":{"fclass":"primary"},"geometry":{"type":"LineString","coordinates":[[112.96522,28.20688],[112.96483,28.20435],[112.9646,28.20351],[112.96371,28.2011],[112.96347,28.20032],[112.96343,28.20006],[112.96335,28.19924],[112.96331,28.19792],[112.9633,28.19774],[112.96314,28.19549],[112.96314,28.19543],[112.96315,28.19503],[112.96326,28.19438],[112.96347,28.19299],[112.96366,28.19197],[112.96368,28.19189],[112.96376,28.19105],[112.96376,28.19003],[112.9637,28.18916],[112.96359,28.18841],[112.96347,28.18737],[112.96323,28.18617],[112.9631,28.18461],[112.96292,28.18304],[112.96291,28.18286]]}},{"type":"Feature","properties":{"fclass":"secondary"},"geometry":{"type":"LineString","coordinates":[[113.00093,28.20924],[113.00118,28.20932],[113.00273,28.20993],[113.00327,28.21015],[113.00338,28.21019],[113.00381,28.21036]]}},{"type":"Feature","properties":{"fclass":"secondary"},"geometry":{"type":"LineString","coordinates":[[112.98037,28.20688],[112.98055,28.20686],[112.98109,28.20685],[112.98301,28.20682],[112.98499,28.20688],[112.98628,28.20691],[112.98641,28.20692]]}},{"type":"Feature","properties":{"fclass":"secondary"},"geometry":{"type":"LineString","coordinates":[[112.96359,28.18841],[112.9637,28.18838],[112.96417,28.18821],[112.96466,28.18802],[112.96496,28.18793],[112.96535,28.18779],[112.96625,28.18736],[112.96667,28.18728],[112.96676,28.18728],[112.96749,28.18728],[112.96766,28.18726],[112.96931,28.18706],[112.97061,28.18706],[112.97157,28.18698],[112.97181,28.18696],[112.97446,28.18672],[112.97459,28.18671],[112.97615,28.18665],[112.97639,28.18665]]}},{"type":"Feature","properties":{"fclass":"secondary"},"geometry":{"type":"LineString","coordinates":[[112.97608,28.21725],[112.97606,28.21714],[112.97587,28.2156],[112.97587,28.21518],[112.97591,28.21489],[112.97595,28.21457],[112.97612,28.21374],[112.97617,28.21358],[112.97626,28.21329],[112.97643,28.21272],[112.9765,28.2125],[112.97656,28.21209],[112.97658,28.21201],[112.97647,28.21095],[112.97633,28.21008],[112.97632,28.21004],[112.97609,28.20908],[112.97593,28.20827],[112.9759,28.20814],[112.9758,28.20763],[112.97577,28.20751],[112.97583,28.20655],[112.97586,28.2059],[112.97584,28.20551],[112.97583,28.20522],[112.9757,28.20407],[112.97559,28.203],[112.97553,28.20167],[112.97546,28.19993],[112.97544,28.19931],[112.97542,28.19896],[112.97541,28.19876],[112.97541,28.19862],[112.9754,28.19851],[112.9754,28.19842],[112.97537,28.19698],[112.9752,28.19477],[112.97519,28.19466]]}},{"type":"Feature","properties":{"fclass":"secondary"},"geometry":{"type":"LineString","coordinates":[[112.98499,28.20688],[112.98498,28.20697],[112.98525,28.20885],[112.98526,28.20892],[112.9856,28.21108],[112.98561,28.21117],[112.98579,28.21233],[112.98613,28.2144],[112.98643,28.2167],[112.9866,28.22079],[112.98664,28.22148],[112.98675,28.22228],[112.98686,28.22314],[112.98703,28.22405],[112.98704,28.22423],[112.98707,28.22444],[112.98711,28.22486],[112.98714,28.22513]]}},{"type":"Feature","properties":{"fclass":"primary"},"geometry":{"type":"LineString","coordinates":[[112.98072,28.21169],[112.98071,28.21159],[112.98055,28.20917],[112.98047,28.20815],[112.98047,28.20814],[112.98043,28.20762],[112.98038,28.207],[112.98037,28.20688]]}},{"type":"Feature","properties":{"fclass":"secondary"},"geometry":{"type":"LineString","coordinates":[[112.96984,28.22901],[112.9697,28.22846],[112.96959,28.22793],[112.96953,28.22751],[112.96947,28.22708],[112.96947,28.22703],[112.96944,28.22603],[112.96936,28.22529],[112.96922,28.22427],[112.96905,28.22333],[112.9685,28.22037],[112.96824,28.219],[112.96818,28.21853],[112.96812,28.2179],[112.96811,28.21781],[112.96811,28.21778],[112.96811,28.21737],[112.9681,28.21688],[112.96809,28.21594],[112.96802,28.21529],[112.96795,28.2149],[112.96787,28.21453],[112.96771,28.21406],[112.9676,28.21379],[112.96731,28.21315],[112.96729,28.2131],[112.96726,28.21302],[112.9671,28.21262],[112.96593,28.20994],[112.96563,28.209],[112.96558,28.20882],[112.96522,28.20688]]}},{"type":"Feature","properties":{"fclass":"tertiary"},"geometry":{"type":"LineString","coordinates":[[112.90552,28.21616],[112.90317,28.21573],[112.90292,28.21569],[112.90037,28.21515],[112.90022,28.21513],[112.89983,28.21504],[112.89629,28.21413],[112.89499,28.21384],[112.89488,28.21382],[112.89378,28.21363],[112.89319,28.2135],[112.89303,28.21346],[112.89289,28.21343],[112.89211,28.21318],[112.89096,28.21267],[112.89085,28.21262],[112.88775,28.21107],[112.88722,28.21083],[112.88703,28.21075],[112.88618,28.21038],[112.88382,28.20939],[112.88343,28.20922],[112.88313,28.20911]]}},{"type":"Feature","properties":{"fclass":"tertiary"},"geometry":{"type":"LineString","coordinates":[[112.98974,28.1739],[112.9902,28.17385],[112.99066,28.17378],[112.99142,28.17376],[112.99242,28.17372],[112.99316,28.17367],[112.99453,28.1737],[112.99483,28.17375],[112.99491,28.17379],[112.99523,28.17396]]}},{"type":"Feature","properties":{"fclass":"secondary"},"geometry":{"type":"LineString","coordinates":[[112.98801,28.1586],[112.9878,28.15858],[112.9861,28.15844],[112.98551,28.15839],[112.98469,28.15821],[112.98294,28.15761],[112.98257,28.1575],[112.98189,28.15731],[112.98066,28.15699],[112.97962,28.15686],[112.97924,28.15679],[112.97912,28.15677]]}},{"type":"Feature","properties":{"fclass":"primary"},"geometry":{"type":"LineString","coordinates":[[112.97968,28.1516],[112.9797,28.15148],[112.97978,28.15103],[112.9799,28.15045]]}},{"type":"Feature","properties":{"fclass":"trunk"},"geometry":{"type":"LineString","coordinates":[[112.9467,28.1998],[112.94651,28.19987],[112.94627,28.20004],[112.94431,28.20223],[112.94401,28.20247],[112.94385,28.20255],[112.94365,28.20265],[112.94106,28.20381],[112.94084,28.2039],[112.93983,28.20431],[112.93909,28.2046],[112.93654,28.2055],[112.93578,28.20569],[112.93512,28.20582],[112.93456,28.20587],[112.93364,28.20593],[112.92966,28.20606],[112.92908,28.20613],[112.92883,28.20615],[112.92839,28.20626],[112.928,28.20636],[112.92724,28.20662],[112.92649,28.207],[112.92579,28.20742]]}},{"type":"Feature","properties":{"fclass":"trunk"},"geometry":{"type":"LineString","coordinates":[[112.9468,28.19945],[112.94685,28.19949],[112.94689,28.19955],[112.9469,28.19963],[112.94688,28.19969],[112.94684,28.19975]]}},{"type":"Feature","properties":{"fclass":"residential"},"geometry":{"type":"LineString","coordinates":[[112.94665,28.19468],[112.9477,28.19584]]}},{"type":"Feature","properties":{"fclass":"primary"},"geometry":{"type":"LineString","coordinates":[[112.9799,28.15045],[112.97996,28.15018],[112.9801,28.14951],[112.98019,28.14916],[112.98045,28.14845],[112.9806,28.14789],[112.98077,28.14711],[112.98085,28.14658],[112.98097,28.14558],[112.98115,28.14394]]}},{"type":"Feature","properties":{"fclass":"trunk"},"geometry":{"type":"LineString","coordinates":[[112.92524,28.20785],[112.92503,28.20801],[112.92436,28.2085],[112.92416,28.20865],[112.92401,28.20876],[112.92314,28.20941],[112.92253,28.20988],[112.92195,28.21026]]}},{"type":"Feature","properties":{"fclass":"trunk"},"geometry":{"type":"LineString","coordinates":[[112.9467,28.1998],[112.94663,28.19979],[112.94655,28.19975],[112.9465,28.1997],[112.94648,28.19964],[112.94648,28.19957]]}},{"type":"Feature","properties":{"fclass":"primary"},"geometry":{"type":"LineString","coordinates":[[112.98001,28.15044],[112.97983,28.15151],[112.97981,28.15161]]}},{"type":"Feature","properties":{"fclass":"trunk"},"geometry":{"type":"LineString","coordinates":[[112.94684,28.19975],[112.94678,28.19978],[112.9467,28.1998]]}},{"type":"Feature","properties":{"fclass":"trunk"},"geometry":{"type":"LineString","coordinates":[[112.92579,28.20742],[112.92524,28.20785]]}},{"type":"Feature","properties":{"fclass":"primary"},"geometry":{"type":"LineString","coordinates":[[112.98125,28.14393],[112.98108,28.14562],[112.98097,28.14657],[112.98069,28.148],[112.98038,28.1489],[112.98021,28.14946],[112.98001,28.15044]]}},{"type":"Feature","properties":{"fclass":"trunk"},"geometry":{"type":"LineString","coordinates":[[112.90913,28.21705],[112.90901,28.2177],[112.909,28.21929]]}},{"type":"Feature","properties":{"fclass":"trunk"},"geometry":{"type":"LineString","coordinates":[[112.91403,28.23334],[112.91364,28.23241],[112.91279,28.23046],[112.91188,28.22839],[112.91156,28.22767],[112.91112,28.22665],[112.9107,28.2257],[112.90977,28.22341],[112.90949,28.22263],[112.90928,28.22201],[112.90906,28.2212],[112.90892,28.22047],[112.9088,28.21927],[112.9088,28.21826],[112.90891,28.21728]]}},{"type":"Feature","properties":{"fclass":"trunk"},"geometry":{"type":"LineString","coordinates":[[112.909,28.21929],[112.9091,28.22047],[112.90936,28.22166],[112.90965,28.22262],[112.91022,28.22399],[112.91094,28.22564],[112.91176,28.22753],[112.91195,28.22796],[112.91235,28.22901],[112.91283,28.23004],[112.91294,28.23031],[112.91353,28.23183],[112.91408,28.23326]]}},{"type":"Feature","properties":{"fclass":"trunk"},"geometry":{"type":"LineString","coordinates":[[112.90987,28.21225],[112.91021,28.20939]]}},{"type":"Feature","properties":{"fclass":"trunk_link"},"geometry":{"type":"LineString","coordinates":[[112.96467,28.19926],[112.9645,28.19909],[112.96399,28.199]]}},{"type":"Feature","properties":{"fclass":"trunk"},"geometry":{"type":"LineString","coordinates":[[112.90999,28.21226],[112.9098,28.21382],[112.90976,28.21414],[112.90944,28.21545],[112.90936,28.21577],[112.90913,28.21705]]}},{"type":"Feature","properties":{"fclass":"trunk_link"},"geometry":{"type":"LineString","coordinates":[[112.96343,28.20006],[112.96354,28.20005],[112.96355,28.20004],[112.9638,28.19998],[112.96382,28.19998],[112.96411,28.19988],[112.96457,28.1996],[112.96465,28.19946],[112.96467,28.19926]]}},{"type":"Feature","properties":{"fclass":"trunk_link"},"geometry":{"type":"LineString","coordinates":[[112.90867,28.21963],[112.90869,28.21908],[112.9087,28.2188],[112.90869,28.2185],[112.90878,28.21773],[112.90891,28.21728]]}},{"type":"Feature","properties":{"fclass":"trunk_link"},"geometry":{"type":"LineString","coordinates":[[112.96542,28.19901],[112.96502,28.19908],[112.96481,28.19925],[112.96473,28.19949],[112.96462,28.19966],[112.96367,28.20019],[112.96358,28.20024],[112.96347,28.20032]]}},{"type":"Feature","properties":{"fclass":"trunk_link"},"geometry":{"type":"LineString","coordinates":[[112.9633,28.19774],[112.96343,28.19774],[112.96362,28.19782],[112.9641,28.19802],[112.96439,28.19815],[112.96472,28.19834],[112.9648,28.19856],[112.9649,28.19869],[112.96505,28.1988],[112.96582,28.19883],[112.96619,28.19885]]}},{"type":"Feature","properties":{"fclass":"trunk_link"},"geometry":{"type":"LineString","coordinates":[[112.96435,28.1989],[112.96454,28.19878],[112.96461,28.19858],[112.96456,28.19839],[112.96434,28.19826],[112.9641,28.19815],[112.96376,28.19801],[112.96362,28.19795],[112.96343,28.19793],[112.96331,28.19792]]}},{"type":"Feature","properties":{"fclass":"secondary"},"geometry":{"type":"LineString","coordinates":[[112.94772,28.22908],[112.94784,28.22868],[112.948,28.22816],[112.94832,28.22679],[112.94836,28.22655],[112.94847,28.22605],[112.94876,28.22469],[112.94909,28.22317],[112.94912,28.22309],[112.94945,28.22208],[112.95005,28.2208],[112.9517,28.21739],[112.95224,28.2163],[112.95264,28.21583],[112.95328,28.21558],[112.95343,28.2155],[112.95358,28.21544]]}},{"type":"Feature","properties":{"fclass":"secondary"},"geometry":{"type":"LineString","coordinates":[[112.96356,28.1919],[112.96368,28.19189],[112.96379,28.1919],[112.96391,28.1919],[112.96418,28.19192],[112.9649,28.1919],[112.96551,28.19189],[112.96566,28.19188],[112.96643,28.19187],[112.96835,28.19181],[112.97015,28.19176]]}},{"type":"Feature","properties":{"fclass":"tertiary"},"geometry":{"type":"LineString","coordinates":[[112.96808,28.19511],[112.96791,28.19467],[112.96783,28.19448],[112.96763,28.19363]]}},{"type":"Feature","properties":{"fclass":"secondary"},"geometry":{"type":"LineString","coordinates":[[112.98643,28.2167],[112.98799,28.21656],[112.98907,28.21655],[112.99052,28.21656],[112.99074,28.21663],[112.99084,28.21674],[112.99089,28.21698],[112.99094,28.21779],[112.99103,28.21804],[112.99122,28.21823],[112.99253,28.21942],[112.99321,28.22008],[112.99343,28.22048],[112.99352,28.22068],[112.99402,28.22171],[112.99424,28.22205],[112.99438,28.2222],[112.99457,28.22231],[112.99493,28.22251],[112.9951,28.2226],[112.99537,28.22278],[112.99555,28.22293],[112.99569,28.22306],[112.99599,28.22334],[112.99686,28.22414],[112.99703,28.2243],[112.99727,28.22451],[112.99769,28.22483],[112.99775,28.22488],[112.99795,28.22509],[112.9981,28.22531],[112.99862,28.22619],[112.9987,28.22628],[112.99879,28.22634],[112.99903,28.22647],[112.99958,28.22665],[113.00014,28.22677],[113.00063,28.22685],[113.00098,28.22695],[113.00138,28.22712],[113.00149,28.22721],[113.00168,28.2274],[113.00218,28.22784],[113.0032,28.22865],[113.0035,28.22889],[113.00412,28.22935]]}},{"type":"Feature","properties":{"fclass":"tertiary"},"geometry":{"type":"LineString","coordinates":[[112.9345,28.15765],[112.9336,28.15801],[112.93267,28.15838],[112.93238,28.15849]]}},{"type":"Feature","properties":{"fclass":"secondary"},"geometry":{"type":"LineString","coordinates":[[112.93153,28.14312],[112.93158,28.14542],[112.93159,28.14576],[112.93169,28.14933],[112.93169,28.14952],[112.9317,28.14973],[112.93175,28.15107]]}},{"type":"Feature","properties":{"fclass":"residential"},"geometry":{"type":"LineString","coordinates":[[112.9291,28.16105],[112.92917,28.16112],[112.9294,28.16135],[112.92955,28.16149],[112.92997,28.16188]]}},{"type":"Feature","properties":{"fclass":"tertiary"},"geometry":{"type":"LineString","coordinates":[[112.93598,28.15464],[112.93598,28.15472],[112.93597,28.15483],[112.93596,28.15508],[112.936,28.15613],[112.93608,28.15652],[112.93623,28.15692]]}},{"type":"Feature","properties":{"fclass":"residential"},"geometry":{"type":"LineString","coordinates":[[112.93047,28.16001],[112.93053,28.16005],[112.9306,28.1601],[112.93063,28.16014],[112.93086,28.16049],[112.93114,28.16088],[112.93117,28.16092],[112.93127,28.16105],[112.93128,28.16128],[112.93129,28.16137],[112.9313,28.16155],[112.93131,28.1618],[112.93131,28.16191],[112.93131,28.16209]]}},{"type":"Feature","properties":{"fclass":"secondary"},"geometry":{"type":"LineString","coordinates":[[112.93238,28.15849],[112.93229,28.15862],[112.93047,28.16001],[112.92914,28.16103],[112.9291,28.16105],[112.92894,28.16118],[112.92868,28.1614],[112.92847,28.16161],[112.92831,28.16177],[112.92818,28.16192],[112.92807,28.16206],[112.92796,28.16223],[112.92787,28.16239],[112.92779,28.16253],[112.92772,28.16269],[112.92766,28.16286],[112.9276,28.16301],[112.92756,28.16316],[112.92753,28.16329],[112.9275,28.16346],[112.92726,28.16547],[112.92703,28.16739]]}},{"type":"Feature","properties":{"fclass":"secondary"},"geometry":{"type":"LineString","coordinates":[[112.92687,28.16735],[112.92721,28.16481],[112.92741,28.16344],[112.92743,28.16327],[112.92747,28.16314],[112.92751,28.16299],[112.92757,28.16283],[112.92763,28.16267],[112.9277,28.1625],[112.92778,28.16235],[112.92788,28.16219],[112.92799,28.16202],[112.9281,28.16187],[112.92823,28.16172],[112.92839,28.16155],[112.92861,28.16134],[112.92888,28.16112],[112.92901,28.16102],[112.92941,28.1607],[112.92974,28.16044],[112.93042,28.15991],[112.93223,28.15855],[112.93238,28.15849]]}},{"type":"Feature","properties":{"fclass":"residential"},"geometry":{"type":"LineString","coordinates":[[112.93193,28.16092],[112.93126,28.16092],[112.93117,28.16092]]}},{"type":"Feature","properties":{"fclass":"residential"},"geometry":{"type":"LineString","coordinates":[[112.93038,28.16271],[112.92986,28.16271],[112.92924,28.1627]]}},{"type":"Feature","properties":{"fclass":"residential"},"geometry":{"type":"LineString","coordinates":[[112.92937,28.16242],[112.92879,28.1622],[112.92863,28.16217],[112.9283,28.16215]]}},{"type":"Feature","properties":{"fclass":"residential"},"geometry":{"type":"LineString","coordinates":[[112.9311,28.16035],[112.93086,28.16049],[112.93079,28.16051],[112.9307,28.16059]]}},{"type":"Feature","properties":{"fclass":"residential"},"geometry":{"type":"LineString","coordinates":[[112.92955,28.16149],[112.93047,28.16148]]}},{"type":"Feature","properties":{"fclass":"residential"},"geometry":{"type":"LineString","coordinates":[[112.93038,28.16244],[112.93104,28.16245],[112.93111,28.16243],[112.93118,28.16239],[112.93125,28.16231],[112.93129,28.16223],[112.93131,28.16215],[112.93131,28.16209]]}},{"type":"Feature","properties":{"fclass":"residential"},"geometry":{"type":"LineString","coordinates":[[112.93018,28.16051],[112.93079,28.16051]]}},{"type":"Feature","properties":{"fclass":"residential"},"geometry":{"type":"LineString","coordinates":[[112.92967,28.16212],[112.92921,28.16186],[112.929,28.1618]]}},{"type":"Feature","properties":{"fclass":"tertiary"},"geometry":{"type":"LineString","coordinates":[[112.93105,28.16863],[112.93125,28.16703],[112.93133,28.16642],[112.93151,28.16498]]}},{"type":"Feature","properties":{"fclass":"residential"},"geometry":{"type":"LineString","coordinates":[[112.93183,28.16261],[112.93174,28.16238],[112.93157,28.16198]]}},{"type":"Feature","properties":{"fclass":"residential"},"geometry":{"type":"LineString","coordinates":[[112.93131,28.16209],[112.93122,28.16209],[112.93105,28.16209],[112.93038,28.16208]]}},{"type":"Feature","properties":{"fclass":"residential"},"geometry":{"type":"LineString","coordinates":[[112.9323,28.16272],[112.93224,28.16271],[112.93192,28.16269],[112.93187,28.16266],[112.93183,28.16261]]}},{"type":"Feature","properties":{"fclass":"residential"},"geometry":{"type":"LineString","coordinates":[[112.93049,28.16088],[112.93114,28.16088]]}},{"type":"Feature","properties":{"fclass":"residential"},"geometry":{"type":"LineString","coordinates":[[112.9307,28.16059],[112.93062,28.16066],[112.93054,28.1608],[112.93049,28.16088],[112.93045,28.16095],[112.93042,28.16109],[112.93042,28.16116],[112.93042,28.16121],[112.93044,28.16135],[112.93047,28.16148]]}},{"type":"Feature","properties":{"fclass":"residential"},"geometry":{"type":"LineString","coordinates":[[112.93037,28.16176],[112.93038,28.16208],[112.93038,28.16244],[112.93038,28.16271]]}},{"type":"Feature","properties":{"fclass":"residential"},"geometry":{"type":"LineString","coordinates":[[112.93173,28.15927],[112.93174,28.15978],[112.93166,28.15979],[112.93167,28.16015],[112.93151,28.16018],[112.93133,28.16024],[112.93118,28.16031],[112.9311,28.16035]]}},{"type":"Feature","properties":{"fclass":"residential"},"geometry":{"type":"LineString","coordinates":[[112.93238,28.16206],[112.93234,28.162],[112.93174,28.16196],[112.93166,28.16197],[112.93157,28.16198]]}},{"type":"Feature","properties":{"fclass":"residential"},"geometry":{"type":"LineString","coordinates":[[112.93164,28.16489],[112.93378,28.16505],[112.93402,28.16507]]}},{"type":"Feature","properties":{"fclass":"residential"},"geometry":{"type":"LineString","coordinates":[[112.92969,28.16379],[112.9297,28.1635],[112.92971,28.16304],[112.92985,28.16304],[112.92986,28.16271]]}},{"type":"Feature","properties":{"fclass":"residential"},"geometry":{"type":"LineString","coordinates":[[112.9314,28.16482],[112.93124,28.16478],[112.93113,28.16474],[112.93103,28.16469],[112.93097,28.16464],[112.93095,28.16452],[112.93101,28.16389]]}},{"type":"Feature","properties":{"fclass":"residential"},"geometry":{"type":"LineString","coordinates":[[112.92943,28.16292],[112.92923,28.16291]]}},{"type":"Feature","properties":{"fclass":"residential"},"geometry":{"type":"LineString","coordinates":[[112.92924,28.1627],[112.92923,28.16291],[112.92924,28.16324]]}},{"type":"Feature","properties":{"fclass":"tertiary"},"geometry":{"type":"LineString","coordinates":[[112.93164,28.16485],[112.93174,28.16481],[112.9319,28.16473],[112.93203,28.16462],[112.9321,28.16453],[112.93212,28.16442],[112.93213,28.16429],[112.93218,28.1638],[112.93218,28.16375],[112.93227,28.163],[112.93228,28.16286],[112.9323,28.16272],[112.93238,28.16206]]}},{"type":"Feature","properties":{"fclass":"residential"},"geometry":{"type":"LineString","coordinates":[[112.92924,28.1627],[112.92937,28.16242],[112.92967,28.16212],[112.92997,28.16188],[112.9302,28.16183],[112.93037,28.16176],[112.93041,28.16174],[112.93054,28.16167],[112.93064,28.16162],[112.93077,28.16158],[112.9313,28.16155]]}},{"type":"Feature","properties":{"fclass":"residential"},"geometry":{"type":"LineString","coordinates":[[112.92969,28.16379],[112.93031,28.16378],[112.93054,28.16377],[112.93058,28.16377],[112.93067,28.16377],[112.93078,28.16378],[112.93086,28.1638],[112.93101,28.16389]]}},{"type":"Feature","properties":{"fclass":"tertiary_link"},"geometry":{"type":"LineString","coordinates":[[112.93151,28.16498],[112.93147,28.16498],[112.93143,28.16496],[112.9314,28.16493],[112.93139,28.16489],[112.93139,28.16484],[112.9314,28.16482],[112.93141,28.1648],[112.93144,28.16478],[112.93149,28.16476],[112.93153,28.16476],[112.93157,28.16477],[112.93161,28.16479],[112.93163,28.16482],[112.93164,28.16485],[112.93164,28.16488],[112.93164,28.16489],[112.93163,28.16493],[112.9316,28.16496],[112.93156,28.16498],[112.93151,28.16498]]}},{"type":"Feature","properties":{"fclass":"residential"},"geometry":{"type":"LineString","coordinates":[[112.92895,28.16378],[112.92904,28.16378],[112.92928,28.16378],[112.92947,28.16379],[112.92969,28.16379]]}},{"type":"Feature","properties":{"fclass":"residential"},"geometry":{"type":"LineString","coordinates":[[112.92982,28.16435],[112.93043,28.16439],[112.9305,28.16443],[112.93058,28.16449],[112.93063,28.16456],[112.9307,28.16462]]}},{"type":"Feature","properties":{"fclass":"residential"},"geometry":{"type":"LineString","coordinates":[[112.93047,28.16148],[112.93054,28.16167]]}},{"type":"Feature","properties":{"fclass":"residential"},"geometry":{"type":"LineString","coordinates":[[112.9307,28.16462],[112.93079,28.1647],[112.93085,28.16475],[112.93093,28.16478],[112.93103,28.16478],[112.93124,28.16478]]}},{"type":"Feature","properties":{"fclass":"residential"},"geometry":{"type":"LineString","coordinates":[[112.93157,28.16198],[112.93144,28.16198],[112.93131,28.16191]]}},{"type":"Feature","properties":{"fclass":"residential"},"geometry":{"type":"LineString","coordinates":[[112.93101,28.16389],[112.93109,28.16384],[112.93117,28.1638],[112.93126,28.16376],[112.93139,28.16375],[112.93178,28.16378],[112.93218,28.1638]]}},{"type":"Feature","properties":{"fclass":"footway"},"geometry":{"type":"LineString","coordinates":[[112.92917,28.16112],[112.92876,28.16147],[112.92864,28.16158],[112.92855,28.16168],[112.92839,28.16183],[112.92827,28.16198],[112.92817,28.16212],[112.92813,28.16218],[112.92806,28.16228],[112.92797,28.16243],[112.92789,28.16257],[112.92783,28.16272],[112.92777,28.16289],[112.92772,28.16303],[112.92769,28.16317],[112.92766,28.16331],[112.92763,28.16344],[112.92762,28.16364],[112.92756,28.16398],[112.92755,28.16406],[112.92747,28.1645],[112.92731,28.16565],[112.92712,28.16706]]}},{"type":"Feature","properties":{"fclass":"secondary"},"geometry":{"type":"LineString","coordinates":[[112.96963,28.18226],[112.96939,28.18232],[112.96916,28.18238],[112.96648,28.1826],[112.96635,28.18261],[112.9633,28.18299],[112.96304,28.18302],[112.96292,28.18304]]}},{"type":"Feature","properties":{"fclass":"tertiary"},"geometry":{"type":"LineString","coordinates":[[112.96977,28.18208],[112.9698,28.18221],[112.96987,28.18251],[112.97005,28.18327],[112.97031,28.18434],[112.97047,28.185],[112.97052,28.1852],[112.97053,28.18525],[112.97063,28.18609],[112.97066,28.18638],[112.97061,28.18706]]}},{"type":"Feature","properties":{"fclass":"secondary"},"geometry":{"type":"LineString","coordinates":[[112.99526,28.16939],[112.99458,28.16996],[112.99414,28.17034],[112.9936,28.17068],[112.99156,28.17165],[112.98976,28.1725],[112.98927,28.17276],[112.98907,28.17282],[112.98871,28.1729],[112.98685,28.17328],[112.9868,28.17329],[112.98484,28.17367],[112.98454,28.17375],[112.9839,28.17392],[112.98316,28.17417],[112.98163,28.1749],[112.98047,28.17545],[112.98031,28.17552],[112.97986,28.17576],[112.97955,28.1759]]}},{"type":"Feature","properties":{"fclass":"secondary"},"geometry":{"type":"LineString","coordinates":[[112.97952,28.17569],[112.97983,28.17557],[112.98023,28.1754],[112.98042,28.17531],[112.98156,28.17478],[112.98311,28.17403],[112.98363,28.17383],[112.9841,28.17369],[112.98426,28.17363],[112.98725,28.17309],[112.98869,28.17277],[112.98903,28.1727],[112.98924,28.17264],[112.98957,28.1725],[112.99283,28.1709],[112.99374,28.17046],[112.99425,28.17009],[112.99512,28.16933]]}},{"type":"Feature","properties":{"fclass":"secondary"},"geometry":{"type":"LineString","coordinates":[[112.96996,28.18202],[112.97005,28.18198],[112.97012,28.18195],[112.97021,28.1819],[112.97034,28.18179],[112.97109,28.18114],[112.97175,28.18051],[112.972,28.18027],[112.97252,28.17975],[112.97282,28.17946],[112.97356,28.17878],[112.9745,28.17811],[112.9754,28.1776],[112.97638,28.17716],[112.97685,28.17693],[112.97791,28.17641],[112.97898,28.17592],[112.97902,28.17591],[112.97952,28.17569]]}},{"type":"Feature","properties":{"fclass":"secondary"},"geometry":{"type":"LineString","coordinates":[[112.99512,28.16933],[112.99557,28.16874],[112.99684,28.16664],[112.99725,28.1662],[112.99732,28.1661]]}},{"type":"Feature","properties":{"fclass":"tertiary"},"geometry":{"type":"LineString","coordinates":[[112.96715,28.19373],[112.96688,28.19293],[112.9667,28.19258],[112.96648,28.19213]]}},{"type":"Feature","properties":{"fclass":"secondary"},"geometry":{"type":"LineString","coordinates":[[112.9714,28.19174],[112.97296,28.19169],[112.97346,28.19162],[112.97356,28.1916],[112.97476,28.19132],[112.97489,28.19128],[112.97507,28.19123],[112.97535,28.19114]]}},{"type":"Feature","properties":{"fclass":"residential"},"geometry":{"type":"LineString","coordinates":[[112.96651,28.19387],[112.96663,28.19422],[112.96671,28.19464]]}},{"type":"Feature","properties":{"fclass":"residential"},"geometry":{"type":"LineString","coordinates":[[112.96709,28.19458],[112.96683,28.1938]]}},{"type":"Feature","properties":{"fclass":"residential"},"geometry":{"type":"LineString","coordinates":[[112.97002,28.18962],[112.96969,28.18966],[112.96932,28.1897],[112.96949,28.1908]]}},{"type":"Feature","properties":{"fclass":"residential"},"geometry":{"type":"LineString","coordinates":[[112.96581,28.18869],[112.96556,28.18846],[112.96518,28.18817],[112.96496,28.18793]]}},{"type":"Feature","properties":{"fclass":"residential"},"geometry":{"type":"LineString","coordinates":[[112.96753,28.19365],[112.9674,28.19306],[112.96755,28.19303]]}},{"type":"Feature","properties":{"fclass":"residential"},"geometry":{"type":"LineString","coordinates":[[112.96855,28.19171],[112.96834,28.19128],[112.96812,28.19087],[112.96805,28.1908],[112.96786,28.19071],[112.9677,28.1904],[112.96698,28.19071]]}},{"type":"Feature","properties":{"fclass":"residential"},"geometry":{"type":"LineString","coordinates":[[112.96823,28.18923],[112.96803,28.18934],[112.96771,28.18945],[112.96715,28.18971],[112.96667,28.1899],[112.96632,28.19001],[112.96601,28.1901],[112.96569,28.19018],[112.96524,28.19024],[112.96478,28.19026]]}},{"type":"Feature","properties":{"fclass":"residential"},"geometry":{"type":"LineString","coordinates":[[112.96879,28.1944],[112.96783,28.19448],[112.96709,28.19458],[112.96671,28.19464],[112.9661,28.19472],[112.96599,28.19475],[112.96567,28.19482],[112.96532,28.19493],[112.96522,28.19505],[112.96485,28.19512],[112.96443,28.19514]]}},{"type":"Feature","properties":{"fclass":"residential"},"geometry":{"type":"LineString","coordinates":[[112.96811,28.18883],[112.96869,28.18868],[112.96899,28.18863],[112.96953,28.18855]]}},{"type":"Feature","properties":{"fclass":"residential"},"geometry":{"type":"LineString","coordinates":[[112.97022,28.19332],[112.96925,28.19338],[112.96829,28.1935],[112.96763,28.19363],[112.96753,28.19365],[112.96715,28.19373],[112.96683,28.1938],[112.96651,28.19387],[112.9661,28.19396],[112.96584,28.19402],[112.9651,28.19419],[112.9643,28.19436]]}},{"type":"Feature","properties":{"fclass":"secondary_link"},"geometry":{"type":"LineString","coordinates":[[113.00345,28.18853],[113.0028,28.18855],[113.00271,28.18854]]}},{"type":"Feature","properties":{"fclass":"secondary"},"geometry":{"type":"LineString","coordinates":[[112.97535,28.19114],[112.97681,28.19069],[112.97849,28.19008],[112.97975,28.18961]]}},{"type":"Feature","properties":{"fclass":"residential"},"geometry":{"type":"LineString","coordinates":[[112.97024,28.19413],[112.96934,28.19414],[112.96877,28.1942],[112.96879,28.1944],[112.96884,28.19503],[112.96886,28.19513]]}},{"type":"Feature","properties":{"fclass":"residential"},"geometry":{"type":"LineString","coordinates":[[112.96938,28.1875],[112.96884,28.18755],[112.96808,28.18766],[112.96783,28.18778]]}},{"type":"Feature","properties":{"fclass":"residential"},"geometry":{"type":"LineString","coordinates":[[112.96934,28.19414],[112.96929,28.1938],[112.96925,28.19338]]}},{"type":"Feature","properties":{"fclass":"residential"},"geometry":{"type":"LineString","coordinates":[[112.97126,28.19163],[112.97194,28.19162],[112.97304,28.19161],[112.97326,28.1916],[112.97356,28.1916]]}},{"type":"Feature","properties":{"fclass":"residential"},"geometry":{"type":"LineString","coordinates":[[112.96688,28.19293],[112.96823,28.19258],[112.96831,28.19256],[112.96874,28.19247],[112.96882,28.19247],[112.96947,28.19237],[112.9698,28.19236],[112.97021,28.19235]]}},{"type":"Feature","properties":{"fclass":"residential"},"geometry":{"type":"LineString","coordinates":[[112.96969,28.18966],[112.96969,28.18963],[112.96953,28.18855]]}},{"type":"Feature","properties":{"fclass":"residential"},"geometry":{"type":"LineString","coordinates":[[112.96989,28.19503],[112.96985,28.19694],[112.96994,28.19743],[112.96992,28.19791],[112.96977,28.19858],[112.96975,28.1987]]}},{"type":"Feature","properties":{"fclass":"secondary_link"},"geometry":{"type":"LineString","coordinates":[[113.00258,28.18844],[113.00287,28.18835],[113.00345,28.18831]]}},{"type":"Feature","properties":{"fclass":"residential"},"geometry":{"type":"LineString","coordinates":[[112.96829,28.1935],[112.96821,28.19293]]}},{"type":"Feature","properties":{"fclass":"residential"},"geometry":{"type":"LineString","coordinates":[[112.96803,28.18934],[112.96817,28.1896],[112.96825,28.18975],[112.96819,28.19002],[112.96814,28.19024],[112.96819,28.19047],[112.96819,28.1907],[112.96805,28.1908]]}},{"type":"Feature","properties":{"fclass":"residential"},"geometry":{"type":"LineString","coordinates":[[112.96783,28.18778],[112.96747,28.18786],[112.96686,28.18804],[112.96632,28.18823],[112.96606,28.18838],[112.96581,28.18869],[112.96564,28.18883],[112.96531,28.18903],[112.96493,28.18926],[112.9647,28.18942],[112.96465,28.18954],[112.96474,28.18986],[112.96476,28.19007],[112.96478,28.19026],[112.96478,28.1904],[112.96484,28.19061],[112.96486,28.19082],[112.96484,28.191],[112.96449,28.19101],[112.96429,28.19104],[112.96421,28.19119],[112.96419,28.19141],[112.9642,28.19173]]}},{"type":"Feature","properties":{"fclass":"secondary"},"geometry":{"type":"LineString","coordinates":[[112.97015,28.19176],[112.9714,28.19174]]}},{"type":"Feature","properties":{"fclass":"residential"},"geometry":{"type":"LineString","coordinates":[[112.97021,28.19235],[112.97022,28.19326],[112.97022,28.19332],[112.97024,28.19413],[112.97024,28.1949],[112.97026,28.195]]}},{"type":"Feature","properties":{"fclass":"residential"},"geometry":{"type":"LineString","coordinates":[[112.96823,28.18923],[112.96811,28.18883],[112.96805,28.18861],[112.96794,28.18821],[112.96783,28.18778]]}},{"type":"Feature","properties":{"fclass":"residential"},"geometry":{"type":"LineString","coordinates":[[112.96835,28.19181],[112.96855,28.19171],[112.9697,28.19167],[112.97024,28.19166],[112.97025,28.19199]]}},{"type":"Feature","properties":{"fclass":"residential"},"geometry":{"type":"LineString","coordinates":[[112.96557,28.19108],[112.9656,28.19143],[112.96566,28.19188]]}},{"type":"Feature","properties":{"fclass":"residential"},"geometry":{"type":"LineString","coordinates":[[112.96727,28.19132],[112.96719,28.19111],[112.96698,28.19071],[112.96669,28.19023]]}},{"type":"Feature","properties":{"fclass":"unclassified"},"geometry":{"type":"LineString","coordinates":[[112.96643,28.19187],[112.96635,28.19132],[112.96616,28.19053],[112.96601,28.1901],[112.96569,28.18957],[112.96531,28.18903],[112.96511,28.1888],[112.96473,28.1886],[112.96445,28.1885],[112.96418,28.18852],[112.96424,28.18887],[112.9642,28.18904],[112.96404,28.18942],[112.96394,28.18952],[112.96395,28.19003],[112.96396,28.19033],[112.96397,28.19047],[112.96395,28.19135],[112.96391,28.1919],[112.9639,28.19199],[112.96379,28.19256],[112.96366,28.19347],[112.96348,28.1944],[112.96326,28.19544],[112.96327,28.19549],[112.96348,28.19685],[112.96363,28.19754],[112.96377,28.19774],[112.96393,28.19787],[112.96409,28.19793],[112.96465,28.19824],[112.9648,28.19838],[112.96487,28.19851],[112.96493,28.19864]]}},{"type":"Feature","properties":{"fclass":"secondary"},"geometry":{"type":"LineString","coordinates":[[112.97975,28.18961],[112.98004,28.18956],[112.98067,28.18939],[112.98119,28.18926],[112.9814,28.18922],[112.98173,28.18919],[112.98313,28.18922],[112.98403,28.18923],[112.98732,28.18933],[112.98744,28.18934],[112.98848,28.18934],[112.98959,28.18928],[112.99177,28.18911],[112.99195,28.18909],[112.99429,28.18889],[112.99666,28.18874],[112.99682,28.18873],[112.999,28.1886],[112.9991,28.18859],[113.00127,28.1885],[113.00138,28.1885],[113.00258,28.18844],[113.00345,28.1884]]}},{"type":"Feature","properties":{"fclass":"residential"},"geometry":{"type":"LineString","coordinates":[[112.96667,28.1899],[112.96654,28.18966],[112.96641,28.18912]]}},{"type":"Feature","properties":{"fclass":"residential"},"geometry":{"type":"LineString","coordinates":[[112.97025,28.19199],[112.96979,28.19199],[112.96876,28.19198],[112.96864,28.19196],[112.96842,28.19189]]}},{"type":"Feature","properties":{"fclass":"residential"},"geometry":{"type":"LineString","coordinates":[[112.97349,28.1917],[112.97321,28.19183],[112.97292,28.19185],[112.97213,28.19188],[112.97129,28.19191],[112.97126,28.19163]]}},{"type":"Feature","properties":{"fclass":"secondary"},"geometry":{"type":"LineString","coordinates":[[112.98408,28.18423],[112.98463,28.184],[112.98485,28.18393],[112.98521,28.18386],[112.98543,28.18384],[112.98565,28.18384],[112.98769,28.18404],[112.98817,28.18407],[112.98846,28.18407],[112.98868,28.18406],[112.98887,28.18403],[112.98923,28.18397],[112.9897,28.18389],[112.98993,28.18385],[112.99011,28.18381],[112.99025,28.18377],[112.99038,28.18371],[112.99048,28.18365]]}},{"type":"Feature","properties":{"fclass":"residential"},"geometry":{"type":"LineString","coordinates":[[112.99549,28.17642],[112.99565,28.17641],[112.99731,28.17639],[112.99738,28.17629],[112.99741,28.17505],[112.99744,28.17389],[112.99743,28.17381],[112.99737,28.17365],[112.99713,28.17306],[112.99707,28.17291],[112.9969,28.17248],[112.99684,28.17233],[112.99669,28.17207],[112.99661,28.17192]]}},{"type":"Feature","properties":{"fclass":"tertiary"},"geometry":{"type":"LineString","coordinates":[[112.97966,28.17329],[112.97973,28.17424],[112.9798,28.17501],[112.97981,28.17516],[112.97983,28.17557]]}},{"type":"Feature","properties":{"fclass":"residential"},"geometry":{"type":"LineString","coordinates":[[112.9796,28.18989],[112.97866,28.19022],[112.97843,28.1903],[112.97778,28.19052],[112.97692,28.19083],[112.97613,28.19112],[112.97548,28.1913],[112.97528,28.19138]]}},{"type":"Feature","properties":{"fclass":"primary_link"},"geometry":{"type":"LineString","coordinates":[[113.00224,28.17356],[113.00241,28.17352],[113.00321,28.17347]]}},{"type":"Feature","properties":{"fclass":"secondary"},"geometry":{"type":"LineString","coordinates":[[112.99048,28.18365],[112.99077,28.18346],[112.99083,28.18342],[112.99125,28.18316],[112.99139,28.18308],[112.9932,28.18224],[112.99534,28.18118],[112.99548,28.18112],[112.99611,28.18083],[112.99785,28.17999],[112.99841,28.1797],[112.99927,28.17924],[112.99979,28.17898],[113.00013,28.17875],[113.00044,28.1786],[113.00085,28.17851],[113.00329,28.17863]]}},{"type":"Feature","properties":{"fclass":"tertiary"},"geometry":{"type":"LineString","coordinates":[[112.99589,28.19401],[112.99596,28.1932],[112.99623,28.19157],[112.99655,28.18959],[112.99665,28.18886],[112.99666,28.18874],[112.99666,28.18823],[112.99669,28.18564],[112.99665,28.185],[112.99651,28.18439],[112.99642,28.18412],[112.99618,28.18344],[112.99581,28.18236],[112.99537,28.18126],[112.99534,28.18118],[112.99515,28.18063],[112.99509,28.18014],[112.99515,28.17962],[112.99523,28.17942],[112.99546,28.17882],[112.99577,28.17794],[112.9958,28.17757],[112.99575,28.17733],[112.99549,28.17642],[112.99519,28.17533],[112.99519,28.17531],[112.99506,28.17478],[112.99509,28.17438],[112.99523,28.17396],[112.99526,28.17388],[112.99561,28.17314],[112.99636,28.17232],[112.99661,28.17192],[112.99674,28.17155],[112.99673,28.17056],[112.99675,28.16952],[112.99684,28.16773],[112.99684,28.16694],[112.99684,28.16664]]}},{"type":"Feature","properties":{"fclass":"tertiary"},"geometry":{"type":"LineString","coordinates":[[112.98001,28.17857],[112.9799,28.17832],[112.97981,28.17786],[112.9797,28.17715],[112.97964,28.17646],[112.97962,28.17631],[112.97955,28.1759],[112.97952,28.17569],[112.97952,28.17519],[112.97952,28.17515],[112.97942,28.17389],[112.97939,28.1733],[112.97948,28.17299]]}},{"type":"Feature","properties":{"fclass":"residential"},"geometry":{"type":"LineString","coordinates":[[113.0028,28.18855],[113.00276,28.18962],[113.00276,28.19027],[113.00275,28.19082],[113.00274,28.1913],[113.00274,28.19165],[113.0028,28.1918],[113.00291,28.19194],[113.00304,28.19209],[113.0031,28.19216],[113.0031,28.19249],[113.0016,28.19245],[113.00151,28.191]]}},{"type":"Feature","properties":{"fclass":"residential"},"geometry":{"type":"LineString","coordinates":[[113.00348,28.19029],[113.00276,28.19027],[113.0014,28.19029],[113.00125,28.19029]]}},{"type":"Feature","properties":{"fclass":"residential"},"geometry":{"type":"LineString","coordinates":[[112.97701,28.19443],[112.97698,28.19433],[112.97682,28.19366],[112.9768,28.19348],[112.97684,28.1933],[112.97681,28.19317],[112.9767,28.19261],[112.97665,28.19243],[112.97662,28.1923],[112.97643,28.19188]]}},{"type":"Feature","properties":{"fclass":"residential"},"geometry":{"type":"LineString","coordinates":[[112.97084,28.19286],[112.97224,28.19283],[112.97241,28.19293],[112.97266,28.1937],[112.97271,28.19386],[112.97281,28.19443],[112.97288,28.19477],[112.9729,28.19487]]}},{"type":"Feature","properties":{"fclass":"residential"},"geometry":{"type":"LineString","coordinates":[[112.97215,28.19387],[112.97219,28.1948],[112.97221,28.1949]]}},{"type":"Feature","properties":{"fclass":"secondary"},"geometry":{"type":"LineString","coordinates":[[112.98096,28.19409],[112.98002,28.19404],[112.97935,28.19405],[112.97912,28.19409],[112.97763,28.19431]]}},{"type":"Feature","properties":{"fclass":"primary"},"geometry":{"type":"LineString","coordinates":[[113.00243,28.17365],[113.00219,28.17365],[113.00153,28.17367],[113.00092,28.1737],[112.99881,28.17382],[112.99744,28.17389],[112.99559,28.174],[112.99537,28.17397],[112.99523,28.17396]]}},{"type":"Feature","properties":{"fclass":"residential"},"geometry":{"type":"LineString","coordinates":[[112.97787,28.19412],[112.97772,28.19372],[112.97754,28.19339],[112.97738,28.19318],[112.97684,28.1933]]}},{"type":"Feature","properties":{"fclass":"residential"},"geometry":{"type":"LineString","coordinates":[[112.99929,28.20556],[112.99968,28.20507],[112.99989,28.20473],[113.0001,28.20463],[113.00052,28.2045],[113.00068,28.20434]]}},{"type":"Feature","properties":{"fclass":"residential"},"geometry":{"type":"LineString","coordinates":[[112.99859,28.18049],[112.99858,28.18053],[112.99857,28.18064],[112.99853,28.18107],[112.9985,28.18134],[112.99846,28.18165],[112.99843,28.18176],[112.99839,28.18195]]}},{"type":"Feature","properties":{"fclass":"residential"},"geometry":{"type":"LineString","coordinates":[[112.97219,28.19205],[112.97208,28.19218],[112.97187,28.19222]]}},{"type":"Feature","properties":{"fclass":"secondary"},"geometry":{"type":"LineString","coordinates":[[112.99128,28.19415],[112.99172,28.19407],[112.99589,28.19401],[112.99605,28.194],[112.99866,28.19395],[113.00127,28.19395],[113.00138,28.19395],[113.00268,28.19398],[113.00354,28.19398]]}},{"type":"Feature","properties":{"fclass":"residential"},"geometry":{"type":"LineString","coordinates":[[112.99882,28.18197],[112.99881,28.18212],[112.99881,28.18231],[112.99881,28.18237],[112.9988,28.18248],[112.99882,28.18264],[112.99884,28.18275],[112.99886,28.1829],[112.99887,28.18299],[112.99889,28.18308],[112.99888,28.1832],[112.99886,28.18353],[112.99883,28.18386],[112.99875,28.18442],[112.99868,28.18501],[112.99867,28.18514]]}},{"type":"Feature","properties":{"fclass":"residential"},"geometry":{"type":"LineString","coordinates":[[112.97241,28.19293],[112.97257,28.19288],[112.97289,28.1928],[112.9733,28.19272]]}},{"type":"Feature","properties":{"fclass":"primary"},"geometry":{"type":"LineString","coordinates":[[112.98002,28.1782],[112.97997,28.17765],[112.97978,28.17629],[112.97972,28.17565],[112.97961,28.17446],[112.97954,28.17326]]}},{"type":"Feature","properties":{"fclass":"secondary"},"geometry":{"type":"LineString","coordinates":[[112.97955,28.1759],[112.97919,28.17608],[112.97901,28.17616],[112.97756,28.17686],[112.97698,28.17714],[112.97649,28.17737],[112.97558,28.17778],[112.97465,28.17827],[112.97376,28.17891],[112.97303,28.17959],[112.97192,28.18064],[112.97136,28.18119],[112.97075,28.18167],[112.97025,28.18204],[112.97019,28.18208],[112.97012,28.18211],[112.9698,28.18221],[112.96963,28.18226]]}},{"type":"Feature","properties":{"fclass":"tertiary"},"geometry":{"type":"LineString","coordinates":[[112.97983,28.17557],[112.97986,28.17576],[112.9799,28.17629],[112.98002,28.17719],[112.98012,28.17823],[112.98016,28.17854]]}},{"type":"Feature","properties":{"fclass":"residential"},"geometry":{"type":"LineString","coordinates":[[112.97266,28.1937],[112.97215,28.19387],[112.97087,28.19388]]}},{"type":"Feature","properties":{"fclass":"primary_link"},"geometry":{"type":"LineString","coordinates":[[113.00321,28.17365],[113.00239,28.17368],[113.00219,28.17365]]}},{"type":"Feature","properties":{"fclass":"residential"},"geometry":{"type":"LineString","coordinates":[[112.97213,28.19188],[112.97219,28.19205],[112.97223,28.19219],[112.97248,28.19232],[112.97253,28.19261],[112.97257,28.19288]]}},{"type":"Feature","properties":{"fclass":"residential"},"geometry":{"type":"LineString","coordinates":[[112.97778,28.19052],[112.97789,28.19077],[112.97794,28.19089],[112.97797,28.19105],[112.97796,28.19123],[112.97793,28.19141],[112.97792,28.19147],[112.97788,28.19157],[112.97787,28.1917],[112.97788,28.19185],[112.97793,28.19201]]}},{"type":"Feature","properties":{"fclass":"residential"},"geometry":{"type":"LineString","coordinates":[[112.99611,28.18083],[112.99614,28.1809],[112.99623,28.18112],[112.99629,28.1813],[112.99642,28.1816],[112.99654,28.18177],[112.9967,28.18186],[112.99696,28.18189],[112.99767,28.18191],[112.99839,28.18195],[112.99882,28.18197],[112.99958,28.18203],[112.99971,28.18197],[113.00015,28.18158],[113.00044,28.18133],[113.00071,28.18109]]}},{"type":"Feature","properties":{"fclass":"residential"},"geometry":{"type":"LineString","coordinates":[[112.99971,28.18197],[112.99937,28.18134],[112.99899,28.1808],[112.99859,28.18049],[112.99804,28.18028],[112.99791,28.18007]]}},{"type":"Feature","properties":{"fclass":"primary"},"geometry":{"type":"LineString","coordinates":[[112.9808,28.19798],[112.98124,28.19694]]}},{"type":"Feature","properties":{"fclass":"secondary"},"geometry":{"type":"LineString","coordinates":[[112.97639,28.18665],[112.97686,28.18665],[112.97705,28.18665],[112.97721,28.18663],[112.97736,28.18661],[112.97768,28.18656],[112.97816,28.18647]]}},{"type":"Feature","properties":{"fclass":"primary_link"},"geometry":{"type":"LineString","coordinates":[[112.98011,28.19033],[112.98036,28.19038],[112.9808,28.19072],[112.98093,28.19073],[112.98137,28.19061]]}},{"type":"Feature","properties":{"fclass":"residential"},"geometry":{"type":"LineString","coordinates":[[112.97446,28.18672],[112.97446,28.18635],[112.97449,28.18599],[112.97451,28.18556],[112.97447,28.18469],[112.97447,28.18405],[112.97455,28.1836],[112.9747,28.18328],[112.97487,28.18301]]}},{"type":"Feature","properties":{"fclass":"tertiary"},"geometry":{"type":"LineString","coordinates":[[112.98306,28.19821],[112.983,28.19838],[112.98297,28.19847],[112.98283,28.19885],[112.9826,28.19972],[112.9825,28.20052],[112.98248,28.20098],[112.98254,28.20124],[112.98258,28.20141],[112.98262,28.20147]]}},{"type":"Feature","properties":{"fclass":"secondary"},"geometry":{"type":"LineString","coordinates":[[112.97816,28.18647],[112.9784,28.18639],[112.97858,28.18635],[112.97878,28.18632],[112.9791,28.18628],[112.97952,28.18625],[112.98,28.18623],[112.98019,28.18621],[112.98037,28.18613],[112.98068,28.18596],[112.98091,28.18579],[112.98107,28.18569],[112.98188,28.18519],[112.98266,28.1848],[112.9836,28.18441],[112.98408,28.18423]]}},{"type":"Feature","properties":{"fclass":"primary_link"},"geometry":{"type":"LineString","coordinates":[[112.98152,28.1917],[112.98109,28.19128],[112.98064,28.19087],[112.98048,28.19063]]}},{"type":"Feature","properties":{"fclass":"tertiary"},"geometry":{"type":"LineString","coordinates":[[112.96534,28.17719],[112.96548,28.17721],[112.96668,28.17741],[112.96738,28.17758],[112.96784,28.17773],[112.96825,28.17796],[112.97175,28.18051],[112.97192,28.18064],[112.97252,28.18107],[112.97304,28.18144],[112.97405,28.18222],[112.9748,28.18295],[112.97487,28.18301],[112.97558,28.18364],[112.976,28.1842],[112.97646,28.18506],[112.97669,28.18549],[112.97691,28.18591],[112.97707,28.18622],[112.97722,28.18651],[112.97734,28.18675],[112.9777,28.18749],[112.97774,28.18756],[112.97778,28.18763],[112.97797,28.18802],[112.97837,28.18866],[112.97879,28.18918],[112.97928,28.18956],[112.97935,28.18962]]}},{"type":"Feature","properties":{"fclass":"tertiary"},"geometry":{"type":"LineString","coordinates":[[112.98117,28.19106],[112.98187,28.19146]]}},{"type":"Feature","properties":{"fclass":"primary"},"geometry":{"type":"LineString","coordinates":[[112.98044,28.19875],[112.9808,28.19798]]}},{"type":"Feature","properties":{"fclass":"primary"},"geometry":{"type":"LineString","coordinates":[[112.9912,28.19508],[112.99116,28.19571],[112.9912,28.1961],[112.99131,28.19746]]}},{"type":"Feature","properties":{"fclass":"primary_link"},"geometry":{"type":"LineString","coordinates":[[112.99156,28.2002],[112.99146,28.19993]]}},{"type":"Feature","properties":{"fclass":"primary"},"geometry":{"type":"LineString","coordinates":[[112.9911,28.19616],[112.991,28.19513],[112.99103,28.19478],[112.99108,28.19425],[112.99109,28.19418],[112.99134,28.19221],[112.99147,28.19138],[112.9916,28.19061],[112.99175,28.18922],[112.99177,28.18911],[112.9918,28.18846],[112.99178,28.18779],[112.99168,28.18698],[112.9916,28.18634],[112.99144,28.18486],[112.99135,28.18388],[112.99126,28.18327],[112.99125,28.18316],[112.99121,28.18279],[112.99089,28.17964],[112.99079,28.17876],[112.99071,28.178],[112.99063,28.17716],[112.99047,28.17633],[112.99026,28.17555],[112.99019,28.1753]]}},{"type":"Feature","properties":{"fclass":"primary"},"geometry":{"type":"LineString","coordinates":[[112.99167,28.20098],[112.99165,28.20087],[112.99156,28.2002]]}},{"type":"Feature","properties":{"fclass":"primary"},"geometry":{"type":"LineString","coordinates":[[112.98867,28.16931],[112.98871,28.1699],[112.98878,28.17083],[112.98892,28.17154],[112.98909,28.17219],[112.98911,28.17229],[112.98924,28.17264],[112.98927,28.17276],[112.98946,28.17321],[112.98954,28.17339],[112.98974,28.1739],[112.99026,28.17517],[112.99039,28.17551]]}},{"type":"Feature","properties":{"fclass":"primary_link"},"geometry":{"type":"LineString","coordinates":[[112.99085,28.19795],[112.99097,28.19789],[112.99102,28.19786],[112.99108,28.1978],[112.99113,28.19774],[112.99117,28.19769],[112.99118,28.19764],[112.99102,28.19619]]}},{"type":"Feature","properties":{"fclass":"trunk"},"geometry":{"type":"LineString","coordinates":[[112.98923,28.19799],[112.99037,28.19797],[112.99085,28.19795],[112.9913,28.19793],[112.99139,28.19793],[112.99192,28.1979],[112.99277,28.19785]]}},{"type":"Feature","properties":{"fclass":"trunk"},"geometry":{"type":"LineString","coordinates":[[112.98929,28.19809],[112.98642,28.19821],[112.98633,28.19822],[112.983,28.19838],[112.98127,28.19843],[112.9807,28.19845],[112.98043,28.19846],[112.98011,28.19847],[112.97922,28.19849],[112.97858,28.19851],[112.97635,28.19858],[112.97555,28.19862],[112.97541,28.19862],[112.97359,28.19872],[112.97329,28.19872],[112.97275,28.19874]]}},{"type":"Feature","properties":{"fclass":"primary_link"},"geometry":{"type":"LineString","coordinates":[[112.99102,28.19619],[112.99101,28.19606],[112.99095,28.19565],[112.991,28.19513]]}},{"type":"Feature","properties":{"fclass":"primary"},"geometry":{"type":"LineString","coordinates":[[112.99019,28.1753],[112.98991,28.17466],[112.98946,28.17355],[112.9893,28.17312],[112.98899,28.17229],[112.9888,28.1716],[112.98865,28.17079],[112.98858,28.16989]]}},{"type":"Feature","properties":{"fclass":"primary_link"},"geometry":{"type":"LineString","coordinates":[[112.99193,28.19801],[112.99181,28.19804],[112.99173,28.19808],[112.99167,28.19812],[112.99161,28.19819],[112.99156,28.19824],[112.99154,28.19829],[112.99153,28.19836],[112.9917,28.19986]]}},{"type":"Feature","properties":{"fclass":"primary"},"geometry":{"type":"LineString","coordinates":[[112.99026,28.17555],[112.99002,28.17523],[112.9897,28.1745],[112.98946,28.17395],[112.98922,28.1732],[112.98907,28.17282],[112.98903,28.1727],[112.98894,28.17233],[112.98893,28.17231],[112.9887,28.1715],[112.98853,28.17079],[112.98849,28.16994],[112.98847,28.16928]]}},{"type":"Feature","properties":{"fclass":"trunk"},"geometry":{"type":"LineString","coordinates":[[112.99277,28.19785],[112.99612,28.19771],[112.99619,28.19771],[112.99829,28.19762],[112.99902,28.19759],[113.00133,28.19752],[113.00145,28.19752],[113.0036,28.19746]]}},{"type":"Feature","properties":{"fclass":"trunk"},"geometry":{"type":"LineString","coordinates":[[112.99278,28.19797],[112.99193,28.19801],[112.9914,28.19803],[112.99132,28.19803],[112.99085,28.19805],[112.98929,28.19809]]}},{"type":"Feature","properties":{"fclass":"primary"},"geometry":{"type":"LineString","coordinates":[[112.99131,28.19746],[112.99134,28.19759],[112.99142,28.19831],[112.99144,28.19848]]}},{"type":"Feature","properties":{"fclass":"primary"},"geometry":{"type":"LineString","coordinates":[[112.99023,28.17523],[112.99039,28.17551],[112.99056,28.17618],[112.99058,28.17628],[112.99077,28.17718],[112.99081,28.17756],[112.99092,28.17875],[112.99103,28.17964],[112.99126,28.18179],[112.99139,28.18308],[112.99141,28.1832],[112.99159,28.18483],[112.99175,28.1863],[112.99182,28.18697],[112.99191,28.18775],[112.99197,28.18852],[112.99195,28.18909],[112.99193,28.18921],[112.99172,28.19063],[112.99147,28.19224],[112.99128,28.19415],[112.99127,28.19423],[112.9912,28.19508]]}},{"type":"Feature","properties":{"fclass":"residential"},"geometry":{"type":"LineString","coordinates":[[112.98867,28.16931],[112.98847,28.16928],[112.98839,28.16928],[112.98713,28.16927],[112.98649,28.16926],[112.98607,28.16925],[112.98579,28.16927]]}},{"type":"Feature","properties":{"fclass":"tertiary"},"geometry":{"type":"LineString","coordinates":[[112.99829,28.19762],[112.9983,28.19776],[112.99836,28.19904],[112.99839,28.1998],[112.99843,28.20057]]}},{"type":"Feature","properties":{"fclass":"tertiary"},"geometry":{"type":"LineString","coordinates":[[112.98693,28.20713],[112.98696,28.20682],[112.98699,28.20649],[112.98694,28.20622],[112.98674,28.20584],[112.98642,28.20524],[112.98619,28.20463],[112.98604,28.20398],[112.98591,28.20303],[112.98574,28.20177],[112.98574,28.20132],[112.98575,28.20121],[112.9861,28.19952],[112.98633,28.19822],[112.98632,28.19808]]}},{"type":"Feature","properties":{"fclass":"secondary"},"geometry":{"type":"LineString","coordinates":[[112.98231,28.20155],[112.97921,28.20175]]}},{"type":"Feature","properties":{"fclass":"secondary"},"geometry":{"type":"LineString","coordinates":[[112.97921,28.20175],[112.97873,28.20182]]}},{"type":"Feature","properties":{"fclass":"service"},"geometry":{"type":"LineString","coordinates":[[112.95635,28.18697],[112.95531,28.18697]]}},{"type":"Feature","properties":{"fclass":"service"},"geometry":{"type":"LineString","coordinates":[[112.96037,28.21015],[112.96016,28.2088],[112.95999,28.20759],[112.95985,28.20651],[112.95974,28.20578],[112.95955,28.20508],[112.95925,28.20413],[112.95907,28.20394],[112.9589,28.20385],[112.95876,28.20377],[112.95853,28.20333],[112.95852,28.20285],[112.95848,28.20221],[112.95839,28.20175],[112.95821,28.20105],[112.9579,28.20019],[112.95774,28.19958],[112.95756,28.19873],[112.95739,28.19782],[112.95726,28.1969],[112.95717,28.19601],[112.95715,28.19585],[112.95709,28.19555],[112.95706,28.19532],[112.95682,28.194],[112.95665,28.19249],[112.95654,28.19176],[112.95643,28.19053],[112.95647,28.18995],[112.95634,28.18846],[112.95635,28.18697],[112.95638,28.18658],[112.95646,28.18622],[112.95649,28.18573],[112.95651,28.18551],[112.95652,28.18461],[112.95639,28.18285],[112.95632,28.18125],[112.95628,28.18029],[112.95624,28.17931],[112.95621,28.17761],[112.95613,28.17633],[112.9561,28.17587],[112.9561,28.17583],[112.95602,28.17488],[112.95599,28.1745],[112.95599,28.17445],[112.95585,28.17325],[112.95574,28.17274],[112.95564,28.17194],[112.95561,28.17166],[112.95555,28.17142],[112.95547,28.17108],[112.95545,28.17099],[112.95534,28.17049],[112.95526,28.17013],[112.95502,28.16953],[112.95483,28.16907],[112.95467,28.16901],[112.95452,28.16906],[112.95443,28.16936],[112.95443,28.16977],[112.95436,28.17021],[112.9543,28.17059],[112.95423,28.17111],[112.95416,28.1718],[112.95417,28.17225],[112.95414,28.17253],[112.95418,28.17355],[112.95427,28.17447],[112.95429,28.17469],[112.95433,28.17511],[112.95437,28.17553],[112.95444,28.17631],[112.95446,28.17653],[112.95454,28.17736],[112.9546,28.17842],[112.95474,28.17993],[112.9548,28.18078],[112.95485,28.18142],[112.95495,28.18269],[112.95513,28.1843],[112.95519,28.18508],[112.95524,28.18572],[112.95531,28.18646],[112.95531,28.18697],[112.9554,28.18849],[112.95553,28.19005],[112.9556,28.1909],[112.95556,28.1924],[112.95548,28.19319],[112.95544,28.19395],[112.95535,28.1948],[112.95536,28.19523],[112.95551,28.19595],[112.95563,28.19687],[112.95568,28.19705]]}},{"type":"Feature","properties":{"fclass":"residential"},"geometry":{"type":"LineString","coordinates":[[112.95726,28.1969],[112.9569,28.19728],[112.95683,28.19748],[112.95692,28.19766],[112.95718,28.1978],[112.95739,28.19782]]}},{"type":"Feature","properties":{"fclass":"track"},"geometry":{"type":"LineString","coordinates":[[112.9545,28.17373],[112.95447,28.17348],[112.95462,28.17338],[112.95585,28.17325]]}},{"type":"Feature","properties":{"fclass":"track"},"geometry":{"type":"LineString","coordinates":[[112.95433,28.17511],[112.95426,28.17531],[112.95425,28.17607]]}},{"type":"Feature","properties":{"fclass":"track"},"geometry":{"type":"LineString","coordinates":[[112.95561,28.17166],[112.9557,28.17174],[112.95588,28.17236],[112.95597,28.17254],[112.95609,28.17316],[112.95616,28.1736],[112.95621,28.17436],[112.95632,28.17619],[112.95644,28.17724],[112.95644,28.17814],[112.95647,28.17849],[112.95646,28.17904],[112.9565,28.17958],[112.95654,28.18097],[112.95663,28.18213],[112.95659,28.18258],[112.95666,28.18335],[112.9567,28.18446],[112.95666,28.18468],[112.95662,28.18534],[112.95651,28.18551]]}},{"type":"Feature","properties":{"fclass":"residential"},"geometry":{"type":"LineString","coordinates":[[112.95732,28.20029],[112.95714,28.20042],[112.95691,28.20058],[112.95663,28.20076]]}},{"type":"Feature","properties":{"fclass":"primary_link"},"geometry":{"type":"LineString","coordinates":[[112.95679,28.19985],[112.95686,28.19976],[112.95694,28.19971],[112.95703,28.19968],[112.95715,28.19968],[112.95732,28.19973],[112.95742,28.19984],[112.95744,28.19999],[112.95743,28.20012],[112.95738,28.20021],[112.95732,28.20029]]}},{"type":"Feature","properties":{"fclass":"service"},"geometry":{"type":"LineString","coordinates":[[112.95717,28.19601],[112.95711,28.19594],[112.95701,28.19592],[112.95691,28.19596],[112.95677,28.19603],[112.95661,28.19615],[112.95668,28.19598],[112.95674,28.19585],[112.95674,28.19579],[112.95669,28.19576],[112.95657,28.19574]]}},{"type":"Feature","properties":{"fclass":"track"},"geometry":{"type":"LineString","coordinates":[[112.95749,28.19691],[112.95759,28.19722],[112.95762,28.19766],[112.95777,28.19797],[112.95786,28.19887]]}},{"type":"Feature","properties":{"fclass":"primary_link"},"geometry":{"type":"LineString","coordinates":[[112.95727,28.19927],[112.95748,28.19986],[112.9575,28.2],[112.95748,28.20014],[112.95742,28.20024],[112.9573,28.20033],[112.95715,28.20036],[112.95702,28.20035],[112.95691,28.20031],[112.95683,28.20024],[112.95677,28.20015],[112.95674,28.20007],[112.95674,28.19995],[112.95679,28.19985]]}},{"type":"Feature","properties":{"fclass":"track"},"geometry":{"type":"LineString","coordinates":[[112.95839,28.20175],[112.95844,28.2016],[112.95848,28.20089],[112.95821,28.20032],[112.9581,28.19984],[112.95796,28.1994],[112.95786,28.19887],[112.95757,28.19817],[112.95739,28.19782],[112.95744,28.19759],[112.95749,28.19691],[112.95752,28.19655],[112.9575,28.19627],[112.95739,28.19588],[112.95726,28.19532],[112.95713,28.1944],[112.95702,28.19382],[112.95699,28.19342],[112.95692,28.19329],[112.95677,28.19257],[112.95665,28.19249]]}},{"type":"Feature","properties":{"fclass":"track"},"geometry":{"type":"LineString","coordinates":[[112.9567,28.18446],[112.95676,28.18521],[112.95674,28.18588],[112.95666,28.18674],[112.9567,28.18765],[112.95677,28.18911],[112.95683,28.18978],[112.95679,28.19019],[112.95684,28.19061],[112.95687,28.19135],[112.95688,28.19203],[112.95698,28.19245],[112.95695,28.19291],[112.95699,28.19342]]}},{"type":"Feature","properties":{"fclass":"track"},"geometry":{"type":"LineString","coordinates":[[112.95848,28.20089],[112.95858,28.20139],[112.95878,28.20204],[112.95913,28.20291],[112.95934,28.20348],[112.95937,28.2036],[112.95947,28.20402],[112.95975,28.20467],[112.95991,28.20534],[112.96005,28.20625],[112.96025,28.20745],[112.96043,28.20893],[112.96059,28.21024],[112.96073,28.21079],[112.96073,28.21111],[112.96065,28.21134],[112.96049,28.21137],[112.96015,28.21124],[112.95906,28.20988]]}},{"type":"Feature","properties":{"fclass":"service"},"geometry":{"type":"LineString","coordinates":[[112.95715,28.19585],[112.95709,28.19575],[112.95699,28.19569],[112.95684,28.19568],[112.95657,28.19574],[112.95647,28.19576],[112.95551,28.19595]]}},{"type":"Feature","properties":{"fclass":"primary_link"},"geometry":{"type":"LineString","coordinates":[[112.95661,28.19615],[112.95639,28.1964],[112.95587,28.19677],[112.95576,28.1969],[112.95568,28.19705]]}},{"type":"Feature","properties":{"fclass":"residential"},"geometry":{"type":"LineString","coordinates":[[112.99779,28.18388],[112.99778,28.18401],[112.99776,28.18432],[112.99769,28.18468],[112.99766,28.1848],[112.99818,28.18483],[112.99819,28.18497],[112.99818,28.18508],[112.99817,28.18598],[112.99802,28.18625],[112.99794,28.18727],[112.99801,28.18746],[112.99803,28.18748],[112.99819,28.18767],[112.99853,28.18773],[112.99873,28.18788],[112.9989,28.18834],[112.999,28.1886]]}},{"type":"Feature","properties":{"fclass":"secondary"},"geometry":{"type":"LineString","coordinates":[[112.96749,28.18728],[112.96732,28.18605],[112.96725,28.18555],[112.96722,28.18533],[112.96717,28.18521],[112.96709,28.18503],[112.96692,28.18473],[112.96659,28.18414],[112.96652,28.18387],[112.96635,28.18261],[112.96632,28.18245],[112.96626,28.18207],[112.96603,28.18086],[112.96572,28.1792],[112.96534,28.17719],[112.96484,28.17524],[112.96464,28.17436],[112.9644,28.17349],[112.96449,28.17242],[112.96455,28.1719],[112.96455,28.17159],[112.96473,28.17036],[112.96501,28.16843],[112.96503,28.16838],[112.96507,28.16816]]}},{"type":"Feature","properties":{"fclass":"tertiary"},"geometry":{"type":"LineString","coordinates":[[112.98052,28.18082],[112.98063,28.1808],[112.9819,28.1805],[112.98357,28.18008],[112.9842,28.17996],[112.98508,28.17996],[112.98523,28.17996],[112.98544,28.18004],[112.98557,28.18016],[112.98617,28.18147],[112.98646,28.18213],[112.9871,28.18355],[112.98727,28.18391],[112.98735,28.18409],[112.98742,28.18425],[112.98797,28.18558],[112.98833,28.18643],[112.98839,28.18673],[112.98842,28.18782],[112.98848,28.18934]]}},{"type":"Feature","properties":{"fclass":"residential"},"geometry":{"type":"LineString","coordinates":[[113.00131,28.1857],[113.00142,28.1857],[113.00227,28.18573],[113.00316,28.18576],[113.00341,28.18576]]}},{"type":"Feature","properties":{"fclass":"residential"},"geometry":{"type":"LineString","coordinates":[[112.9958,28.17757],[112.99595,28.17757],[112.99752,28.17753],[112.9978,28.17761],[112.99795,28.17776],[112.99818,28.17883],[112.99841,28.1797]]}},{"type":"Feature","properties":{"fclass":"residential"},"geometry":{"type":"LineString","coordinates":[[112.96739,28.18555],[112.96765,28.18554],[112.96777,28.18553],[112.96774,28.18515],[112.96764,28.18516],[112.96731,28.18519]]}},{"type":"Feature","properties":{"fclass":"residential"},"geometry":{"type":"LineString","coordinates":[[112.97005,28.18327],[112.96939,28.18318],[112.96853,28.18308],[112.96789,28.18288],[112.96648,28.18264],[112.96635,28.18261]]}},{"type":"Feature","properties":{"fclass":"residential"},"geometry":{"type":"LineString","coordinates":[[113.0022,28.18408],[113.0015,28.18348],[113.00147,28.18345],[113.00113,28.18325],[113.00081,28.18295],[113.00043,28.18258],[112.9999,28.18216],[112.99971,28.18197]]}},{"type":"Feature","properties":{"fclass":"residential"},"geometry":{"type":"LineString","coordinates":[[112.97181,28.18696],[112.97181,28.1867],[112.97178,28.18655],[112.97168,28.18621],[112.9717,28.18591],[112.97162,28.18561],[112.97151,28.18512]]}},{"type":"Feature","properties":{"fclass":"tertiary"},"geometry":{"type":"LineString","coordinates":[[112.97638,28.18048],[112.97624,28.1803],[112.97592,28.17986],[112.97589,28.17981],[112.97541,28.17923],[112.97465,28.17827],[112.9745,28.17811],[112.97396,28.17756],[112.97387,28.17743],[112.97386,28.17733],[112.97414,28.17665],[112.97428,28.17626],[112.97438,28.17572],[112.9745,28.17539],[112.97472,28.17493],[112.97498,28.17451],[112.97531,28.17421],[112.97585,28.17395],[112.976,28.17375],[112.97622,28.17335],[112.97633,28.17299],[112.97641,28.17243],[112.97649,28.17213],[112.9767,28.17165],[112.97695,28.17125],[112.977,28.171],[112.97698,28.17039],[112.97706,28.16936]]}},{"type":"Feature","properties":{"fclass":"tertiary"},"geometry":{"type":"LineString","coordinates":[[112.98156,28.17478],[112.98163,28.1749],[112.98248,28.17645],[112.9825,28.1765],[112.98252,28.1766],[112.98252,28.17704],[112.98255,28.17728],[112.98262,28.17746],[112.98292,28.17793],[112.9834,28.17869],[112.9842,28.17996]]}},{"type":"Feature","properties":{"fclass":"tertiary"},"geometry":{"type":"LineString","coordinates":[[112.99669,28.18564],[112.99573,28.18561],[112.99554,28.18566],[112.99536,28.18576],[112.99488,28.18629],[112.99469,28.18639],[112.99391,28.18655],[112.99224,28.1869],[112.99182,28.18697],[112.99168,28.18698]]}},{"type":"Feature","properties":{"fclass":"residential"},"geometry":{"type":"LineString","coordinates":[[112.97438,28.17572],[112.97328,28.17568],[112.97251,28.17555],[112.97214,28.17552],[112.97168,28.17561],[112.97039,28.17555],[112.96979,28.17553]]}},{"type":"Feature","properties":{"fclass":"residential"},"geometry":{"type":"LineString","coordinates":[[112.97219,28.18518],[112.97185,28.18508],[112.97151,28.18512],[112.97083,28.1852],[112.97071,28.18522],[112.97053,28.18525]]}},{"type":"Feature","properties":{"fclass":"residential"},"geometry":{"type":"LineString","coordinates":[[112.9699,28.18508],[112.96991,28.18552],[112.9699,28.18611]]}},{"type":"Feature","properties":{"fclass":"residential"},"geometry":{"type":"LineString","coordinates":[[113.00335,28.18219],[113.00315,28.18219],[113.003,28.18219],[113.00242,28.18217],[113.00188,28.18211],[113.00147,28.18192],[113.00111,28.18162],[113.00071,28.18109],[112.99937,28.17941],[112.99927,28.17924]]}},{"type":"Feature","properties":{"fclass":"residential"},"geometry":{"type":"LineString","coordinates":[[112.97185,28.18508],[112.97173,28.18466],[112.97166,28.18447],[112.97153,28.18412],[112.97149,28.18392],[112.97149,28.1838],[112.97157,28.18348],[112.97168,28.18319],[112.9718,28.18278],[112.97183,28.18247],[112.97189,28.18222],[112.97215,28.18171],[112.97225,28.1814],[112.97252,28.18107]]}},{"type":"Feature","properties":{"fclass":"residential"},"geometry":{"type":"LineString","coordinates":[[112.96768,28.18602],[112.96765,28.18554]]}},{"type":"Feature","properties":{"fclass":"residential"},"geometry":{"type":"LineString","coordinates":[[112.96811,28.18451],[112.96814,28.1851],[112.96822,28.18559],[112.96825,28.18578],[112.96823,28.18604]]}},{"type":"Feature","properties":{"fclass":"residential"},"geometry":{"type":"LineString","coordinates":[[112.96957,28.18492],[112.96941,28.18482],[112.96927,28.18463],[112.96923,28.18448],[112.9693,28.18376],[112.96939,28.18318]]}},{"type":"Feature","properties":{"fclass":"residential"},"geometry":{"type":"LineString","coordinates":[[112.96901,28.1851],[112.96957,28.1851],[112.9699,28.18508],[112.97047,28.185]]}},{"type":"Feature","properties":{"fclass":"residential"},"geometry":{"type":"LineString","coordinates":[[112.97758,28.17807],[112.9797,28.17715]]}},{"type":"Feature","properties":{"fclass":"residential"},"geometry":{"type":"LineString","coordinates":[[112.97698,28.17714],[112.97758,28.17807],[112.97848,28.17963],[112.97796,28.17991],[112.97754,28.17978],[112.97743,28.18011],[112.9773,28.18036],[112.977,28.18025],[112.97696,28.18011]]}},{"type":"Feature","properties":{"fclass":"residential"},"geometry":{"type":"LineString","coordinates":[[113.003,28.18219],[113.00294,28.18343],[113.00291,28.18354],[113.00267,28.18376],[113.0022,28.18408]]}},{"type":"Feature","properties":{"fclass":"residential"},"geometry":{"type":"LineString","coordinates":[[113.00316,28.18576],[113.00316,28.18658],[113.00296,28.18667],[113.00287,28.18682],[113.00141,28.18679],[113.00129,28.18679]]}},{"type":"Feature","properties":{"fclass":"residential"},"geometry":{"type":"LineString","coordinates":[[112.97836,28.18014],[112.97808,28.17998],[112.97949,28.17914],[112.97961,28.17887],[112.97969,28.17849],[112.9799,28.17832]]}},{"type":"Feature","properties":{"fclass":"residential"},"geometry":{"type":"LineString","coordinates":[[112.96764,28.18516],[112.96761,28.18503],[112.96735,28.18465]]}},{"type":"Feature","properties":{"fclass":"residential"},"geometry":{"type":"LineString","coordinates":[[112.9717,28.18591],[112.97149,28.18598],[112.9712,28.18607],[112.97063,28.18609],[112.9699,28.18611],[112.96902,28.18607],[112.96823,28.18604],[112.96768,28.18602],[112.96747,28.18603]]}},{"type":"Feature","properties":{"fclass":"residential"},"geometry":{"type":"LineString","coordinates":[[112.97178,28.18655],[112.9716,28.18662],[112.97144,28.18661],[112.97103,28.18647],[112.97066,28.18638]]}},{"type":"Feature","properties":{"fclass":"residential"},"geometry":{"type":"LineString","coordinates":[[112.97743,28.18011],[112.97715,28.1801],[112.97696,28.18011],[112.9766,28.18017],[112.97641,28.18024],[112.97624,28.1803],[112.97601,28.18055],[112.97584,28.18077],[112.9757,28.18109],[112.97561,28.18128],[112.97556,28.18134],[112.97405,28.18222]]}},{"type":"Feature","properties":{"fclass":"residential"},"geometry":{"type":"LineString","coordinates":[[112.96507,28.18504],[112.9652,28.18503],[112.96581,28.18495],[112.96692,28.18473],[112.96707,28.1847],[112.96735,28.18465],[112.96811,28.18451],[112.96863,28.18449],[112.96923,28.18448]]}},{"type":"Feature","properties":{"fclass":"residential"},"geometry":{"type":"LineString","coordinates":[[112.97447,28.18405],[112.97412,28.18434],[112.974,28.18449],[112.97386,28.18462],[112.97371,28.1847],[112.97357,28.1848],[112.97339,28.18505],[112.973,28.18554]]}},{"type":"Feature","properties":{"fclass":"residential"},"geometry":{"type":"LineString","coordinates":[[112.969,28.18493],[112.96901,28.18501],[112.96901,28.1851],[112.96903,28.18547],[112.96902,28.18607]]}},{"type":"Feature","properties":{"fclass":"residential"},"geometry":{"type":"LineString","coordinates":[[112.96863,28.18449],[112.96867,28.18371],[112.96819,28.18376],[112.96774,28.1838],[112.96705,28.18407],[112.96679,28.18412]]}},{"type":"Feature","properties":{"fclass":"pedestrian"},"geometry":{"type":"LineString","coordinates":[[112.97542,28.1892],[112.97518,28.1893],[112.97493,28.18939],[112.9746,28.18939],[112.97329,28.18935],[112.97287,28.18942],[112.97261,28.18951],[112.9722,28.18967],[112.97191,28.18979],[112.9718,28.18983],[112.9717,28.18987],[112.97164,28.18989],[112.971,28.19014],[112.9707,28.19013]]}},{"type":"Feature","properties":{"fclass":"residential"},"geometry":{"type":"LineString","coordinates":[[112.9674,28.16212],[112.96692,28.16213],[112.9668,28.16219],[112.96679,28.1623],[112.96679,28.16251]]}},{"type":"Feature","properties":{"fclass":"pedestrian"},"geometry":{"type":"LineString","coordinates":[[112.97452,28.1876],[112.97325,28.18764]]}},{"type":"Feature","properties":{"fclass":"residential"},"geometry":{"type":"LineString","coordinates":[[112.9705,28.16908],[112.97048,28.16919],[112.97032,28.17042],[112.97015,28.17165],[112.97014,28.17199],[112.97028,28.17233],[112.9706,28.17313],[112.97061,28.17328],[112.97057,28.1735],[112.97039,28.17386],[112.97025,28.1745],[112.96983,28.17497],[112.96979,28.17553]]}},{"type":"Feature","properties":{"fclass":"residential"},"geometry":{"type":"LineString","coordinates":[[112.97061,28.17328],[112.97007,28.17357],[112.96986,28.17373],[112.96957,28.17405],[112.96923,28.17448],[112.96886,28.17509],[112.96873,28.17537],[112.96849,28.17569],[112.96814,28.17599],[112.96722,28.17645],[112.96691,28.17671],[112.96546,28.17715],[112.96534,28.17719]]}},{"type":"Feature","properties":{"fclass":"tertiary"},"geometry":{"type":"LineString","coordinates":[[112.9861,28.15844],[112.98606,28.15887],[112.98598,28.15939],[112.98567,28.15996],[112.98537,28.16039],[112.98509,28.16084],[112.98469,28.16168],[112.98437,28.16265],[112.98419,28.16298],[112.98392,28.16325],[112.98343,28.16366],[112.98338,28.16372],[112.98314,28.16394],[112.98215,28.16484],[112.98174,28.16541],[112.98108,28.16633],[112.98078,28.16691],[112.98062,28.16724]]}},{"type":"Feature","properties":{"fclass":"residential"},"geometry":{"type":"LineString","coordinates":[[112.9682,28.17388],[112.96781,28.17414],[112.96755,28.17442],[112.96717,28.17474],[112.96695,28.17507],[112.96689,28.17534],[112.96694,28.1756],[112.96709,28.17597],[112.96722,28.17645]]}},{"type":"Feature","properties":{"fclass":"residential"},"geometry":{"type":"LineString","coordinates":[[112.98257,28.1575],[112.98245,28.15773],[112.98191,28.15836],[112.98191,28.15939],[112.98176,28.16009],[112.98174,28.16139],[112.9817,28.16357]]}},{"type":"Feature","properties":{"fclass":"residential"},"geometry":{"type":"LineString","coordinates":[[112.98215,28.16361],[112.98213,28.16471],[112.98243,28.16443]]}},{"type":"Feature","properties":{"fclass":"residential"},"geometry":{"type":"LineString","coordinates":[[112.97859,28.18376],[112.97826,28.18357],[112.978,28.18343],[112.97764,28.18329],[112.97714,28.18329],[112.97665,28.18326],[112.97634,28.18327],[112.976,28.18325],[112.97565,28.18301],[112.9754,28.18297],[112.97512,28.18284],[112.97497,28.18282],[112.97486,28.1829],[112.9748,28.18295]]}},{"type":"Feature","properties":{"fclass":"residential"},"geometry":{"type":"LineString","coordinates":[[112.97589,28.16658],[112.9759,28.16919]]}},{"type":"Feature","properties":{"fclass":"residential"},"geometry":{"type":"LineString","coordinates":[[112.97961,28.17887],[112.9792,28.17881]]}},{"type":"Feature","properties":{"fclass":"residential"},"geometry":{"type":"LineString","coordinates":[[112.96792,28.1754],[112.96813,28.17522],[112.96837,28.17494],[112.96861,28.17456],[112.9688,28.17427]]}},{"type":"Feature","properties":{"fclass":"residential"},"geometry":{"type":"LineString","coordinates":[[112.96555,28.16492],[112.9653,28.16498],[112.96466,28.16484],[112.96428,28.16478],[112.96405,28.1648],[112.96342,28.16449],[112.96299,28.16432],[112.96268,28.16421],[112.9625,28.16409],[112.96228,28.16387],[112.96226,28.16376],[112.96185,28.16353],[112.9613,28.16315],[112.96062,28.16261],[112.95997,28.16217],[112.9599,28.16215],[112.95976,28.16211],[112.95902,28.16156],[112.9586,28.16116],[112.95846,28.16095],[112.95839,28.16084],[112.95831,28.16045]]}},{"type":"Feature","properties":{"fclass":"service"},"geometry":{"type":"LineString","coordinates":[[112.97826,28.18357],[112.97812,28.18373],[112.97807,28.18379],[112.97792,28.18394],[112.97781,28.18393],[112.9778,28.18415],[112.97739,28.18414]]}},{"type":"Feature","properties":{"fclass":"residential"},"geometry":{"type":"LineString","coordinates":[[112.96739,28.1623],[112.96679,28.1623],[112.96619,28.16228]]}},{"type":"Feature","properties":{"fclass":"residential"},"geometry":{"type":"LineString","coordinates":[[112.98073,28.18487],[112.98074,28.18449],[112.98076,28.18399],[112.98078,28.18363],[112.98077,28.18347],[112.98073,28.18302],[112.98067,28.18262],[112.98048,28.18165],[112.98015,28.18014],[112.97992,28.17906]]}},{"type":"Feature","properties":{"fclass":"residential"},"geometry":{"type":"LineString","coordinates":[[112.98093,28.18489],[112.98073,28.18487],[112.98055,28.18484],[112.97931,28.18481],[112.97895,28.18406],[112.97892,28.18401],[112.97889,28.18394],[112.97881,28.18387],[112.97859,28.18376],[112.9784,28.18359]]}},{"type":"Feature","properties":{"fclass":"residential"},"geometry":{"type":"LineString","coordinates":[[112.98215,28.16484],[112.98023,28.16481]]}},{"type":"Feature","properties":{"fclass":"residential"},"geometry":{"type":"LineString","coordinates":[[112.9636,28.18054],[112.96341,28.18055],[112.96283,28.18062]]}},{"type":"Feature","properties":{"fclass":"residential"},"geometry":{"type":"LineString","coordinates":[[112.96606,28.16247],[112.96679,28.16251],[112.96751,28.16253]]}},{"type":"Feature","properties":{"fclass":"residential"},"geometry":{"type":"LineString","coordinates":[[112.97455,28.1836],[112.97472,28.18367],[112.97489,28.18389],[112.97527,28.18414],[112.97545,28.18426],[112.97566,28.18455],[112.9758,28.1849],[112.97591,28.1852],[112.97607,28.18575],[112.97616,28.18607],[112.97629,28.18635],[112.97644,28.18648],[112.97661,28.18652],[112.97688,28.18652],[112.97722,28.18651],[112.97758,28.1865],[112.97807,28.18641],[112.97804,28.18597],[112.97804,28.18557],[112.97805,28.1855],[112.97809,28.18543],[112.97817,28.1853],[112.97849,28.18494],[112.97875,28.18461],[112.97895,28.18406]]}},{"type":"Feature","properties":{"fclass":"pedestrian"},"geometry":{"type":"LineString","coordinates":[[112.97619,28.19076],[112.97612,28.19049],[112.97591,28.18996],[112.97579,28.18971],[112.97542,28.1892],[112.975,28.18863],[112.97473,28.18823],[112.97456,28.18821]]}},{"type":"Feature","properties":{"fclass":"tertiary"},"geometry":{"type":"LineString","coordinates":[[112.97722,28.18651],[112.97705,28.18656],[112.97688,28.18658],[112.97671,28.18659],[112.97633,28.18658],[112.97615,28.18665],[112.97631,28.18705],[112.97646,28.1874],[112.97673,28.18801],[112.97676,28.18809],[112.97679,28.18814],[112.97694,28.18844],[112.97723,28.18877],[112.97789,28.18943],[112.97833,28.18989]]}},{"type":"Feature","properties":{"fclass":"pedestrian"},"geometry":{"type":"LineString","coordinates":[[112.97228,28.18903],[112.97251,28.18897],[112.97298,28.18897],[112.97325,28.18901],[112.97346,28.18904],[112.97394,28.18902],[112.97401,28.18876],[112.97421,28.18874],[112.97459,28.18869]]}},{"type":"Feature","properties":{"fclass":"residential"},"geometry":{"type":"LineString","coordinates":[[112.97947,28.18634],[112.97887,28.18646],[112.978,28.18662],[112.97734,28.18675]]}},{"type":"Feature","properties":{"fclass":"residential"},"geometry":{"type":"LineString","coordinates":[[112.96873,28.17537],[112.96813,28.17522]]}},{"type":"Feature","properties":{"fclass":"pedestrian"},"geometry":{"type":"LineString","coordinates":[[112.97325,28.18901],[112.97325,28.18883],[112.97321,28.18867],[112.97307,28.18849]]}},{"type":"Feature","properties":{"fclass":"residential"},"geometry":{"type":"LineString","coordinates":[[112.98004,28.18956],[112.97993,28.18942],[112.97982,28.18928],[112.98002,28.18924],[112.98019,28.18919],[112.98059,28.18919],[112.98068,28.18918],[112.98091,28.18907],[112.98094,28.18902],[112.98095,28.18892],[112.98095,28.18885],[112.98086,28.18752],[112.98077,28.18654],[112.98076,28.18641]]}},{"type":"Feature","properties":{"fclass":"residential"},"geometry":{"type":"LineString","coordinates":[[112.96341,28.18055],[112.96337,28.18032],[112.96343,28.1802],[112.96406,28.17957],[112.96424,28.1795],[112.96439,28.17953],[112.96457,28.1798],[112.96486,28.18036],[112.96497,28.18082],[112.96471,28.18094],[112.96465,28.18113],[112.96289,28.18131]]}},{"type":"Feature","properties":{"fclass":"residential"},"geometry":{"type":"LineString","coordinates":[[112.9784,28.18359],[112.97795,28.18333],[112.97758,28.1831]]}},{"type":"Feature","properties":{"fclass":"pedestrian"},"geometry":{"type":"LineString","coordinates":[[112.97411,28.18732],[112.97307,28.18736],[112.97267,28.18741],[112.97235,28.18745],[112.97214,28.18749],[112.97181,28.18754],[112.97159,28.18755],[112.97108,28.18751],[112.97062,28.18751]]}},{"type":"Feature","properties":{"fclass":"residential"},"geometry":{"type":"LineString","coordinates":[[112.96075,28.15754],[112.96101,28.15794],[112.96117,28.15815],[112.96143,28.15827],[112.96186,28.15841],[112.96228,28.15859],[112.96268,28.1588],[112.963,28.15893],[112.96326,28.15906],[112.9635,28.15909],[112.96377,28.15908]]}},{"type":"Feature","properties":{"fclass":"secondary"},"geometry":{"type":"LineString","coordinates":[[112.9607,28.16815],[112.96121,28.16829],[112.96196,28.16824],[112.96319,28.16815],[112.96422,28.16816],[112.96507,28.16816]]}},{"type":"Feature","properties":{"fclass":"residential"},"geometry":{"type":"LineString","coordinates":[[112.97696,28.16659],[112.97589,28.16658],[112.97512,28.16658],[112.97444,28.16657],[112.9739,28.16651],[112.97329,28.16652]]}},{"type":"Feature","properties":{"fclass":"residential"},"geometry":{"type":"LineString","coordinates":[[112.96206,28.15813],[112.96231,28.15779],[112.96176,28.15748]]}},{"type":"Feature","properties":{"fclass":"pedestrian"},"geometry":{"type":"LineString","coordinates":[[112.97261,28.18951],[112.97228,28.18903],[112.97215,28.18882],[112.97193,28.18839],[112.97162,28.18775],[112.97159,28.18755],[112.97157,28.18698]]}},{"type":"Feature","properties":{"fclass":"residential"},"geometry":{"type":"LineString","coordinates":[[112.96585,28.16183],[112.96565,28.16096],[112.96556,28.16027],[112.96546,28.16005],[112.96509,28.15973],[112.96484,28.15956],[112.96407,28.15924],[112.96377,28.15908],[112.9636,28.159],[112.96279,28.15862],[112.96239,28.15843],[112.96213,28.15827],[112.96206,28.15813],[112.96189,28.15789],[112.96071,28.1572]]}},{"type":"Feature","properties":{"fclass":"residential"},"geometry":{"type":"LineString","coordinates":[[112.96509,28.15973],[112.96451,28.16004],[112.96406,28.16023],[112.96359,28.16019],[112.96298,28.1601]]}},{"type":"Feature","properties":{"fclass":"pedestrian"},"geometry":{"type":"LineString","coordinates":[[112.97193,28.18839],[112.97113,28.18859],[112.97064,28.1887]]}},{"type":"Feature","properties":{"fclass":"residential"},"geometry":{"type":"LineString","coordinates":[[112.9792,28.17881],[112.97898,28.17878],[112.97872,28.1789]]}},{"type":"Feature","properties":{"fclass":"residential"},"geometry":{"type":"LineString","coordinates":[[112.97881,28.18387],[112.97924,28.18305],[112.97997,28.18328],[112.98015,28.1833],[112.98033,28.18333],[112.98049,28.18341],[112.98063,28.18348],[112.98077,28.18347]]}},{"type":"Feature","properties":{"fclass":"trunk"},"geometry":{"type":"LineString","coordinates":[[113.00288,28.15352],[113.00249,28.15336],[113.002,28.1532],[112.99996,28.15251],[112.99692,28.15151],[112.99364,28.15046],[112.99329,28.15039],[112.99288,28.15037],[112.99245,28.15041],[112.99233,28.15043],[112.99186,28.1505],[112.99122,28.15054],[112.99064,28.15063],[112.99008,28.15067],[112.98941,28.1507],[112.98895,28.1507]]}},{"type":"Feature","properties":{"fclass":"trunk_link"},"geometry":{"type":"LineString","coordinates":[[112.9842,28.1496],[112.98368,28.1494],[112.98282,28.14892],[112.98245,28.14876],[112.98209,28.14869],[112.98143,28.14869],[112.98111,28.14868],[112.98082,28.14868],[112.98063,28.14879],[112.98051,28.14894],[112.98028,28.14949],[112.98018,28.14996],[112.98001,28.15044]]}},{"type":"Feature","properties":{"fclass":"trunk_link"},"geometry":{"type":"LineString","coordinates":[[112.9799,28.15045],[112.97986,28.15019],[112.98004,28.14931],[112.98015,28.14898],[112.98019,28.14878],[112.98009,28.14856],[112.97969,28.14813],[112.97942,28.14787],[112.97921,28.14766],[112.97903,28.14753],[112.97892,28.14748],[112.9784,28.14734],[112.97726,28.147],[112.97626,28.14661]]}},{"type":"Feature","properties":{"fclass":"primary"},"geometry":{"type":"LineString","coordinates":[[112.97954,28.17326],[112.97948,28.17299],[112.97945,28.17112],[112.97949,28.17062],[112.97962,28.17018],[112.97994,28.16945],[112.98,28.16931],[112.98008,28.16913],[112.98028,28.16875],[112.98044,28.16812],[112.98062,28.16724],[112.98064,28.16674],[112.98023,28.16481],[112.9801,28.16419],[112.97994,28.16353],[112.9789,28.16156],[112.97843,28.16061],[112.97827,28.15997],[112.97841,28.15929],[112.97907,28.15694],[112.97912,28.15677],[112.97915,28.15666],[112.97945,28.15556],[112.97961,28.15488],[112.97968,28.15409],[112.97964,28.15311],[112.97961,28.15217],[112.97966,28.15178],[112.97968,28.1516]]}},{"type":"Feature","properties":{"fclass":"secondary"},"geometry":{"type":"LineString","coordinates":[[112.96791,28.15273],[112.96783,28.15245],[112.96735,28.15066],[112.9671,28.15006],[112.9667,28.14925],[112.96663,28.14878],[112.96665,28.14825],[112.96676,28.1478]]}},{"type":"Feature","properties":{"fclass":"residential"},"geometry":{"type":"LineString","coordinates":[[112.97096,28.17292],[112.97068,28.17243],[112.97039,28.17205],[112.97034,28.17182],[112.9704,28.17134]]}},{"type":"Feature","properties":{"fclass":"residential"},"geometry":{"type":"LineString","coordinates":[[112.96756,28.16314],[112.96754,28.16292],[112.96762,28.16267],[112.96766,28.16242],[112.96873,28.16189],[112.96957,28.16143]]}},{"type":"Feature","properties":{"fclass":"residential"},"geometry":{"type":"LineString","coordinates":[[112.97186,28.20169],[112.97215,28.20137],[112.97239,28.20108],[112.97244,28.201],[112.97269,28.20034],[112.97271,28.19962],[112.97272,28.1989],[112.97273,28.19883]]}},{"type":"Feature","properties":{"fclass":"residential"},"geometry":{"type":"LineString","coordinates":[[112.97074,28.16502],[112.96993,28.16529],[112.96935,28.16544]]}},{"type":"Feature","properties":{"fclass":"residential"},"geometry":{"type":"LineString","coordinates":[[112.97882,28.21693],[112.97885,28.21703],[112.97909,28.21812],[112.97922,28.21868]]}},{"type":"Feature","properties":{"fclass":"residential"},"geometry":{"type":"LineString","coordinates":[[112.98028,28.21866],[112.97971,28.21863],[112.97929,28.21867],[112.97922,28.21868],[112.97873,28.21876],[112.97857,28.21868],[112.97839,28.21865],[112.97832,28.21867],[112.97793,28.21879],[112.97787,28.2188],[112.97749,28.21885]]}},{"type":"Feature","properties":{"fclass":"residential"},"geometry":{"type":"LineString","coordinates":[[112.9806,28.21257],[112.97837,28.2127],[112.97829,28.21271],[112.97689,28.2128],[112.97684,28.21279],[112.97657,28.21274],[112.97643,28.21272]]}},{"type":"Feature","properties":{"fclass":"residential"},"geometry":{"type":"LineString","coordinates":[[112.97346,28.19701],[112.97342,28.19729],[112.97353,28.19837],[112.97354,28.19848],[112.97355,28.19856]]}},{"type":"Feature","properties":{"fclass":"residential"},"geometry":{"type":"LineString","coordinates":[[112.97054,28.16759],[112.97057,28.1675],[112.97054,28.16748],[112.97008,28.16747],[112.97004,28.16744],[112.97,28.16607],[112.96951,28.16605]]}},{"type":"Feature","properties":{"fclass":"residential"},"geometry":{"type":"LineString","coordinates":[[112.97507,28.19123],[112.97529,28.19104],[112.97619,28.19076],[112.97766,28.19023],[112.97818,28.19004],[112.97935,28.18962]]}},{"type":"Feature","properties":{"fclass":"residential"},"geometry":{"type":"LineString","coordinates":[[112.97377,28.16913],[112.97377,28.16837],[112.97341,28.16772],[112.97322,28.16689],[112.97312,28.16626],[112.973,28.16617],[112.97245,28.16623],[112.97184,28.16629]]}},{"type":"Feature","properties":{"fclass":"residential"},"geometry":{"type":"LineString","coordinates":[[112.9761,28.21301],[112.97535,28.2132],[112.97433,28.21353],[112.97373,28.21371],[112.97354,28.21376],[112.97321,28.21389],[112.97288,28.214],[112.97213,28.21411]]}},{"type":"Feature","properties":{"fclass":"residential"},"geometry":{"type":"LineString","coordinates":[[112.97153,28.18412],[112.97031,28.18434]]}},{"type":"Feature","properties":{"fclass":"residential"},"geometry":{"type":"LineString","coordinates":[[112.97447,28.21946],[112.97447,28.21941],[112.97444,28.21911],[112.97433,28.21854],[112.97428,28.21853],[112.97409,28.21851],[112.97376,28.21841],[112.97354,28.21786],[112.97347,28.21747],[112.97347,28.21736],[112.97334,28.21665]]}},{"type":"Feature","properties":{"fclass":"trunk_link"},"geometry":{"type":"LineString","coordinates":[[112.97922,28.19849],[112.97913,28.19853],[112.97906,28.19857],[112.97888,28.19878],[112.97879,28.19865],[112.9787,28.19857],[112.97858,28.19851]]}},{"type":"Feature","properties":{"fclass":"tertiary"},"geometry":{"type":"LineString","coordinates":[[112.96804,28.21784],[112.96811,28.21781],[112.96824,28.2178],[112.96839,28.21778],[112.96847,28.21778],[112.96853,28.21777],[112.97081,28.21758],[112.9721,28.21747],[112.97285,28.21741],[112.97292,28.2174],[112.97347,28.21736],[112.97409,28.21731],[112.97495,28.21723],[112.97606,28.21714],[112.9762,28.21713],[112.97882,28.21693],[112.98014,28.21679],[112.98113,28.2167],[112.98133,28.21676]]}},{"type":"Feature","properties":{"fclass":"residential"},"geometry":{"type":"LineString","coordinates":[[112.97339,28.21197],[112.97267,28.21201],[112.97263,28.21201],[112.97214,28.21201],[112.97158,28.21208]]}},{"type":"Feature","properties":{"fclass":"residential"},"geometry":{"type":"LineString","coordinates":[[112.97617,28.21358],[112.97572,28.21353],[112.9754,28.21351],[112.97522,28.2135],[112.97493,28.21354],[112.97441,28.21369]]}},{"type":"Feature","properties":{"fclass":"tertiary"},"geometry":{"type":"LineString","coordinates":[[112.97685,28.17693],[112.97656,28.17657],[112.97646,28.17638],[112.97651,28.17619],[112.97675,28.17598],[112.97713,28.17583],[112.97742,28.1757],[112.97754,28.1755],[112.97761,28.17528],[112.97767,28.17363]]}},{"type":"Feature","properties":{"fclass":"residential"},"geometry":{"type":"LineString","coordinates":[[112.97403,28.21286],[112.97406,28.21292],[112.97433,28.21353],[112.97441,28.21369],[112.97454,28.21399]]}},{"type":"Feature","properties":{"fclass":"secondary"},"geometry":{"type":"LineString","coordinates":[[112.97013,28.20405],[112.9701,28.20397],[112.9701,28.20394],[112.9701,28.20386],[112.97013,28.20375],[112.9702,28.20366],[112.9703,28.20359],[112.97042,28.20355],[112.97053,28.20355],[112.97065,28.20357],[112.97075,28.20362],[112.97083,28.2037],[112.97089,28.2038],[112.9709,28.2039],[112.9709,28.20393],[112.97088,28.20402],[112.97081,28.20413],[112.97071,28.20421],[112.9706,28.20425],[112.97049,28.20426],[112.97037,28.20424],[112.97027,28.2042],[112.97018,28.20413],[112.97013,28.20405]]}},{"type":"Feature","properties":{"fclass":"residential"},"geometry":{"type":"LineString","coordinates":[[112.98093,28.2134],[112.98069,28.2134],[112.97978,28.21341],[112.97864,28.21348],[112.97791,28.21348],[112.97751,28.21344],[112.97745,28.21344],[112.97696,28.21345],[112.97639,28.21332],[112.97626,28.21329]]}},{"type":"Feature","properties":{"fclass":"residential"},"geometry":{"type":"LineString","coordinates":[[112.97208,28.1723],[112.97164,28.17278],[112.97156,28.17293]]}},{"type":"Feature","properties":{"fclass":"residential"},"geometry":{"type":"LineString","coordinates":[[112.97169,28.17206],[112.9712,28.17264],[112.9711,28.17283],[112.97096,28.17292],[112.97061,28.17328]]}},{"type":"Feature","properties":{"fclass":"secondary"},"geometry":{"type":"LineString","coordinates":[[112.97036,28.20827],[112.97029,28.20809],[112.97016,28.20754],[112.97002,28.20697],[112.97003,28.2063],[112.97009,28.20593],[112.97015,28.20555],[112.97019,28.20526],[112.97031,28.20452]]}},{"type":"Feature","properties":{"fclass":"residential"},"geometry":{"type":"LineString","coordinates":[[112.97073,28.21405],[112.97072,28.2141],[112.97067,28.21459],[112.97067,28.2148],[112.97069,28.21516],[112.97074,28.21565],[112.97074,28.21573],[112.97074,28.21586],[112.97074,28.2159],[112.97081,28.21621],[112.97084,28.21664],[112.97082,28.21697],[112.97081,28.21737],[112.97081,28.21758],[112.97082,28.21769],[112.97087,28.21848],[112.97092,28.21934],[112.97095,28.21995],[112.97095,28.2204],[112.971,28.22099],[112.97114,28.22188]]}},{"type":"Feature","properties":{"fclass":"secondary"},"geometry":{"type":"LineString","coordinates":[[112.97071,28.20421],[112.97052,28.20455]]}},{"type":"Feature","properties":{"fclass":"residential"},"geometry":{"type":"LineString","coordinates":[[112.97078,28.20096],[112.9708,28.20098],[112.97227,28.20107],[112.97239,28.20108]]}},{"type":"Feature","properties":{"fclass":"residential"},"geometry":{"type":"LineString","coordinates":[[112.97819,28.1639],[112.9782,28.16445],[112.97763,28.16444]]}},{"type":"Feature","properties":{"fclass":"residential"},"geometry":{"type":"LineString","coordinates":[[112.97722,28.16356],[112.97704,28.16354],[112.97653,28.16362],[112.97562,28.16376],[112.97421,28.16373],[112.97399,28.16375],[112.97334,28.16401],[112.97345,28.1643],[112.97348,28.16468],[112.97344,28.16502],[112.97331,28.16552],[112.97327,28.16585],[112.97325,28.16615],[112.97329,28.16652],[112.97334,28.16684],[112.97351,28.16765],[112.97377,28.16837]]}},{"type":"Feature","properties":{"fclass":"residential"},"geometry":{"type":"LineString","coordinates":[[112.97513,28.16747],[112.97512,28.16658]]}},{"type":"Feature","properties":{"fclass":"residential"},"geometry":{"type":"LineString","coordinates":[[112.97227,28.17344],[112.97156,28.17293],[112.9711,28.17283]]}},{"type":"Feature","properties":{"fclass":"residential"},"geometry":{"type":"LineString","coordinates":[[112.97878,28.16356],[112.97877,28.1639],[112.97819,28.1639],[112.97764,28.1639],[112.97763,28.16444],[112.97763,28.16482],[112.97701,28.1648]]}},{"type":"Feature","properties":{"fclass":"residential"},"geometry":{"type":"LineString","coordinates":[[112.97333,28.2194],[112.97382,28.21946],[112.97447,28.21946],[112.9751,28.21951],[112.97538,28.21966],[112.97607,28.21999],[112.97618,28.22013],[112.97629,28.22044],[112.97643,28.22101],[112.97647,28.22115],[112.97655,28.22133],[112.97699,28.22178]]}},{"type":"Feature","properties":{"fclass":"residential"},"geometry":{"type":"LineString","coordinates":[[112.96885,28.16872],[112.96906,28.16806],[112.96919,28.16765],[112.96931,28.16765],[112.96946,28.16773],[112.96952,28.16802],[112.96953,28.16831],[112.96974,28.16834],[112.97019,28.16831],[112.97021,28.1681],[112.97006,28.16805],[112.96968,28.168]]}},{"type":"Feature","properties":{"fclass":"residential"},"geometry":{"type":"LineString","coordinates":[[112.97228,28.21469],[112.97253,28.21462],[112.973,28.21446],[112.97337,28.21432],[112.97388,28.2142],[112.97454,28.21399],[112.97482,28.2139],[112.97533,28.21378],[112.97572,28.21374],[112.97612,28.21374]]}},{"type":"Feature","properties":{"fclass":"tertiary"},"geometry":{"type":"LineString","coordinates":[[112.9701,28.20397],[112.96954,28.20407],[112.96947,28.20409],[112.96907,28.2041],[112.96869,28.20411],[112.96861,28.20411],[112.96672,28.20411],[112.96609,28.20415],[112.96553,28.20423],[112.96496,28.20433],[112.96483,28.20435]]}},{"type":"Feature","properties":{"fclass":"secondary"},"geometry":{"type":"LineString","coordinates":[[112.97061,28.20843],[112.97065,28.20865],[112.97113,28.2105],[112.97143,28.21159],[112.97158,28.21208],[112.97184,28.21316],[112.97185,28.21323],[112.97204,28.21379],[112.97213,28.21411],[112.97228,28.21469],[112.97251,28.21555],[112.97272,28.2165],[112.97292,28.2174],[112.97295,28.2175],[112.97323,28.21877],[112.97333,28.2194],[112.97334,28.2204],[112.97341,28.22177],[112.97343,28.22238],[112.9734,28.22268],[112.97331,28.22288]]}},{"type":"Feature","properties":{"fclass":"residential"},"geometry":{"type":"LineString","coordinates":[[112.97359,28.19872],[112.97359,28.19881],[112.9736,28.19891],[112.97361,28.19954],[112.97362,28.19979],[112.97361,28.20006],[112.97362,28.20031],[112.97363,28.2005],[112.97363,28.20095],[112.97364,28.20116],[112.97363,28.20165],[112.97366,28.20211],[112.97369,28.20249],[112.97373,28.20275],[112.97378,28.20287],[112.97384,28.20295],[112.9735,28.20327],[112.97334,28.20347]]}},{"type":"Feature","properties":{"fclass":"residential"},"geometry":{"type":"LineString","coordinates":[[112.97079,28.16452],[112.96973,28.16502],[112.96935,28.16544],[112.9688,28.16615],[112.96869,28.1664],[112.96862,28.16689],[112.96862,28.16764],[112.96863,28.1687]]}},{"type":"Feature","properties":{"fclass":"primary"},"geometry":{"type":"LineString","coordinates":[[112.98037,28.20688],[112.98032,28.2064],[112.98019,28.205],[112.98002,28.20315],[112.97983,28.20156],[112.97979,28.20096],[112.97987,28.20029],[112.97992,28.20012]]}},{"type":"Feature","properties":{"fclass":"secondary"},"geometry":{"type":"LineString","coordinates":[[112.96548,28.20881],[112.96558,28.20882],[112.96573,28.20882],[112.96605,28.20877],[112.96656,28.20871],[112.9688,28.20846],[112.97036,28.20827],[112.97053,28.20826],[112.97194,28.20808],[112.97326,28.20792],[112.9742,28.20779],[112.97466,28.20772],[112.97577,28.20751],[112.9759,28.20749],[112.97713,28.20722],[112.9791,28.20698],[112.9797,28.20693],[112.98012,28.2069],[112.98037,28.20688]]}},{"type":"Feature","properties":{"fclass":"residential"},"geometry":{"type":"LineString","coordinates":[[112.97126,28.2166],[112.97084,28.21664],[112.96948,28.21678],[112.96837,28.21681]]}},{"type":"Feature","properties":{"fclass":"tertiary"},"geometry":{"type":"LineString","coordinates":[[112.9809,28.21168],[112.98094,28.21168],[112.98231,28.21145],[112.9824,28.21144],[112.98439,28.2112],[112.9856,28.21108]]}},{"type":"Feature","properties":{"fclass":"tertiary"},"geometry":{"type":"LineString","coordinates":[[112.98019,28.205],[112.98009,28.20501],[112.97995,28.20499],[112.97985,28.20498],[112.97968,28.20497],[112.97956,28.20481],[112.97944,28.20433],[112.9791,28.20299],[112.9789,28.20206],[112.97873,28.20182]]}},{"type":"Feature","properties":{"fclass":"secondary"},"geometry":{"type":"LineString","coordinates":[[112.97042,28.20355],[112.97052,28.20331]]}},{"type":"Feature","properties":{"fclass":"residential"},"geometry":{"type":"LineString","coordinates":[[112.98057,28.21534],[112.98099,28.21532]]}},{"type":"Feature","properties":{"fclass":"residential"},"geometry":{"type":"LineString","coordinates":[[112.972,28.19694],[112.97201,28.19733],[112.97202,28.19851]]}},{"type":"Feature","properties":{"fclass":"residential"},"geometry":{"type":"LineString","coordinates":[[112.96591,28.1638],[112.96639,28.16376],[112.96696,28.16369],[112.9672,28.16358],[112.96748,28.16331],[112.96756,28.16314],[112.96986,28.16195]]}},{"type":"Feature","properties":{"fclass":"residential"},"geometry":{"type":"LineString","coordinates":[[112.98033,28.21932],[112.98028,28.21866],[112.98023,28.21777],[112.98014,28.2169],[112.98014,28.21679]]}},{"type":"Feature","properties":{"fclass":"residential"},"geometry":{"type":"LineString","coordinates":[[112.97769,28.16356],[112.97768,28.16303],[112.9776,28.16251],[112.9775,28.16184],[112.9789,28.16156]]}},{"type":"Feature","properties":{"fclass":"residential"},"geometry":{"type":"LineString","coordinates":[[112.98404,28.20484],[112.98345,28.205],[112.98339,28.20506],[112.98332,28.20513],[112.98297,28.20516]]}},{"type":"Feature","properties":{"fclass":"residential"},"geometry":{"type":"LineString","coordinates":[[112.96677,28.2074],[112.96621,28.20744]]}},{"type":"Feature","properties":{"fclass":"residential"},"geometry":{"type":"LineString","coordinates":[[112.96653,28.20175],[112.96676,28.20181],[112.96706,28.20192],[112.96729,28.20211],[112.96757,28.2024],[112.96762,28.20245],[112.96773,28.20267],[112.96807,28.20273],[112.96851,28.20266],[112.96891,28.20257],[112.96947,28.20249],[112.96992,28.20248],[112.97067,28.20252]]}},{"type":"Feature","properties":{"fclass":"residential"},"geometry":{"type":"LineString","coordinates":[[112.96807,28.20273],[112.96825,28.20318],[112.96835,28.20317],[112.96844,28.2035],[112.96854,28.20369],[112.96859,28.20391],[112.96861,28.20411]]}},{"type":"Feature","properties":{"fclass":"residential"},"geometry":{"type":"LineString","coordinates":[[112.98864,28.19432],[112.98865,28.1944],[112.98865,28.19478],[112.98865,28.19491],[112.98867,28.19538],[112.98868,28.19663],[112.98801,28.19731],[112.98783,28.19746],[112.98752,28.19804]]}},{"type":"Feature","properties":{"fclass":"residential"},"geometry":{"type":"LineString","coordinates":[[112.9791,28.20698],[112.97902,28.20631],[112.97929,28.206]]}},{"type":"Feature","properties":{"fclass":"residential"},"geometry":{"type":"LineString","coordinates":[[112.97015,28.20555],[112.96981,28.20549],[112.96966,28.20492],[112.96947,28.20409]]}},{"type":"Feature","properties":{"fclass":"residential"},"geometry":{"type":"LineString","coordinates":[[112.99017,28.20095],[112.99018,28.20107],[112.9903,28.20238],[112.99032,28.20258],[112.99001,28.20262]]}},{"type":"Feature","properties":{"fclass":"residential"},"geometry":{"type":"LineString","coordinates":[[112.97003,28.2063],[112.9693,28.20638],[112.96863,28.20646],[112.96839,28.20649],[112.96755,28.20664],[112.96752,28.20665],[112.9672,28.20669],[112.96717,28.20669],[112.96613,28.20679],[112.96559,28.20685],[112.96533,28.20689],[112.96522,28.20688]]}},{"type":"Feature","properties":{"fclass":"residential"},"geometry":{"type":"LineString","coordinates":[[112.97025,28.20749],[112.97092,28.20734],[112.97147,28.20719],[112.97185,28.20713],[112.97186,28.20719],[112.97189,28.20754],[112.97192,28.20789],[112.97194,28.20808]]}},{"type":"Feature","properties":{"fclass":"residential"},"geometry":{"type":"LineString","coordinates":[[112.96945,28.2031],[112.96947,28.20249],[112.96953,28.2018],[112.96956,28.20139],[112.96956,28.20135],[112.96948,28.20127],[112.9695,28.20086],[112.96948,28.20078],[112.96947,28.20074],[112.96941,28.20068],[112.9691,28.20068],[112.9682,28.20066],[112.96793,28.20067],[112.96762,28.20065]]}},{"type":"Feature","properties":{"fclass":"residential"},"geometry":{"type":"LineString","coordinates":[[112.96867,28.20492],[112.96822,28.20503],[112.96805,28.20517],[112.96752,28.20525],[112.96706,28.20531],[112.96666,28.20518]]}},{"type":"Feature","properties":{"fclass":"residential"},"geometry":{"type":"LineString","coordinates":[[112.96952,28.20539],[112.96869,28.20544]]}},{"type":"Feature","properties":{"fclass":"residential"},"geometry":{"type":"LineString","coordinates":[[112.96907,28.2041],[112.96904,28.20386],[112.96896,28.20356],[112.96872,28.20312],[112.96851,28.20266],[112.96839,28.20235],[112.9683,28.20219],[112.96828,28.2018],[112.96825,28.20144],[112.96823,28.20126],[112.9682,28.20066],[112.96821,28.19968],[112.96816,28.19914],[112.96815,28.19899]]}},{"type":"Feature","properties":{"fclass":"residential"},"geometry":{"type":"LineString","coordinates":[[112.96894,28.20296],[112.96923,28.20304],[112.96945,28.2031],[112.96983,28.20323],[112.9702,28.20342]]}},{"type":"Feature","properties":{"fclass":"residential"},"geometry":{"type":"LineString","coordinates":[[112.96839,28.20649],[112.96855,28.20714],[112.96861,28.20743],[112.96871,28.2079],[112.9688,28.20846]]}},{"type":"Feature","properties":{"fclass":"residential"},"geometry":{"type":"LineString","coordinates":[[112.96863,28.20646],[112.96868,28.20595],[112.96869,28.20577],[112.9687,28.20574],[112.9687,28.20559],[112.96869,28.20544],[112.96867,28.20508],[112.96867,28.20492],[112.96872,28.20465],[112.96869,28.20411]]}},{"type":"Feature","properties":{"fclass":"residential"},"geometry":{"type":"LineString","coordinates":[[112.97147,28.20719],[112.9714,28.20683],[112.9715,28.20653],[112.97161,28.20642],[112.97248,28.2062],[112.97255,28.20618],[112.97254,28.20571],[112.97251,28.20529],[112.97249,28.20503],[112.97246,28.20458],[112.97172,28.20401],[112.97167,28.20397],[112.97159,28.20376]]}},{"type":"Feature","properties":{"fclass":"residential"},"geometry":{"type":"LineString","coordinates":[[112.9713,28.20531],[112.97067,28.20535],[112.97034,28.20526]]}},{"type":"Feature","properties":{"fclass":"residential"},"geometry":{"type":"LineString","coordinates":[[112.96832,28.20747],[112.96861,28.20743],[112.96889,28.20739],[112.96915,28.20742],[112.96938,28.20764],[112.96965,28.20801]]}},{"type":"Feature","properties":{"fclass":"residential"},"geometry":{"type":"LineString","coordinates":[[112.99363,28.19992],[112.99359,28.19881]]}},{"type":"Feature","properties":{"fclass":"residential"},"geometry":{"type":"LineString","coordinates":[[112.9672,28.20669],[112.96738,28.20757],[112.96739,28.20768],[112.9674,28.20782],[112.96743,28.20803],[112.96744,28.20812],[112.96744,28.20817]]}},{"type":"Feature","properties":{"fclass":"residential"},"geometry":{"type":"LineString","coordinates":[[112.99169,28.20001],[112.99247,28.19994],[112.99363,28.19992],[112.99431,28.2],[112.99511,28.20013],[112.9955,28.20012],[112.99618,28.20001],[112.9978,28.19982],[112.99839,28.1998]]}},{"type":"Feature","properties":{"fclass":"residential"},"geometry":{"type":"LineString","coordinates":[[112.9903,28.20238],[112.99015,28.20241],[112.99001,28.20262],[112.98985,28.20295],[112.98984,28.20306],[112.98995,28.20332]]}},{"type":"Feature","properties":{"fclass":"residential"},"geometry":{"type":"LineString","coordinates":[[112.98921,28.21841],[112.98959,28.2191],[112.99021,28.22019]]}},{"type":"Feature","properties":{"fclass":"residential"},"geometry":{"type":"LineString","coordinates":[[112.98921,28.21841],[112.98981,28.21816],[112.99024,28.21798],[112.99042,28.21804],[112.99092,28.21917],[112.9911,28.21957],[112.9911,28.21981],[112.99111,28.22003],[112.99116,28.2203],[112.99133,28.22059],[112.992,28.22192],[112.99221,28.22233],[112.99261,28.22309],[112.99306,28.22393],[112.99322,28.22424],[112.99337,28.22459],[112.9934,28.22471],[112.99333,28.2261],[112.99334,28.22627],[112.99338,28.22634],[112.99365,28.22663]]}},{"type":"Feature","properties":{"fclass":"footway"},"geometry":{"type":"LineString","coordinates":[[113.00343,28.21398],[113.0035,28.21394],[113.00358,28.21389],[113.00374,28.21388],[113.00377,28.21398],[113.00383,28.21407],[113.00383,28.21411],[113.00371,28.21418],[113.00359,28.2142],[113.00337,28.21417],[113.00294,28.21407]]}},{"type":"Feature","properties":{"fclass":"residential"},"geometry":{"type":"LineString","coordinates":[[113.00394,28.21834],[113.00273,28.21927],[113.00191,28.2192]]}},{"type":"Feature","properties":{"fclass":"footway"},"geometry":{"type":"LineString","coordinates":[[113.00386,28.21353],[113.00375,28.21356]]}},{"type":"Feature","properties":{"fclass":"tertiary"},"geometry":{"type":"LineString","coordinates":[[113.00235,28.21607],[113.00391,28.21623]]}},{"type":"Feature","properties":{"fclass":"residential"},"geometry":{"type":"LineString","coordinates":[[113.00385,28.21293],[113.00298,28.21278],[113.00287,28.21277]]}},{"type":"Feature","properties":{"fclass":"footway"},"geometry":{"type":"LineString","coordinates":[[113.00386,28.2136],[113.00375,28.21356],[113.00349,28.21347],[113.00315,28.21352],[113.00305,28.21359],[113.00274,28.2133]]}},{"type":"Feature","properties":{"fclass":"secondary"},"geometry":{"type":"LineString","coordinates":[[113.00239,28.21475],[113.0025,28.21476],[113.00388,28.21496]]}},{"type":"Feature","properties":{"fclass":"footway"},"geometry":{"type":"LineString","coordinates":[[113.00387,28.21423],[113.00348,28.2143],[113.00335,28.21429],[113.00297,28.21413],[113.00287,28.2141],[113.00276,28.21414],[113.00273,28.21444],[113.00287,28.21464],[113.00316,28.2147],[113.00342,28.21469],[113.00382,28.21479],[113.00388,28.2148]]}},{"type":"Feature","properties":{"fclass":"residential"},"geometry":{"type":"LineString","coordinates":[[113.0038,28.21101],[113.00377,28.21121],[113.00327,28.21112],[113.00316,28.21111]]}},{"type":"Feature","properties":{"fclass":"footway"},"geometry":{"type":"LineString","coordinates":[[113.00297,28.21413],[113.00294,28.21407],[113.00292,28.214],[113.00285,28.21392],[113.00259,28.21393]]}},{"type":"Feature","properties":{"fclass":"footway"},"geometry":{"type":"LineString","coordinates":[[113.00285,28.21392],[113.00295,28.21385],[113.00295,28.21378],[113.00292,28.2137],[113.00281,28.21364],[113.00266,28.21361]]}},{"type":"Feature","properties":{"fclass":"residential"},"geometry":{"type":"LineString","coordinates":[[113.00393,28.21805],[113.00356,28.21766],[113.00333,28.21753],[113.00297,28.21744],[113.00219,28.21738],[113.00208,28.21737]]}},{"type":"Feature","properties":{"fclass":"footway"},"geometry":{"type":"LineString","coordinates":[[113.00292,28.214],[113.00304,28.21392],[113.00306,28.21375],[113.00305,28.21359],[113.00292,28.2137]]}},{"type":"Feature","properties":{"fclass":"footway"},"geometry":{"type":"LineString","coordinates":[[113.00388,28.21459],[113.00382,28.21479]]}},{"type":"Feature","properties":{"fclass":"service"},"geometry":{"type":"LineString","coordinates":[[113.00194,28.22221],[113.00217,28.22123],[113.00254,28.22079],[113.00396,28.2198]]}},{"type":"Feature","properties":{"fclass":"residential"},"geometry":{"type":"LineString","coordinates":[[113.00068,28.20434],[113.00101,28.20444],[113.00121,28.20457],[113.00133,28.20475],[113.00132,28.20543],[113.00133,28.20614],[113.00136,28.20664]]}},{"type":"Feature","properties":{"fclass":"residential"},"geometry":{"type":"LineString","coordinates":[[113.00133,28.20614],[113.00204,28.20621],[113.00233,28.20629],[113.00296,28.20661],[113.0034,28.20674],[113.00375,28.20674]]}},{"type":"Feature","properties":{"fclass":"residential"},"geometry":{"type":"LineString","coordinates":[[112.99831,28.15171],[112.99828,28.15164],[112.99805,28.15114],[112.9976,28.15003],[112.99741,28.14961],[112.99657,28.14749],[112.99617,28.14614],[112.99598,28.14552],[112.99564,28.14459],[112.99513,28.14379],[112.99388,28.1422]]}},{"type":"Feature","properties":{"fclass":"trunk_link"},"geometry":{"type":"LineString","coordinates":[[112.99167,28.15156],[112.99221,28.15169],[112.9926,28.15188]]}},{"type":"Feature","properties":{"fclass":"residential"},"geometry":{"type":"LineString","coordinates":[[112.99692,28.1692],[112.99784,28.16993],[112.99826,28.1701],[112.99872,28.17022],[112.9991,28.17027],[112.9997,28.17026],[113.00016,28.17025],[113.00071,28.17023],[113.00147,28.17022],[113.00146,28.17096],[113.00151,28.17104],[113.00163,28.17107],[113.00317,28.17104]]}},{"type":"Feature","properties":{"fclass":"residential"},"geometry":{"type":"LineString","coordinates":[[113.00237,28.1668],[113.0031,28.16683]]}},{"type":"Feature","properties":{"fclass":"tertiary"},"geometry":{"type":"LineString","coordinates":[[112.99565,28.1527],[112.99563,28.15273],[112.99518,28.15369],[112.99467,28.15447],[112.99368,28.15556],[112.99343,28.15609],[112.99343,28.15625],[112.99341,28.15714],[112.99344,28.1581],[112.9934,28.15858],[112.99336,28.1587],[112.99342,28.15973],[112.99356,28.16014],[112.99395,28.16074],[112.9946,28.16181],[112.99468,28.16188],[112.99564,28.16274],[112.99597,28.16312],[112.99614,28.16343],[112.99694,28.16558],[112.99699,28.16566],[112.99707,28.16577],[112.99732,28.1661]]}},{"type":"Feature","properties":{"fclass":"tertiary"},"geometry":{"type":"LineString","coordinates":[[112.9926,28.15188],[112.99392,28.15222],[112.99552,28.15266],[112.99555,28.15267],[112.99565,28.1527]]}},{"type":"Feature","properties":{"fclass":"residential"},"geometry":{"type":"LineString","coordinates":[[113.00306,28.16456],[113.00291,28.16467],[113.0028,28.16476],[113.00263,28.16499],[113.00244,28.16584],[113.00239,28.16608],[113.00239,28.16611],[113.00239,28.1662],[113.00239,28.16632],[113.00238,28.16641],[113.00238,28.16655],[113.00238,28.16665],[113.00237,28.16675],[113.00237,28.1668],[113.00237,28.16687],[113.00237,28.16693]]}},{"type":"Feature","properties":{"fclass":"residential"},"geometry":{"type":"LineString","coordinates":[[113.00291,28.18354],[113.00338,28.18397]]}},{"type":"Feature","properties":{"fclass":"trunk_link"},"geometry":{"type":"LineString","coordinates":[[112.99169,28.15173],[112.99129,28.15162],[112.99107,28.15152],[112.99084,28.15133],[112.99063,28.15109],[112.99044,28.15096],[112.9902,28.15086],[112.98997,28.15084]]}},{"type":"Feature","properties":{"fclass":"tertiary"},"geometry":{"type":"LineString","coordinates":[[112.9886,28.16576],[112.98882,28.16574],[112.98907,28.16574],[112.98946,28.16574],[112.99003,28.16574],[112.99183,28.16571],[112.9931,28.1657],[112.99546,28.16562],[112.99687,28.16558],[112.99694,28.16558]]}},{"type":"Feature","properties":{"fclass":"trunk_link"},"geometry":{"type":"LineString","coordinates":[[112.99259,28.15194],[112.99232,28.15188],[112.99226,28.15187],[112.99169,28.15173]]}},{"type":"Feature","properties":{"fclass":"residential"},"geometry":{"type":"LineString","coordinates":[[113.00153,28.17367],[113.00152,28.17359],[113.00153,28.17315],[113.00153,28.17292],[113.00154,28.17261],[113.00154,28.17247],[113.00154,28.17242],[113.00095,28.17242],[113.00095,28.17231],[113.00096,28.17222],[113.00096,28.17208],[113.00096,28.17193],[113.00097,28.17181],[113.00097,28.17172],[113.00098,28.17135],[113.00249,28.17128]]}},{"type":"Feature","properties":{"fclass":"tertiary"},"geometry":{"type":"LineString","coordinates":[[112.99927,28.1635],[112.99934,28.16344],[112.99956,28.16328],[113.00033,28.16256],[113.00071,28.16205],[113.00087,28.1619],[113.00104,28.16182],[113.00133,28.16185],[113.00303,28.16231]]}},{"type":"Feature","properties":{"fclass":"residential"},"geometry":{"type":"LineString","coordinates":[[112.9985,28.18134],[112.99925,28.18141],[112.99937,28.18134]]}},{"type":"Feature","properties":{"fclass":"residential"},"geometry":{"type":"LineString","coordinates":[[113.00119,28.16832],[113.00118,28.16693],[113.00237,28.16693],[113.0031,28.16695]]}},{"type":"Feature","properties":{"fclass":"residential"},"geometry":{"type":"LineString","coordinates":[[113.00219,28.17365],[113.00217,28.17404],[113.00217,28.17415],[113.00217,28.17429],[113.00216,28.1745],[113.00216,28.17455],[113.00216,28.1747],[113.00215,28.1748],[113.00215,28.17496],[113.00215,28.17504],[113.00215,28.17518],[113.00215,28.17529],[113.00214,28.17535]]}},{"type":"Feature","properties":{"fclass":"residential"},"geometry":{"type":"LineString","coordinates":[[112.98747,28.16319],[112.98694,28.16279],[112.98662,28.16257]]}},{"type":"Feature","properties":{"fclass":"residential"},"geometry":{"type":"LineString","coordinates":[[112.98419,28.16298],[112.98461,28.16319],[112.98529,28.16347],[112.98553,28.16365],[112.98508,28.16416],[112.9848,28.16448]]}},{"type":"Feature","properties":{"fclass":"residential"},"geometry":{"type":"LineString","coordinates":[[112.98508,28.16416],[112.98464,28.16391],[112.98454,28.16381],[112.98447,28.1636],[112.98451,28.16338],[112.98461,28.16319]]}},{"type":"Feature","properties":{"fclass":"residential"},"geometry":{"type":"LineString","coordinates":[[112.98189,28.15731],[112.98185,28.15721],[112.98178,28.157],[112.98136,28.15648],[112.98114,28.15605],[112.98096,28.15523],[112.9809,28.1551],[112.98089,28.15504],[112.98022,28.15496],[112.97974,28.1549]]}},{"type":"Feature","properties":{"fclass":"residential"},"geometry":{"type":"LineString","coordinates":[[112.9861,28.15844],[112.9861,28.15835],[112.98606,28.15714],[112.98569,28.15712]]}},{"type":"Feature","properties":{"fclass":"residential"},"geometry":{"type":"LineString","coordinates":[[112.98513,28.16227],[112.98523,28.16198],[112.98541,28.16154],[112.98575,28.16097],[112.98616,28.1603],[112.98621,28.16006],[112.98581,28.16005],[112.98567,28.15996]]}},{"type":"Feature","properties":{"fclass":"residential"},"geometry":{"type":"LineString","coordinates":[[112.98845,28.16318],[112.98747,28.16319],[112.98721,28.1632],[112.98617,28.16371]]}},{"type":"Feature","properties":{"fclass":"residential"},"geometry":{"type":"LineString","coordinates":[[112.98465,28.17848],[112.98416,28.17846],[112.98368,28.17846]]}},{"type":"Feature","properties":{"fclass":"residential"},"geometry":{"type":"LineString","coordinates":[[112.98506,28.17911],[112.98508,28.17996]]}},{"type":"Feature","properties":{"fclass":"residential"},"geometry":{"type":"LineString","coordinates":[[112.9865,28.16957],[112.98609,28.16958],[112.98607,28.16925]]}},{"type":"Feature","properties":{"fclass":"residential"},"geometry":{"type":"LineString","coordinates":[[112.98462,28.17825],[112.98416,28.17825],[112.98365,28.17824]]}},{"type":"Feature","properties":{"fclass":"residential"},"geometry":{"type":"LineString","coordinates":[[112.9897,28.1788],[112.98971,28.17906],[112.98966,28.17956],[112.98958,28.18]]}},{"type":"Feature","properties":{"fclass":"service"},"geometry":{"type":"LineString","coordinates":[[112.98751,28.19016],[112.98704,28.19018],[112.98671,28.19031],[112.98651,28.19039],[112.98646,28.19041],[112.98642,28.19047],[112.98635,28.19054],[112.98627,28.19063],[112.98613,28.19077],[112.98598,28.19094],[112.98571,28.19119],[112.98563,28.19122],[112.9855,28.19127],[112.98526,28.19132],[112.98518,28.19136],[112.98511,28.19141],[112.98497,28.19163],[112.98484,28.19197],[112.98483,28.1921],[112.98484,28.19224],[112.98484,28.19229],[112.98483,28.19234],[112.98479,28.19238],[112.98473,28.19241],[112.98462,28.19246],[112.98442,28.19254],[112.98409,28.19271],[112.98399,28.19277],[112.98382,28.19286],[112.98372,28.19289],[112.98349,28.1929],[112.98332,28.19291],[112.98295,28.193]]}},{"type":"Feature","properties":{"fclass":"residential"},"geometry":{"type":"LineString","coordinates":[[112.98521,28.16608],[112.98542,28.16663],[112.98564,28.16722],[112.98595,28.16808],[112.98592,28.16822],[112.98574,28.16841]]}},{"type":"Feature","properties":{"fclass":"residential"},"geometry":{"type":"LineString","coordinates":[[112.99061,28.18005],[112.98958,28.18],[112.98885,28.17991],[112.98878,28.18034]]}},{"type":"Feature","properties":{"fclass":"residential"},"geometry":{"type":"LineString","coordinates":[[112.98962,28.18951],[112.98965,28.19043],[112.9896,28.19055],[112.98959,28.19054],[112.98934,28.19066],[112.98933,28.19071],[112.98935,28.19079],[112.98969,28.19136],[112.98973,28.19143],[112.98991,28.19136],[112.99041,28.1913],[112.99087,28.19132],[112.99147,28.19138]]}},{"type":"Feature","properties":{"fclass":"residential"},"geometry":{"type":"LineString","coordinates":[[112.98408,28.17647],[112.98416,28.17686],[112.98417,28.17733],[112.98416,28.17796],[112.98416,28.17825],[112.98416,28.17846],[112.98416,28.1787]]}},{"type":"Feature","properties":{"fclass":"residential"},"geometry":{"type":"LineString","coordinates":[[112.98292,28.17793],[112.98416,28.17796],[112.98459,28.17797]]}},{"type":"Feature","properties":{"fclass":"residential"},"geometry":{"type":"LineString","coordinates":[[112.97636,28.19873],[112.97637,28.1988],[112.97642,28.19928],[112.97647,28.19985],[112.97648,28.19998],[112.97653,28.2004]]}},{"type":"Feature","properties":{"fclass":"residential"},"geometry":{"type":"LineString","coordinates":[[112.98957,28.18381],[112.98978,28.18325],[112.99024,28.18252]]}},{"type":"Feature","properties":{"fclass":"residential"},"geometry":{"type":"LineString","coordinates":[[112.98542,28.16663],[112.98499,28.16647],[112.98521,28.16608]]}},{"type":"Feature","properties":{"fclass":"residential"},"geometry":{"type":"LineString","coordinates":[[112.98505,28.17872],[112.98416,28.1787],[112.98366,28.17869]]}},{"type":"Feature","properties":{"fclass":"residential"},"geometry":{"type":"LineString","coordinates":[[112.97363,28.2005],[112.97319,28.20046],[112.97269,28.20034]]}},{"type":"Feature","properties":{"fclass":"residential"},"geometry":{"type":"LineString","coordinates":[[112.98713,28.16927],[112.98712,28.16983],[112.98678,28.16981],[112.9865,28.16957],[112.98649,28.16926]]}},{"type":"Feature","properties":{"fclass":"residential"},"geometry":{"type":"LineString","coordinates":[[112.98953,28.17879],[112.9897,28.1788],[112.99079,28.17876],[112.99092,28.17875]]}},{"type":"Feature","properties":{"fclass":"residential"},"geometry":{"type":"LineString","coordinates":[[112.97872,28.1789],[112.97849,28.17918]]}},{"type":"Feature","properties":{"fclass":"residential"},"geometry":{"type":"LineString","coordinates":[[112.9792,28.17881],[112.97903,28.17788]]}},{"type":"Feature","properties":{"fclass":"residential"},"geometry":{"type":"LineString","coordinates":[[112.97903,28.17788],[112.9783,28.1782],[112.97872,28.1789]]}},{"type":"Feature","properties":{"fclass":"residential"},"geometry":{"type":"LineString","coordinates":[[112.92221,28.17793],[112.92225,28.17781],[112.92227,28.17772],[112.92231,28.17755],[112.92219,28.17751],[112.92221,28.1774],[112.92223,28.17725],[112.92211,28.17724],[112.92213,28.17714],[112.92236,28.17716],[112.92306,28.17723],[112.9232,28.17638],[112.92326,28.17601],[112.92329,28.17561],[112.92335,28.17524],[112.92338,28.17508],[112.92348,28.17459],[112.92363,28.17359]]}},{"type":"Feature","properties":{"fclass":"unclassified"},"geometry":{"type":"LineString","coordinates":[[112.92423,28.17609],[112.9244,28.17605],[112.92466,28.17607],[112.92544,28.17614],[112.9255,28.17614],[112.92555,28.17612],[112.92559,28.1761],[112.92561,28.17606],[112.92561,28.176],[112.92565,28.1754],[112.92566,28.17537],[112.92569,28.17535],[112.92571,28.17533],[112.92575,28.17533],[112.92587,28.17534],[112.92591,28.17533],[112.92595,28.17532],[112.92598,28.17529],[112.92601,28.17526],[112.92604,28.17502],[112.92614,28.17435],[112.9262,28.17393],[112.9262,28.17389],[112.92613,28.17387],[112.92539,28.17379]]}},{"type":"Feature","properties":{"fclass":"trunk"},"geometry":{"type":"LineString","coordinates":[[112.91166,28.19811],[112.91106,28.20461]]}},{"type":"Feature","properties":{"fclass":"trunk"},"geometry":{"type":"LineString","coordinates":[[112.91082,28.20462],[112.91147,28.19809]]}},{"type":"Feature","properties":{"fclass":"trunk"},"geometry":{"type":"LineString","coordinates":[[112.91106,28.20461],[112.91076,28.2067],[112.91055,28.20796],[112.91035,28.20922],[112.91032,28.20942]]}},{"type":"Feature","properties":{"fclass":"trunk"},"geometry":{"type":"LineString","coordinates":[[112.91147,28.19809],[112.91149,28.19794],[112.91157,28.19751],[112.91169,28.19702],[112.91173,28.19688],[112.91186,28.19662],[112.91212,28.1961],[112.91258,28.19539]]}},{"type":"Feature","properties":{"fclass":"residential"},"geometry":{"type":"LineString","coordinates":[[112.92794,28.1676],[112.92792,28.16766],[112.92789,28.16782],[112.9278,28.16833],[112.92777,28.16851],[112.92774,28.1687],[112.9277,28.16893],[112.92764,28.16935],[112.92748,28.16997],[112.92729,28.17028],[112.92704,28.17031],[112.92704,28.17031]]}},{"type":"Feature","properties":{"fclass":"residential"},"geometry":{"type":"LineString","coordinates":[[112.92423,28.17609],[112.92394,28.17611],[112.92359,28.17607],[112.92326,28.17601]]}},{"type":"Feature","properties":{"fclass":"residential"},"geometry":{"type":"LineString","coordinates":[[112.92601,28.17022],[112.92563,28.17021],[112.92548,28.17022],[112.92527,28.17021],[112.92511,28.17016],[112.92505,28.17004],[112.92506,28.16998]]}},{"type":"Feature","properties":{"fclass":"residential"},"geometry":{"type":"LineString","coordinates":[[112.92444,28.17063],[112.92376,28.17055],[112.9235,28.17049],[112.92325,28.17047],[112.9232,28.17083],[112.92315,28.17112],[112.92313,28.17125],[112.92309,28.17152],[112.92305,28.17176],[112.92304,28.17195],[112.92307,28.17209],[112.92321,28.1724],[112.92329,28.17248],[112.92335,28.17255],[112.92373,28.17271],[112.92363,28.17359]]}},{"type":"Feature","properties":{"fclass":"residential"},"geometry":{"type":"LineString","coordinates":[[112.92434,28.17211],[112.92491,28.17219],[112.92493,28.17221],[112.92494,28.17223],[112.92495,28.17226],[112.92495,28.17229],[112.92489,28.17265],[112.92484,28.17269],[112.92481,28.17272],[112.9247,28.17276],[112.9246,28.17278],[112.92451,28.17278],[112.92373,28.17271]]}},{"type":"Feature","properties":{"fclass":"residential"},"geometry":{"type":"LineString","coordinates":[[112.9247,28.17276],[112.92465,28.17318],[112.92465,28.17322],[112.9246,28.17371]]}},{"type":"Feature","properties":{"fclass":"residential"},"geometry":{"type":"LineString","coordinates":[[112.92543,28.17028],[112.92542,28.17033],[112.92536,28.17069],[112.92491,28.17064],[112.92444,28.17063],[112.92448,28.17091],[112.92443,28.1712],[112.92439,28.17159],[112.92438,28.17174],[112.92436,28.17188],[112.92435,28.17207],[112.92434,28.17211],[112.92352,28.17202],[112.92337,28.17201]]}},{"type":"Feature","properties":{"fclass":"footway"},"geometry":{"type":"LineString","coordinates":[[112.92548,28.17022],[112.92543,28.17028]]}},{"type":"Feature","properties":{"fclass":"residential"},"geometry":{"type":"LineString","coordinates":[[112.92351,28.17209],[112.9235,28.17218],[112.92345,28.17232],[112.92329,28.17248]]}},{"type":"Feature","properties":{"fclass":"footway"},"geometry":{"type":"LineString","coordinates":[[112.92352,28.17202],[112.92351,28.17209]]}},{"type":"Feature","properties":{"fclass":"primary"},"geometry":{"type":"LineString","coordinates":[[112.91009,28.21367],[112.91015,28.21379],[112.91017,28.21392],[112.91009,28.21411],[112.90998,28.2142],[112.9099,28.21424],[112.90975,28.21427],[112.9096,28.21425],[112.90947,28.2142],[112.90945,28.21418],[112.90936,28.2141],[112.90932,28.21402],[112.90929,28.21389],[112.90931,28.21383],[112.90935,28.2137],[112.90947,28.21358],[112.90954,28.21355],[112.90961,28.21352],[112.90976,28.2135],[112.90991,28.21354],[112.90999,28.21358],[112.91009,28.21367]]}},{"type":"Feature","properties":{"fclass":"primary"},"geometry":{"type":"LineString","coordinates":[[112.90316,28.21236],[112.90411,28.21251],[112.90641,28.21309],[112.90651,28.21314],[112.90879,28.21363],[112.90899,28.21367],[112.90935,28.2137]]}},{"type":"Feature","properties":{"fclass":"primary"},"geometry":{"type":"LineString","coordinates":[[112.91391,28.21357],[112.91326,28.21362],[112.91241,28.21376],[112.91214,28.2138],[112.9116,28.21386],[112.91114,28.21389],[112.91052,28.21387],[112.91034,28.21385],[112.91015,28.21379]]}},{"type":"Feature","properties":{"fclass":"trunk"},"geometry":{"type":"LineString","coordinates":[[112.90128,28.21197],[112.90115,28.21193],[112.89775,28.21101]]}},{"type":"Feature","properties":{"fclass":"trunk"},"geometry":{"type":"LineString","coordinates":[[112.92195,28.21026],[112.9204,28.21143],[112.92033,28.21149],[112.91961,28.21204],[112.91914,28.21227],[112.9186,28.21252],[112.91806,28.21274],[112.91764,28.2129],[112.91716,28.21308],[112.91656,28.21318],[112.91396,28.21364]]}},{"type":"Feature","properties":{"fclass":"primary"},"geometry":{"type":"LineString","coordinates":[[112.91174,28.21405],[112.91124,28.21409],[112.91078,28.21409],[112.91009,28.21411]]}},{"type":"Feature","properties":{"fclass":"primary"},"geometry":{"type":"LineString","coordinates":[[112.90932,28.21402],[112.9087,28.21391],[112.90865,28.21391],[112.90862,28.2139],[112.90853,28.21389],[112.90846,28.21387],[112.90835,28.21385],[112.90758,28.21366],[112.90755,28.21365],[112.90642,28.21337],[112.90632,28.21335],[112.90496,28.21301],[112.90403,28.21275],[112.90318,28.21251]]}},{"type":"Feature","properties":{"fclass":"trunk"},"geometry":{"type":"LineString","coordinates":[[112.91396,28.21364],[112.91356,28.21371]]}},{"type":"Feature","properties":{"fclass":"primary"},"geometry":{"type":"LineString","coordinates":[[112.91396,28.21364],[112.91367,28.21375],[112.91218,28.214],[112.91174,28.21405]]}},{"type":"Feature","properties":{"fclass":"trunk"},"geometry":{"type":"LineString","coordinates":[[112.90128,28.21197],[112.90245,28.21218],[112.90316,28.21236],[112.90408,28.2126],[112.90409,28.21261]]}},{"type":"Feature","properties":{"fclass":"residential"},"geometry":{"type":"LineString","coordinates":[[112.92151,28.17335],[112.92151,28.17337],[112.9211,28.17576],[112.92106,28.17596],[112.92103,28.17612],[112.92088,28.17735]]}},{"type":"Feature","properties":{"fclass":"primary"},"geometry":{"type":"LineString","coordinates":[[112.96384,28.19901],[112.96139,28.19911],[112.95225,28.19949]]}},{"type":"Feature","properties":{"fclass":"tertiary"},"geometry":{"type":"LineString","coordinates":[[112.98262,28.20147],[112.98268,28.20158],[112.98275,28.20172],[112.98283,28.20239],[112.98282,28.20285],[112.98273,28.2035],[112.98276,28.20386],[112.98277,28.20392],[112.98288,28.20453],[112.98293,28.20487],[112.98297,28.20516],[112.98301,28.20592],[112.98304,28.2068],[112.98301,28.20682]]}},{"type":"Feature","properties":{"fclass":"secondary"},"geometry":{"type":"LineString","coordinates":[[112.98262,28.20147],[112.98231,28.20155]]}},{"type":"Feature","properties":{"fclass":"secondary"},"geometry":{"type":"LineString","coordinates":[[112.94948,28.2018],[112.94938,28.20169],[112.94927,28.19963]]}},{"type":"Feature","properties":{"fclass":"trunk"},"geometry":{"type":"LineString","coordinates":[[112.94917,28.19963],[112.9478,28.19967],[112.9471,28.19971],[112.94694,28.19971],[112.94684,28.19975]]}},{"type":"Feature","properties":{"fclass":"secondary"},"geometry":{"type":"LineString","coordinates":[[112.94937,28.19962],[112.94953,28.20169],[112.94948,28.2018]]}},{"type":"Feature","properties":{"fclass":"tertiary"},"geometry":{"type":"LineString","coordinates":[[112.94948,28.2018],[112.94954,28.20215],[112.95004,28.20325],[112.95121,28.20496],[112.95141,28.2053],[112.95196,28.20621]]}},{"type":"Feature","properties":{"fclass":"secondary"},"geometry":{"type":"LineString","coordinates":[[112.96291,28.18286],[112.96302,28.18284],[112.96328,28.1828],[112.96632,28.18245],[112.96646,28.18244],[112.96912,28.18224],[112.96928,28.18222],[112.96943,28.18218],[112.96977,28.18208],[112.96996,28.18202]]}},{"type":"Feature","properties":{"fclass":"primary"},"geometry":{"type":"LineString","coordinates":[[112.96291,28.18286],[112.96282,28.18195],[112.96278,28.18135],[112.96272,28.18062],[112.96244,28.17799],[112.96235,28.17698],[112.96225,28.17593],[112.96192,28.17261],[112.96181,28.17173],[112.96164,28.17035],[112.96153,28.16998],[112.96142,28.16967],[112.96115,28.16901],[112.96082,28.16852],[112.96012,28.16744],[112.95936,28.16602],[112.95895,28.16494],[112.95861,28.16348]]}},{"type":"Feature","properties":{"fclass":"secondary"},"geometry":{"type":"LineString","coordinates":[[112.96791,28.15273],[112.96814,28.15281],[112.96844,28.153],[112.96994,28.15363],[112.97042,28.15394],[112.97171,28.15476],[112.97257,28.15532],[112.97373,28.15609],[112.97388,28.15619],[112.97473,28.15675],[112.97684,28.15814],[112.97712,28.15838],[112.97743,28.15877],[112.97784,28.15939],[112.97827,28.15997]]}},{"type":"Feature","properties":{"fclass":"secondary"},"geometry":{"type":"LineString","coordinates":[[112.96507,28.16816],[112.96524,28.16733],[112.96527,28.1671],[112.96547,28.16538],[112.96554,28.16503],[112.96555,28.16492],[112.96564,28.16424],[112.9657,28.16382],[112.9658,28.16249],[112.96585,28.16183],[112.96611,28.16067],[112.96645,28.15933],[112.96657,28.15854],[112.96656,28.158],[112.9665,28.15756],[112.96624,28.15634],[112.96612,28.15573],[112.96612,28.15521],[112.96623,28.15468],[112.9664,28.15424],[112.96682,28.1537],[112.96695,28.15353],[112.96771,28.15286],[112.96791,28.15273]]}},{"type":"Feature","properties":{"fclass":"tertiary"},"geometry":{"type":"LineString","coordinates":[[112.96507,28.16816],[112.96533,28.16819]]}},{"type":"Feature","properties":{"fclass":"pedestrian"},"geometry":{"type":"LineString","coordinates":[[112.93817,28.18311],[112.93819,28.18282],[112.93858,28.18284],[112.93856,28.18313],[112.93817,28.18311]]}},{"type":"Feature","properties":{"fclass":"secondary"},"geometry":{"type":"LineString","coordinates":[[112.9427,28.1876],[112.94282,28.18755],[112.94398,28.18759],[112.94403,28.1876],[112.9442,28.18756],[112.94432,28.18754],[112.94441,28.18752],[112.94557,28.1873],[112.94565,28.18728],[112.94572,28.18728],[112.9459,28.18725],[112.94598,28.18723],[112.94835,28.18678],[112.94843,28.18677],[112.94862,28.18679]]}},{"type":"Feature","properties":{"fclass":"residential"},"geometry":{"type":"LineString","coordinates":[[112.96706,28.20531],[112.96711,28.20575],[112.96714,28.20591],[112.96715,28.20594],[112.96779,28.20586],[112.96841,28.20579],[112.96867,28.20577],[112.96869,28.20577]]}},{"type":"Feature","properties":{"fclass":"unclassified"},"geometry":{"type":"LineString","coordinates":[[112.9824,28.21144],[112.98229,28.21086],[112.98218,28.21034],[112.98202,28.20982],[112.9818,28.20935],[112.98176,28.20926]]}},{"type":"Feature","properties":{"fclass":"tertiary"},"geometry":{"type":"LineString","coordinates":[[112.99993,28.1592],[112.99997,28.15866],[113.00068,28.1582],[113.00072,28.15767],[113.00049,28.15726],[113.00016,28.1568],[113.00014,28.15637],[113.00031,28.1559],[113.00065,28.15552],[113.00081,28.15535],[113.00122,28.15463]]}},{"type":"Feature","properties":{"fclass":"tertiary"},"geometry":{"type":"LineString","coordinates":[[113.00286,28.20063],[113.00287,28.19939],[113.00315,28.1992],[113.00363,28.19918]]}},{"type":"Feature","properties":{"fclass":"service"},"geometry":{"type":"LineString","coordinates":[[113.00287,28.19939],[113.00225,28.1994]]}},{"type":"Feature","properties":{"fclass":"residential"},"geometry":{"type":"LineString","coordinates":[[113.00268,28.19398],[113.00269,28.19405],[113.0027,28.19548],[113.0027,28.19553],[113.0027,28.19614],[113.0032,28.19614]]}},{"type":"Feature","properties":{"fclass":"residential"},"geometry":{"type":"LineString","coordinates":[[113.0027,28.19548],[113.00357,28.19549]]}},{"type":"Feature","properties":{"fclass":"residential"},"geometry":{"type":"LineString","coordinates":[[113.00356,28.19504],[113.00342,28.19504]]}},{"type":"Feature","properties":{"fclass":"residential"},"geometry":{"type":"LineString","coordinates":[[112.99902,28.19759],[112.99898,28.19631],[112.99897,28.1962],[112.99897,28.19616],[112.99894,28.19542],[112.99941,28.19542],[113.0013,28.19543]]}},{"type":"Feature","properties":{"fclass":"residential"},"geometry":{"type":"LineString","coordinates":[[112.99897,28.19616],[112.99819,28.19618],[112.99739,28.1962],[112.99737,28.19583],[112.99736,28.19576],[112.99734,28.19553],[112.99663,28.19557],[112.99609,28.1956],[112.99602,28.1956]]}},{"type":"Feature","properties":{"fclass":"secondary"},"geometry":{"type":"LineString","coordinates":[[112.99612,28.1979],[112.99612,28.19771],[112.9961,28.19739],[112.99602,28.1956],[112.99597,28.19457],[112.99589,28.19408],[112.99589,28.19401]]}},{"type":"Feature","properties":{"fclass":"residential"},"geometry":{"type":"LineString","coordinates":[[112.99597,28.19457],[112.99659,28.19455],[112.9989,28.19448],[112.99896,28.19448],[112.99938,28.19447],[112.99939,28.19456],[112.99939,28.19465],[112.99939,28.1948],[112.9994,28.19488],[112.99941,28.19542]]}},{"type":"Feature","properties":{"fclass":"residential"},"geometry":{"type":"LineString","coordinates":[[112.99663,28.19557],[112.99663,28.19553],[112.99661,28.19515],[112.99661,28.19507],[112.99661,28.19496],[112.9966,28.19487],[112.9966,28.19478],[112.9966,28.1947],[112.99659,28.19455]]}},{"type":"Feature","properties":{"fclass":"footway"},"geometry":{"type":"LineString","coordinates":[[112.9442,28.18756],[112.94423,28.18736],[112.94436,28.18694],[112.94457,28.18664],[112.94476,28.18615],[112.94469,28.18601],[112.94487,28.18559],[112.94486,28.18492],[112.94514,28.18467],[112.94525,28.18399],[112.94503,28.18351],[112.94512,28.18269]]}},{"type":"Feature","properties":{"fclass":"residential"},"geometry":{"type":"LineString","coordinates":[[112.94037,28.17131],[112.94033,28.17128],[112.93986,28.17092],[112.93984,28.17064]]}},{"type":"Feature","properties":{"fclass":"residential"},"geometry":{"type":"LineString","coordinates":[[112.93984,28.16929],[112.94058,28.16929]]}},{"type":"Feature","properties":{"fclass":"residential"},"geometry":{"type":"LineString","coordinates":[[112.93984,28.1699],[112.94085,28.16991]]}},{"type":"Feature","properties":{"fclass":"residential"},"geometry":{"type":"LineString","coordinates":[[112.93986,28.16842],[112.93901,28.16828]]}},{"type":"Feature","properties":{"fclass":"footway"},"geometry":{"type":"LineString","coordinates":[[112.93984,28.16908],[112.93931,28.16909],[112.93901,28.16908]]}},{"type":"Feature","properties":{"fclass":"footway"},"geometry":{"type":"LineString","coordinates":[[112.93984,28.1699],[112.93901,28.16988]]}},{"type":"Feature","properties":{"fclass":"residential"},"geometry":{"type":"LineString","coordinates":[[112.93984,28.1696],[112.94078,28.16959]]}},{"type":"Feature","properties":{"fclass":"residential"},"geometry":{"type":"LineString","coordinates":[[112.93984,28.17019],[112.94083,28.1702]]}},{"type":"Feature","properties":{"fclass":"footway"},"geometry":{"type":"LineString","coordinates":[[112.93984,28.17052],[112.93901,28.17049]]}},{"type":"Feature","properties":{"fclass":"living_street"},"geometry":{"type":"LineString","coordinates":[[112.93907,28.18117],[112.93994,28.18116],[112.94003,28.18116],[112.94047,28.18116],[112.94052,28.18116],[112.94125,28.18114],[112.94125,28.18177],[112.94125,28.18256],[112.94122,28.18277]]}},{"type":"Feature","properties":{"fclass":"footway"},"geometry":{"type":"LineString","coordinates":[[112.93896,28.18256],[112.93973,28.18251],[112.9399,28.18254],[112.9406,28.18254],[112.94125,28.18256]]}},{"type":"Feature","properties":{"fclass":"footway"},"geometry":{"type":"LineString","coordinates":[[112.93901,28.18189],[112.93971,28.18188]]}},{"type":"Feature","properties":{"fclass":"footway"},"geometry":{"type":"LineString","coordinates":[[112.93981,28.18188],[112.93981,28.18172],[112.93977,28.18172],[112.93979,28.18149],[112.93994,28.18116]]}},{"type":"Feature","properties":{"fclass":"living_street"},"geometry":{"type":"LineString","coordinates":[[112.93815,28.18331],[112.93807,28.1837],[112.93787,28.18414]]}},{"type":"Feature","properties":{"fclass":"footway"},"geometry":{"type":"LineString","coordinates":[[112.93807,28.1837],[112.93843,28.18373],[112.93858,28.18374]]}},{"type":"Feature","properties":{"fclass":"path"},"geometry":{"type":"LineString","coordinates":[[112.93788,28.18446],[112.93732,28.18433],[112.93685,28.18421],[112.93689,28.18392],[112.93734,28.18391]]}},{"type":"Feature","properties":{"fclass":"living_street"},"geometry":{"type":"LineString","coordinates":[[112.93878,28.18333],[112.93845,28.18332],[112.93815,28.18331],[112.93797,28.1833],[112.93772,28.18329],[112.93731,28.18328],[112.93734,28.18391],[112.93689,28.18392],[112.93685,28.18421],[112.93788,28.18446],[112.93875,28.1846],[112.93933,28.18459]]}},{"type":"Feature","properties":{"fclass":"footway"},"geometry":{"type":"LineString","coordinates":[[112.93929,28.18419],[112.93787,28.18414]]}},{"type":"Feature","properties":{"fclass":"living_street"},"geometry":{"type":"LineString","coordinates":[[112.93787,28.18414],[112.93788,28.18446]]}},{"type":"Feature","properties":{"fclass":"tertiary"},"geometry":{"type":"LineString","coordinates":[[112.94915,28.1995],[112.94909,28.19844],[112.94906,28.19796],[112.94904,28.19773],[112.94885,28.19705],[112.94877,28.1968]]}},{"type":"Feature","properties":{"fclass":"tertiary"},"geometry":{"type":"LineString","coordinates":[[112.94385,28.20255],[112.9447,28.20269],[112.94553,28.20274],[112.94594,28.20269],[112.946,28.20269],[112.94678,28.20243],[112.94706,28.20231],[112.94741,28.20217],[112.94781,28.202],[112.94847,28.20184],[112.94893,28.2018],[112.9493,28.20181],[112.94948,28.2018]]}},{"type":"Feature","properties":{"fclass":"secondary"},"geometry":{"type":"LineString","coordinates":[[112.96676,28.18728],[112.96666,28.18611]]}},{"type":"Feature","properties":{"fclass":"tertiary"},"geometry":{"type":"LineString","coordinates":[[112.9652,28.18503],[112.96518,28.18444],[112.96564,28.18405],[112.96555,28.18338],[112.9654,28.18327],[112.96522,28.1833],[112.96445,28.18344]]}},{"type":"Feature","properties":{"fclass":"residential"},"geometry":{"type":"LineString","coordinates":[[112.9882,28.19434],[112.98819,28.19337],[112.98819,28.1933],[112.98772,28.1933],[112.98771,28.19229],[112.98757,28.19228],[112.98754,28.19145],[112.98752,28.19081],[112.98751,28.19016],[112.98744,28.18934]]}},{"type":"Feature","properties":{"fclass":"residential"},"geometry":{"type":"LineString","coordinates":[[112.98473,28.19433],[112.98473,28.1941],[112.98473,28.19391],[112.98474,28.19369],[112.98474,28.19357],[112.98474,28.19345],[112.98474,28.19334],[112.98474,28.19325],[112.98474,28.19314],[112.98475,28.19296],[112.98475,28.19287],[112.98475,28.19279],[112.98475,28.19273]]}},{"type":"Feature","properties":{"fclass":"service"},"geometry":{"type":"LineString","coordinates":[[112.98325,28.1935],[112.98352,28.1935],[112.98395,28.1935],[112.98395,28.19355],[112.98395,28.19369],[112.98421,28.19369],[112.98467,28.19371],[112.98467,28.19406],[112.98466,28.19432]]}},{"type":"Feature","properties":{"fclass":"residential"},"geometry":{"type":"LineString","coordinates":[[112.98757,28.19228],[112.98653,28.19224],[112.98626,28.19221],[112.98622,28.1923],[112.98591,28.19281],[112.98577,28.19283],[112.98577,28.19287],[112.98526,28.19298],[112.98526,28.19324],[112.98525,28.19343],[112.98524,28.19364],[112.98524,28.19367],[112.98524,28.19386],[112.98523,28.19409],[112.98566,28.19409]]}},{"type":"Feature","properties":{"fclass":"residential"},"geometry":{"type":"LineString","coordinates":[[112.92895,28.16378],[112.9288,28.16377],[112.92867,28.16377],[112.92872,28.16335],[112.92882,28.16303]]}},{"type":"Feature","properties":{"fclass":"residential"},"geometry":{"type":"LineString","coordinates":[[113.00068,28.20434],[113.00096,28.20353]]}},{"type":"Feature","properties":{"fclass":"residential"},"geometry":{"type":"LineString","coordinates":[[113.00096,28.20353],[113.00141,28.20229],[113.00149,28.20184],[113.00143,28.20069],[113.00143,28.20059]]}},{"type":"Feature","properties":{"fclass":"primary_link"},"geometry":{"type":"LineString","coordinates":[[112.98071,28.21159],[112.98062,28.21146]]}},{"type":"Feature","properties":{"fclass":"residential"},"geometry":{"type":"LineString","coordinates":[[112.97979,28.21131],[112.97941,28.21134],[112.97936,28.21133],[112.97932,28.21131],[112.97926,28.21127],[112.97926,28.21125],[112.97922,28.21093],[112.97921,28.21085],[112.9792,28.21076],[112.97913,28.21019],[112.9797,28.21013],[112.97974,28.21044],[112.98002,28.21041],[112.98006,28.21069]]}},{"type":"Feature","properties":{"fclass":"primary"},"geometry":{"type":"LineString","coordinates":[[112.92392,28.20862],[112.92279,28.20737],[112.92146,28.206],[112.92094,28.20556],[112.92021,28.20505],[112.91943,28.20462],[112.91834,28.20421],[112.91681,28.20372],[112.91547,28.2035],[112.91404,28.20341],[112.91202,28.20327],[112.91021,28.20309],[112.90797,28.20246]]}},{"type":"Feature","properties":{"fclass":"trunk_link"},"geometry":{"type":"LineString","coordinates":[[112.91106,28.20461],[112.91122,28.20483],[112.91136,28.20492],[112.91152,28.20497],[112.91164,28.20497],[112.91184,28.20489],[112.91218,28.20439],[112.91241,28.20401],[112.91247,28.20385],[112.91246,28.20375],[112.91242,28.20362],[112.91235,28.2035],[112.91223,28.20338],[112.91202,28.20327]]}},{"type":"Feature","properties":{"fclass":"trunk_link"},"geometry":{"type":"LineString","coordinates":[[112.91051,28.20682],[112.91023,28.20597],[112.9095,28.20444],[112.90903,28.20346],[112.90879,28.20308],[112.90851,28.20281],[112.90797,28.20246]]}},{"type":"Feature","properties":{"fclass":"trunk_link"},"geometry":{"type":"LineString","coordinates":[[112.91074,28.20489],[112.91061,28.20506],[112.91056,28.20514],[112.9105,28.20519],[112.91043,28.20524],[112.91037,28.20526],[112.91031,28.20528],[112.91023,28.20528],[112.91018,28.20527],[112.91013,28.20525],[112.91006,28.20519],[112.91003,28.20515],[112.90942,28.20378],[112.9094,28.2036],[112.90939,28.20347],[112.90943,28.20336],[112.90954,28.20324],[112.90963,28.20319],[112.90975,28.20313],[112.90989,28.2031],[112.91001,28.20309],[112.91021,28.20309]]}},{"type":"Feature","properties":{"fclass":"trunk_link"},"geometry":{"type":"LineString","coordinates":[[112.91404,28.20341],[112.91333,28.20358],[112.91307,28.2037],[112.91269,28.204],[112.91149,28.20574],[112.91076,28.2067]]}},{"type":"Feature","properties":{"fclass":"primary"},"geometry":{"type":"LineString","coordinates":[[112.90766,28.20229],[112.90804,28.20231],[112.91002,28.20281],[112.91206,28.203],[112.91352,28.2031],[112.91441,28.20318],[112.91519,28.20324],[112.91636,28.20339],[112.91737,28.20361],[112.91826,28.2039],[112.91912,28.20428],[112.91952,28.20453],[112.92033,28.20498],[112.92147,28.20585],[112.92274,28.20719],[112.92405,28.20852]]}},{"type":"Feature","properties":{"fclass":"trunk_link"},"geometry":{"type":"LineString","coordinates":[[112.90891,28.21728],[112.90887,28.21688],[112.9091,28.2157],[112.90934,28.21481]]}},{"type":"Feature","properties":{"fclass":"tertiary"},"geometry":{"type":"LineString","coordinates":[[112.98297,28.19847],[112.9816,28.1985],[112.98111,28.19862],[112.98063,28.19896],[112.98014,28.19992],[112.98003,28.20066]]}},{"type":"Feature","properties":{"fclass":"primary"},"geometry":{"type":"LineString","coordinates":[[112.98103,28.19695],[112.98111,28.19678],[112.98125,28.19647],[112.98131,28.19638],[112.98149,28.19621]]}},{"type":"Feature","properties":{"fclass":"primary"},"geometry":{"type":"LineString","coordinates":[[112.98016,28.17854],[112.98029,28.17902],[112.98063,28.1808],[112.98098,28.1826],[112.98109,28.1836],[112.98107,28.18569],[112.98108,28.18583],[112.98117,28.18639],[112.9814,28.18922],[112.98141,28.18933],[112.9815,28.1906],[112.98164,28.19169],[112.98187,28.19315],[112.98192,28.19348],[112.98194,28.1936],[112.98194,28.19372],[112.982,28.1943],[112.98198,28.19456],[112.98195,28.19488],[112.98181,28.19566],[112.9816,28.19624],[112.98154,28.19637],[112.98139,28.19669],[112.98124,28.19694]]}},{"type":"Feature","properties":{"fclass":"trunk_link"},"geometry":{"type":"LineString","coordinates":[[112.97994,28.19831],[112.98067,28.19793]]}},{"type":"Feature","properties":{"fclass":"trunk_link"},"geometry":{"type":"LineString","coordinates":[[112.98098,28.19793],[112.98104,28.19811],[112.98112,28.19819],[112.98122,28.19827]]}},{"type":"Feature","properties":{"fclass":"trunk_link"},"geometry":{"type":"LineString","coordinates":[[112.98043,28.19846],[112.98054,28.19828],[112.98061,28.19812],[112.98067,28.19793],[112.98103,28.19695]]}},{"type":"Feature","properties":{"fclass":"trunk_link"},"geometry":{"type":"LineString","coordinates":[[112.97993,28.19974],[112.98009,28.19933],[112.98028,28.1987],[112.98026,28.19858],[112.98011,28.19847]]}},{"type":"Feature","properties":{"fclass":"primary"},"geometry":{"type":"LineString","coordinates":[[112.98124,28.19694],[112.98131,28.19667],[112.98144,28.19633],[112.98149,28.19621],[112.9817,28.19563],[112.98184,28.19486],[112.98188,28.19434],[112.98188,28.1943],[112.98184,28.19383],[112.98182,28.19361],[112.98152,28.1917],[112.98137,28.19061],[112.98119,28.18938],[112.98119,28.18926],[112.98095,28.18594],[112.98091,28.18579],[112.98093,28.18489],[112.98097,28.1836],[112.98086,28.18261],[112.98052,28.18082],[112.98011,28.17898],[112.98001,28.17857]]}},{"type":"Feature","properties":{"fclass":"trunk_link"},"geometry":{"type":"LineString","coordinates":[[112.98028,28.1987],[112.98036,28.19855],[112.98043,28.19846]]}},{"type":"Feature","properties":{"fclass":"primary"},"geometry":{"type":"LineString","coordinates":[[112.9816,28.19624],[112.98148,28.19673]]}},{"type":"Feature","properties":{"fclass":"trunk_link"},"geometry":{"type":"LineString","coordinates":[[112.98081,28.19828],[112.9807,28.19845],[112.9806,28.19883],[112.98014,28.19992]]}},{"type":"Feature","properties":{"fclass":"trunk_link"},"geometry":{"type":"LineString","coordinates":[[112.98127,28.19843],[112.98095,28.19861],[112.9806,28.19883]]}},{"type":"Feature","properties":{"fclass":"trunk_link"},"geometry":{"type":"LineString","coordinates":[[112.98148,28.19673],[112.98098,28.19793],[112.98091,28.19811],[112.98081,28.19828]]}},{"type":"Feature","properties":{"fclass":"footway"},"geometry":{"type":"LineString","coordinates":[[112.94052,28.18291],[112.94049,28.18291],[112.94039,28.18291],[112.94039,28.18285]]}},{"type":"Feature","properties":{"fclass":"footway"},"geometry":{"type":"LineString","coordinates":[[112.93878,28.18333],[112.93883,28.18295],[112.93896,28.18282]]}},{"type":"Feature","properties":{"fclass":"secondary"},"geometry":{"type":"LineString","coordinates":[[113.00143,28.20059],[113.00286,28.20063],[113.00365,28.20062]]}},{"type":"Feature","properties":{"fclass":"primary"},"geometry":{"type":"LineString","coordinates":[[113.00085,28.23372],[113.00085,28.23334],[113.00086,28.2332],[113.00086,28.23312],[113.00091,28.23293],[113.00105,28.23243],[113.00107,28.23233],[113.00109,28.23095],[113.00111,28.22951],[113.00115,28.22867],[113.00138,28.22712],[113.00147,28.22664],[113.0015,28.22615],[113.00138,28.22453],[113.00143,28.22373],[113.00167,28.22177],[113.00173,28.22111],[113.00175,28.2209],[113.00181,28.22029],[113.00184,28.21992],[113.00191,28.2192],[113.00208,28.21737],[113.00229,28.21549],[113.00239,28.21475],[113.00259,28.21393],[113.00266,28.21361],[113.00274,28.2133],[113.00287,28.21277],[113.00316,28.21111],[113.00325,28.21028],[113.00327,28.21015],[113.0033,28.20982],[113.00334,28.20941],[113.00377,28.20813]]}},{"type":"Feature","properties":{"fclass":"tertiary"},"geometry":{"type":"LineString","coordinates":[[112.97873,28.20182],[112.97854,28.20175],[112.97838,28.20162],[112.97828,28.20149],[112.97821,28.20133],[112.97833,28.20046],[112.97834,28.20038],[112.97836,28.20022],[112.97839,28.19978],[112.9784,28.19973],[112.97848,28.19951],[112.97868,28.19908],[112.97877,28.19891],[112.97888,28.19878]]}},{"type":"Feature","properties":{"fclass":"tertiary"},"geometry":{"type":"LineString","coordinates":[[112.97873,28.20182],[112.97826,28.2021],[112.97796,28.20226],[112.97754,28.20239],[112.9769,28.20261],[112.97573,28.20295],[112.97559,28.203],[112.97446,28.20329],[112.97334,28.20347],[112.97241,28.20361],[112.97159,28.20376],[112.9709,28.2039]]}},{"type":"Feature","properties":{"fclass":"secondary"},"geometry":{"type":"LineString","coordinates":[[112.98262,28.20147],[112.98575,28.20121],[112.98589,28.2012],[112.98741,28.20114],[112.99017,28.20095],[112.99165,28.20087],[112.99178,28.20087],[112.99218,28.20086],[112.99386,28.2009],[112.99505,28.20086],[112.99843,28.20057],[113.00143,28.20059]]}},{"type":"Feature","properties":{"fclass":"tertiary"},"geometry":{"type":"LineString","coordinates":[[113.00143,28.20059],[113.00136,28.19876],[113.00133,28.19765]]}},{"type":"Feature","properties":{"fclass":"tertiary"},"geometry":{"type":"LineString","coordinates":[[113.00133,28.19765],[113.00133,28.19752],[113.0013,28.1955],[113.0013,28.19543],[113.00126,28.19403],[113.00127,28.19395],[113.00122,28.19242],[113.00125,28.19029],[113.00125,28.1888],[113.00126,28.18862],[113.00127,28.1885],[113.00129,28.18679],[113.00131,28.1857],[113.001,28.18553],[113.00051,28.18545],[112.99979,28.18538],[112.99867,28.18514],[112.99818,28.18508],[112.99755,28.18504]]}},{"type":"Feature","properties":{"fclass":"trunk"},"geometry":{"type":"LineString","coordinates":[[113.00133,28.19765],[112.9983,28.19776],[112.9962,28.1979],[112.99612,28.1979],[112.99528,28.19792],[112.99369,28.19796],[112.99278,28.19797]]}},{"type":"Feature","properties":{"fclass":"residential"},"geometry":{"type":"LineString","coordinates":[[112.9407,28.17103],[112.9421,28.17188],[112.94257,28.17194],[112.94337,28.17207],[112.94368,28.17219],[112.94401,28.17241],[112.94432,28.17268],[112.94475,28.17316],[112.94502,28.17342],[112.94547,28.17394],[112.94585,28.17423],[112.9463,28.17438],[112.94634,28.17438],[112.94671,28.17444],[112.94701,28.17448],[112.94724,28.17451]]}},{"type":"Feature","properties":{"fclass":"secondary"},"geometry":{"type":"LineString","coordinates":[[112.9387,28.1733],[112.93861,28.17307],[112.93855,28.17299],[112.93829,28.17268],[112.93715,28.1711],[112.93671,28.17065],[112.93641,28.1705],[112.93633,28.17047],[112.93569,28.17015],[112.93515,28.16992],[112.93379,28.16951],[112.93224,28.16905],[112.93174,28.16886],[112.93105,28.16863],[112.93022,28.16836],[112.92981,28.16817],[112.92883,28.16777],[112.92794,28.1676],[112.92733,28.16748],[112.92703,28.16739],[112.92687,28.16735],[112.92682,28.16733],[112.92667,28.16728],[112.92652,28.16721],[112.92646,28.16717],[112.9262,28.16691],[112.92596,28.16661],[112.92542,28.16574],[112.92509,28.16536],[112.92495,28.16528],[112.92448,28.16503],[112.92412,28.16489],[112.92364,28.16488],[112.92324,28.16489],[112.92231,28.16494],[112.92146,28.16503],[112.92072,28.16505],[112.91897,28.16514],[112.91873,28.16522]]}},{"type":"Feature","properties":{"fclass":"residential"},"geometry":{"type":"LineString","coordinates":[[112.98038,28.21065],[112.98006,28.21069],[112.98012,28.21119],[112.98012,28.21125],[112.98006,28.21128],[112.97979,28.21131],[112.97984,28.21176]]}},{"type":"Feature","properties":{"fclass":"tertiary"},"geometry":{"type":"LineString","coordinates":[[112.98064,28.20733],[112.98073,28.20875],[112.98092,28.21144],[112.98094,28.21168]]}},{"type":"Feature","properties":{"fclass":"tertiary"},"geometry":{"type":"LineString","coordinates":[[112.98063,28.21171],[112.98062,28.21146],[112.98043,28.20877],[112.98033,28.20782],[112.98032,28.20729]]}},{"type":"Feature","properties":{"fclass":"residential"},"geometry":{"type":"LineString","coordinates":[[112.9736,28.19891],[112.97486,28.19886],[112.97522,28.19885],[112.97542,28.19896]]}},{"type":"Feature","properties":{"fclass":"primary"},"geometry":{"type":"LineString","coordinates":[[112.97999,28.20025],[112.97999,28.1999]]}},{"type":"Feature","properties":{"fclass":"tertiary"},"geometry":{"type":"LineString","coordinates":[[112.97076,28.19921],[112.9707,28.19908],[112.97063,28.19901],[112.97058,28.19897],[112.97047,28.19894],[112.96902,28.19897],[112.96873,28.19898],[112.96815,28.19899],[112.96655,28.19907],[112.96635,28.19908],[112.9663,28.19908],[112.96622,28.19908],[112.96526,28.19913],[112.96501,28.19923]]}},{"type":"Feature","properties":{"fclass":"primary_link"},"geometry":{"type":"LineString","coordinates":[[112.97992,28.20012],[112.97993,28.19974]]}},{"type":"Feature","properties":{"fclass":"primary"},"geometry":{"type":"LineString","coordinates":[[112.97999,28.20025],[112.97995,28.20096],[112.97994,28.20156],[112.98007,28.20298],[112.98033,28.20498],[112.98049,28.20639],[112.98055,28.20686]]}},{"type":"Feature","properties":{"fclass":"primary"},"geometry":{"type":"LineString","coordinates":[[112.95905,28.16494],[112.95943,28.166],[112.95978,28.16669],[112.95993,28.16695],[112.9602,28.16741],[112.96023,28.16745],[112.9607,28.16815],[112.96087,28.1684],[112.96095,28.16853],[112.96124,28.16898],[112.96127,28.16905],[112.96156,28.16965],[112.96177,28.1704],[112.96193,28.17172],[112.96205,28.17273],[112.96247,28.17697],[112.96283,28.18062],[112.96289,28.18131],[112.96302,28.18284],[112.96304,28.18302],[112.96322,28.1846],[112.96326,28.18511],[112.96334,28.18615],[112.96358,28.18735],[112.9637,28.18838],[112.96381,28.18915],[112.96387,28.19003],[112.96387,28.19105],[112.96379,28.1919],[112.96377,28.19199],[112.96358,28.19302],[112.96337,28.19439],[112.96326,28.19504],[112.96326,28.19544],[112.96326,28.19549],[112.96336,28.19685],[112.96343,28.19772],[112.96343,28.19774],[112.96343,28.19793],[112.96346,28.19915],[112.96346,28.19924],[112.96354,28.20005],[112.96358,28.20024],[112.96358,28.20029],[112.96382,28.20106],[112.96394,28.20138],[112.9647,28.20347],[112.96483,28.20379],[112.96496,28.20433],[112.96506,28.20501],[112.96533,28.20689]]}},{"type":"Feature","properties":{"fclass":"tertiary"},"geometry":{"type":"LineString","coordinates":[[112.97979,28.20024],[112.97992,28.20012]]}},{"type":"Feature","properties":{"fclass":"tertiary"},"geometry":{"type":"LineString","coordinates":[[112.97888,28.19878],[112.9786,28.19867],[112.97836,28.19865],[112.97806,28.19867],[112.97805,28.19867],[112.97636,28.19873],[112.97555,28.19875],[112.97541,28.19876],[112.97359,28.19881],[112.97273,28.19883],[112.97262,28.19884],[112.97107,28.1989],[112.97103,28.19891],[112.97098,28.19892],[112.97094,28.19898],[112.97088,28.19912]]}},{"type":"Feature","properties":{"fclass":"tertiary"},"geometry":{"type":"LineString","coordinates":[[112.98024,28.20671],[112.98021,28.20643],[112.98013,28.20545],[112.98009,28.20501],[112.97991,28.20315],[112.97972,28.20156],[112.97973,28.20096],[112.97979,28.20024]]}},{"type":"Feature","properties":{"fclass":"tertiary"},"geometry":{"type":"LineString","coordinates":[[112.97979,28.20024],[112.9798,28.20022],[112.97988,28.19963],[112.98017,28.19892],[112.98018,28.19886],[112.98015,28.19876],[112.98009,28.19867],[112.97995,28.19859],[112.97988,28.19857],[112.9798,28.19856],[112.97968,28.19855],[112.97938,28.19856],[112.97906,28.19857]]}},{"type":"Feature","properties":{"fclass":"secondary"},"geometry":{"type":"LineString","coordinates":[[112.98038,28.207],[112.98016,28.20701],[112.97972,28.20705],[112.97912,28.20709],[112.97716,28.20734],[112.97593,28.2076],[112.9758,28.20763],[112.97528,28.20777],[112.97466,28.20791],[112.97331,28.20818],[112.97216,28.20831],[112.97195,28.20827],[112.97061,28.20843],[112.97052,28.20844],[112.97041,28.20846],[112.96894,28.20861],[112.96882,28.20862],[112.96586,28.209],[112.96563,28.209],[112.96554,28.20902]]}},{"type":"Feature","properties":{"fclass":"primary_link"},"geometry":{"type":"LineString","coordinates":[[112.98014,28.19992],[112.98009,28.20002],[112.97999,28.20025]]}},{"type":"Feature","properties":{"fclass":"secondary"},"geometry":{"type":"LineString","coordinates":[[113.00098,28.20936],[112.99993,28.20908],[112.99911,28.20901],[112.99842,28.20904],[112.99748,28.20914],[112.99691,28.20923],[112.99606,28.2094],[112.9956,28.20946],[112.99522,28.20949],[112.99436,28.20947],[112.99351,28.20936],[112.9927,28.20918],[112.99233,28.20906],[112.99181,28.20882],[112.99063,28.2082],[112.99037,28.20807],[112.9898,28.20783],[112.98922,28.20764],[112.98823,28.20734],[112.98758,28.20717],[112.98718,28.20708],[112.98684,28.20704],[112.98641,28.20701]]}},{"type":"Feature","properties":{"fclass":"primary"},"geometry":{"type":"LineString","coordinates":[[112.98055,28.20686],[112.98055,28.20699],[112.98055,28.20724],[112.98058,28.20762],[112.98068,28.20918],[112.98089,28.21158],[112.9809,28.21168]]}},{"type":"Feature","properties":{"fclass":"primary"},"geometry":{"type":"LineString","coordinates":[[112.9809,28.21168],[112.9809,28.21176],[112.98109,28.2134],[112.9811,28.21345],[112.9812,28.21515],[112.98121,28.21532],[112.98133,28.21676],[112.98133,28.21683],[112.98145,28.21883],[112.98191,28.22653],[112.98191,28.22658],[112.98191,28.22663],[112.98195,28.22745],[112.98198,28.22926]]}},{"type":"Feature","properties":{"fclass":"tertiary"},"geometry":{"type":"LineString","coordinates":[[112.98059,28.20658],[112.98041,28.20514],[112.98022,28.20311],[112.98006,28.20184],[112.98003,28.20154],[112.98002,28.20105],[112.98003,28.20066],[112.97999,28.20025]]}},{"type":"Feature","properties":{"fclass":"residential"},"geometry":{"type":"LineString","coordinates":[[112.98062,28.21146],[112.98045,28.21135],[112.98038,28.21065]]}},{"type":"Feature","properties":{"fclass":"primary"},"geometry":{"type":"LineString","coordinates":[[112.97999,28.1999],[112.98044,28.19875]]}},{"type":"Feature","properties":{"fclass":"primary"},"geometry":{"type":"LineString","coordinates":[[112.97992,28.20012],[112.97999,28.1999]]}},{"type":"Feature","properties":{"fclass":"footway"},"geometry":{"type":"LineString","coordinates":[[112.93989,28.18145],[112.93977,28.18145]]}},{"type":"Feature","properties":{"fclass":"primary"},"geometry":{"type":"LineString","coordinates":[[112.951,28.19898],[112.95094,28.19862],[112.95083,28.19808],[112.95081,28.19798],[112.95037,28.19602],[112.95023,28.19505],[112.94976,28.19187],[112.94971,28.19149],[112.94953,28.19046],[112.9495,28.19033],[112.94932,28.18962],[112.94846,28.18687],[112.94843,28.18677],[112.9483,28.18616],[112.94774,28.18274],[112.94771,28.18256],[112.94769,28.18244],[112.94768,28.18236],[112.94767,28.18231],[112.94756,28.18139],[112.94752,28.18075],[112.94751,28.18007],[112.94755,28.17893],[112.94752,28.17855],[112.94721,28.17524],[112.94723,28.17479],[112.94724,28.17451],[112.94725,28.17439],[112.9475,28.17223],[112.94767,28.17083],[112.94789,28.16916],[112.94794,28.16882],[112.94798,28.16854],[112.94803,28.16807],[112.94816,28.16688],[112.94823,28.16625],[112.94832,28.16547],[112.94832,28.16494],[112.94832,28.1646],[112.94829,28.16404],[112.94828,28.16373],[112.94821,28.16297],[112.94809,28.16228],[112.94798,28.1617],[112.9478,28.16101],[112.94756,28.16028],[112.94732,28.15956],[112.94649,28.1577],[112.94627,28.15721],[112.94606,28.1567],[112.9459,28.15604],[112.94584,28.15554],[112.94583,28.15545],[112.94575,28.15502],[112.94573,28.15445],[112.94573,28.15382],[112.94572,28.15304],[112.94561,28.15139],[112.94528,28.14909],[112.94512,28.1471],[112.94509,28.14665],[112.94511,28.14615],[112.94516,28.14493],[112.94516,28.1448],[112.94514,28.14461],[112.945,28.14444],[112.94491,28.14431],[112.94489,28.14425],[112.9449,28.14413],[112.94495,28.14406],[112.94504,28.14391],[112.94517,28.14372],[112.94533,28.14289],[112.94533,28.1421],[112.94534,28.14138],[112.94525,28.14097],[112.94509,28.14074]]}},{"type":"Feature","properties":{"fclass":"residential"},"geometry":{"type":"LineString","coordinates":[[112.9423,28.16861],[112.94146,28.16861],[112.94059,28.1686],[112.93984,28.16861]]}},{"type":"Feature","properties":{"fclass":"living_street"},"geometry":{"type":"LineString","coordinates":[[112.93932,28.18016],[112.94003,28.18015],[112.94047,28.18015],[112.94047,28.18116]]}},{"type":"Feature","properties":{"fclass":"living_street"},"geometry":{"type":"LineString","coordinates":[[112.94003,28.18116],[112.94003,28.18015]]}},{"type":"Feature","properties":{"fclass":"footway"},"geometry":{"type":"LineString","coordinates":[[112.93984,28.16935],[112.93956,28.16935]]}},{"type":"Feature","properties":{"fclass":"residential"},"geometry":{"type":"LineString","coordinates":[[112.93896,28.18282],[112.93859,28.18279],[112.93827,28.18271],[112.93804,28.18262],[112.93795,28.18259],[112.93779,28.18249],[112.93764,28.18241],[112.93673,28.18179],[112.93641,28.18158],[112.93603,28.18152],[112.9354,28.18197]]}},{"type":"Feature","properties":{"fclass":"path"},"geometry":{"type":"LineString","coordinates":[[112.92536,28.17069],[112.92568,28.17074],[112.92558,28.17124],[112.92582,28.17128],[112.92585,28.17128],[112.92593,28.17129],[112.92661,28.17139],[112.92685,28.17141]]}},{"type":"Feature","properties":{"fclass":"residential"},"geometry":{"type":"LineString","coordinates":[[112.93901,28.16828],[112.93901,28.16908],[112.93901,28.16988],[112.93901,28.17049]]}},{"type":"Feature","properties":{"fclass":"residential"},"geometry":{"type":"LineString","coordinates":[[112.93901,28.17049],[112.93901,28.17087],[112.93986,28.17092]]}},{"type":"Feature","properties":{"fclass":"residential"},"geometry":{"type":"LineString","coordinates":[[112.93984,28.17064],[112.93984,28.17052],[112.93984,28.17019],[112.93984,28.1699],[112.93984,28.1696],[112.93984,28.16935],[112.93984,28.16929],[112.93984,28.16908],[112.93984,28.16861],[112.93986,28.16842]]}},{"type":"Feature","properties":{"fclass":"footway"},"geometry":{"type":"LineString","coordinates":[[112.94046,28.18417],[112.94049,28.18369],[112.94052,28.18291]]}},{"type":"Feature","properties":{"fclass":"steps"},"geometry":{"type":"LineString","coordinates":[[112.94045,28.18447],[112.94046,28.18417]]}},{"type":"Feature","properties":{"fclass":"living_street"},"geometry":{"type":"LineString","coordinates":[[112.93923,28.18348],[112.93923,28.18351],[112.93929,28.18419],[112.93933,28.18459]]}},{"type":"Feature","properties":{"fclass":"living_street"},"geometry":{"type":"LineString","coordinates":[[112.93933,28.18459],[112.94034,28.18463]]}},{"type":"Feature","properties":{"fclass":"residential"},"geometry":{"type":"LineString","coordinates":[[112.94058,28.16929],[112.94149,28.16928],[112.94146,28.16861]]}},{"type":"Feature","properties":{"fclass":"footway"},"geometry":{"type":"LineString","coordinates":[[112.94034,28.18463],[112.94045,28.18447]]}},{"type":"Feature","properties":{"fclass":"residential"},"geometry":{"type":"LineString","coordinates":[[112.94035,28.17154],[112.94117,28.17201],[112.94157,28.17224],[112.94167,28.17229],[112.94037,28.17131],[112.94219,28.17231],[112.94323,28.17241],[112.94364,28.17259],[112.94391,28.17284]]}},{"type":"Feature","properties":{"fclass":"residential"},"geometry":{"type":"LineString","coordinates":[[112.94037,28.17131],[112.94214,28.17277]]}},{"type":"Feature","properties":{"fclass":"residential"},"geometry":{"type":"LineString","coordinates":[[112.94157,28.17224],[112.9414,28.17233],[112.94139,28.17234],[112.94138,28.17237],[112.94138,28.17243],[112.94137,28.17246],[112.94136,28.17248],[112.94134,28.17249],[112.94132,28.1725],[112.94129,28.17251],[112.94127,28.17251],[112.94124,28.1725],[112.94122,28.17249],[112.94119,28.17247],[112.94117,28.17245],[112.94116,28.17242],[112.94116,28.17239],[112.94117,28.17201]]}},{"type":"Feature","properties":{"fclass":"footway"},"geometry":{"type":"LineString","coordinates":[[112.93878,28.18333],[112.93882,28.18342]]}},{"type":"Feature","properties":{"fclass":"residential"},"geometry":{"type":"LineString","coordinates":[[112.96744,28.20817],[112.96871,28.2079]]}},{"type":"Feature","properties":{"fclass":"secondary"},"geometry":{"type":"LineString","coordinates":[[112.97763,28.19431],[112.97701,28.19443],[112.97534,28.19475],[112.9752,28.19477],[112.9729,28.19487],[112.97221,28.1949],[112.97169,28.19493],[112.97102,28.19496],[112.97085,28.19497],[112.9708,28.19499],[112.97074,28.19499],[112.97026,28.195],[112.96989,28.19503],[112.96931,28.19509],[112.96886,28.19513],[112.96829,28.19519],[112.96814,28.19521],[112.96723,28.19528],[112.9661,28.19537]]}},{"type":"Feature","properties":{"fclass":"residential"},"geometry":{"type":"LineString","coordinates":[[112.94059,28.1686],[112.94058,28.16929],[112.94061,28.16938],[112.94078,28.16959],[112.94085,28.16971],[112.94085,28.16991],[112.94083,28.1702],[112.94015,28.17068],[112.93984,28.17064]]}},{"type":"Feature","properties":{"fclass":"living_street"},"geometry":{"type":"LineString","coordinates":[[112.93797,28.1833],[112.93804,28.18262]]}},{"type":"Feature","properties":{"fclass":"service"},"geometry":{"type":"LineString","coordinates":[[112.94559,28.19764],[112.94648,28.19732],[112.9472,28.19727],[112.94724,28.19727],[112.94877,28.1968]]}},{"type":"Feature","properties":{"fclass":"tertiary"},"geometry":{"type":"LineString","coordinates":[[112.94906,28.19796],[112.95081,28.19798]]}},{"type":"Feature","properties":{"fclass":"residential"},"geometry":{"type":"LineString","coordinates":[[112.94931,28.19539],[112.94925,28.19513],[112.9492,28.19489],[112.94896,28.19392],[112.94891,28.1937],[112.94864,28.19234],[112.94857,28.19201],[112.94833,28.19081],[112.94822,28.19024],[112.94798,28.18904],[112.94804,28.18898],[112.94765,28.18701]]}},{"type":"Feature","properties":{"fclass":"secondary"},"geometry":{"type":"LineString","coordinates":[[112.94931,28.19539],[112.94836,28.19563]]}},{"type":"Feature","properties":{"fclass":"secondary"},"geometry":{"type":"LineString","coordinates":[[112.94836,28.19563],[112.9477,28.19584],[112.94724,28.196],[112.94512,28.19674]]}},{"type":"Feature","properties":{"fclass":"service"},"geometry":{"type":"LineString","coordinates":[[112.94877,28.1968],[112.94956,28.19675]]}},{"type":"Feature","properties":{"fclass":"living_street"},"geometry":{"type":"LineString","coordinates":[[112.94273,28.16823],[112.94131,28.16831],[112.93991,28.16827],[112.93974,28.16825],[112.93939,28.16806],[112.93905,28.16782],[112.93886,28.1677],[112.93861,28.16772],[112.93803,28.16784],[112.93792,28.16781],[112.93737,28.16805],[112.93709,28.1681],[112.93678,28.16818],[112.93661,28.16813],[112.93632,28.16823],[112.93627,28.16825],[112.93591,28.16848]]}},{"type":"Feature","properties":{"fclass":"living_street"},"geometry":{"type":"LineString","coordinates":[[112.93792,28.16781],[112.93795,28.16763],[112.93791,28.16753],[112.93784,28.16743],[112.93769,28.16738],[112.93725,28.16727],[112.93702,28.16731],[112.93671,28.16738],[112.93666,28.16739],[112.93643,28.16735],[112.93598,28.16735]]}},{"type":"Feature","properties":{"fclass":"residential"},"geometry":{"type":"LineString","coordinates":[[112.93598,28.16735],[112.93583,28.16728],[112.93465,28.16727]]}},{"type":"Feature","properties":{"fclass":"residential"},"geometry":{"type":"LineString","coordinates":[[112.93298,28.16618],[112.93348,28.16623],[112.9336,28.16632],[112.9346,28.16632],[112.93534,28.16632]]}},{"type":"Feature","properties":{"fclass":"residential"},"geometry":{"type":"LineString","coordinates":[[112.93297,28.16589],[112.93359,28.16597],[112.93459,28.16597],[112.93504,28.16596]]}},{"type":"Feature","properties":{"fclass":"residential"},"geometry":{"type":"LineString","coordinates":[[112.93385,28.16667],[112.93369,28.16658],[112.9336,28.16644],[112.9336,28.16632],[112.93359,28.16597],[112.93359,28.16565],[112.9336,28.16538]]}},{"type":"Feature","properties":{"fclass":"residential"},"geometry":{"type":"LineString","coordinates":[[112.9336,28.16538],[112.93377,28.16535],[112.93378,28.16505]]}},{"type":"Feature","properties":{"fclass":"residential"},"geometry":{"type":"LineString","coordinates":[[112.93459,28.16566],[112.93359,28.16565],[112.93296,28.16561]]}},{"type":"Feature","properties":{"fclass":"residential"},"geometry":{"type":"LineString","coordinates":[[112.93385,28.16667],[112.9346,28.16667],[112.93584,28.16668]]}},{"type":"Feature","properties":{"fclass":"residential"},"geometry":{"type":"LineString","coordinates":[[112.93379,28.16951],[112.93386,28.16717]]}},{"type":"Feature","properties":{"fclass":"residential"},"geometry":{"type":"LineString","coordinates":[[112.93386,28.16717],[112.93386,28.16708],[112.93385,28.16667]]}},{"type":"Feature","properties":{"fclass":"living_street"},"geometry":{"type":"LineString","coordinates":[[112.93629,28.16544],[112.93647,28.16559],[112.93716,28.16631],[112.93729,28.16652],[112.93714,28.1667],[112.93697,28.16685],[112.93692,28.16696],[112.93702,28.16731]]}},{"type":"Feature","properties":{"fclass":"pedestrian"},"geometry":{"type":"LineString","coordinates":[[112.93557,28.16682],[112.93556,28.16687],[112.93557,28.16692],[112.93559,28.16696],[112.93563,28.16699],[112.93568,28.16701],[112.93573,28.16702],[112.93578,28.16701],[112.93583,28.16699],[112.93586,28.16695],[112.93588,28.16691],[112.93588,28.16686],[112.93587,28.16681],[112.93584,28.16678],[112.93579,28.16675],[112.93574,28.16674],[112.93569,28.16674],[112.93564,28.16675],[112.9356,28.16678],[112.93557,28.16682]]}},{"type":"Feature","properties":{"fclass":"footway"},"geometry":{"type":"LineString","coordinates":[[112.93971,28.18188],[112.93981,28.18188],[112.94034,28.18187],[112.94058,28.18187]]}},{"type":"Feature","properties":{"fclass":"footway"},"geometry":{"type":"LineString","coordinates":[[112.93845,28.18332],[112.93843,28.18373],[112.9384,28.184]]}},{"type":"Feature","properties":{"fclass":"living_street"},"geometry":{"type":"LineString","coordinates":[[112.93731,28.18328],[112.93641,28.18347],[112.93648,28.18391],[112.93642,28.18432]]}},{"type":"Feature","properties":{"fclass":"footway"},"geometry":{"type":"LineString","coordinates":[[112.93641,28.18347],[112.93636,28.18335],[112.93636,28.18316],[112.93649,28.18306],[112.93634,28.18224],[112.93673,28.18179]]}},{"type":"Feature","properties":{"fclass":"footway"},"geometry":{"type":"LineString","coordinates":[[112.94054,28.18229],[112.94058,28.18187]]}},{"type":"Feature","properties":{"fclass":"living_street"},"geometry":{"type":"LineString","coordinates":[[112.94125,28.18177],[112.94209,28.18178],[112.9434,28.1818]]}},{"type":"Feature","properties":{"fclass":"living_street"},"geometry":{"type":"LineString","coordinates":[[112.94125,28.18114],[112.9421,28.18114],[112.94242,28.18113],[112.94276,28.18113],[112.94346,28.18113]]}},{"type":"Feature","properties":{"fclass":"living_street"},"geometry":{"type":"LineString","coordinates":[[112.94346,28.18113],[112.9434,28.1818],[112.94341,28.18266]]}},{"type":"Feature","properties":{"fclass":"living_street"},"geometry":{"type":"LineString","coordinates":[[112.93933,28.18459],[112.93927,28.185],[112.93927,28.18543],[112.93957,28.18562]]}},{"type":"Feature","properties":{"fclass":"living_street"},"geometry":{"type":"LineString","coordinates":[[112.93967,28.17889],[112.94107,28.1789],[112.94116,28.17912]]}},{"type":"Feature","properties":{"fclass":"residential"},"geometry":{"type":"LineString","coordinates":[[112.9472,28.19727],[112.94724,28.196]]}},{"type":"Feature","properties":{"fclass":"footway"},"geometry":{"type":"LineString","coordinates":[[112.94471,28.16749],[112.94367,28.16604],[112.94276,28.16612]]}},{"type":"Feature","properties":{"fclass":"living_street"},"geometry":{"type":"LineString","coordinates":[[112.93569,28.17015],[112.9359,28.1688],[112.93591,28.16848]]}},{"type":"Feature","properties":{"fclass":"living_street"},"geometry":{"type":"LineString","coordinates":[[112.93661,28.16813],[112.93674,28.16764],[112.93673,28.16743],[112.93671,28.16738]]}},{"type":"Feature","properties":{"fclass":"residential"},"geometry":{"type":"LineString","coordinates":[[112.9346,28.16707],[112.93386,28.16708]]}},{"type":"Feature","properties":{"fclass":"residential"},"geometry":{"type":"LineString","coordinates":[[112.93465,28.16727],[112.9346,28.16707],[112.9346,28.16667],[112.9346,28.16632],[112.93459,28.16597],[112.93459,28.16566]]}},{"type":"Feature","properties":{"fclass":"footway"},"geometry":{"type":"LineString","coordinates":[[112.93779,28.18249],[112.93778,28.18199]]}},{"type":"Feature","properties":{"fclass":"living_street"},"geometry":{"type":"LineString","coordinates":[[112.93778,28.18199],[112.93777,28.18145],[112.93777,28.1814],[112.93776,28.18053],[112.93921,28.18058]]}},{"type":"Feature","properties":{"fclass":"residential"},"geometry":{"type":"LineString","coordinates":[[112.94634,28.17438],[112.94639,28.17397],[112.94629,28.17385],[112.94645,28.17241]]}},{"type":"Feature","properties":{"fclass":"living_street"},"geometry":{"type":"LineString","coordinates":[[112.93685,28.18421],[112.93642,28.18432],[112.93621,28.18447],[112.93617,28.18458],[112.93619,28.18469],[112.93625,28.18475],[112.93645,28.18494]]}},{"type":"Feature","properties":{"fclass":"living_street"},"geometry":{"type":"LineString","coordinates":[[112.94209,28.18178],[112.9421,28.18114]]}},{"type":"Feature","properties":{"fclass":"footway"},"geometry":{"type":"LineString","coordinates":[[112.93904,28.18154],[112.93889,28.18155],[112.9388,28.18167],[112.93875,28.18174],[112.9387,28.1818],[112.93858,28.18197]]}},{"type":"Feature","properties":{"fclass":"footway"},"geometry":{"type":"LineString","coordinates":[[112.93853,28.18174],[112.93868,28.18174],[112.93875,28.18174],[112.93882,28.18174],[112.9388,28.18167]]}},{"type":"Feature","properties":{"fclass":"footway"},"geometry":{"type":"LineString","coordinates":[[112.9387,28.1818],[112.93868,28.18174],[112.93856,28.18145]]}},{"type":"Feature","properties":{"fclass":"living_street"},"geometry":{"type":"LineString","coordinates":[[112.93856,28.18145],[112.93853,28.18174],[112.93853,28.18195],[112.93858,28.18197],[112.93901,28.18198]]}},{"type":"Feature","properties":{"fclass":"service"},"geometry":{"type":"LineString","coordinates":[[112.93673,28.18179],[112.93677,28.1817],[112.93633,28.18133],[112.93613,28.1813],[112.93534,28.18164]]}},{"type":"Feature","properties":{"fclass":"residential"},"geometry":{"type":"LineString","coordinates":[[112.92835,28.17053],[112.9282,28.17114],[112.92812,28.17169],[112.9281,28.17184],[112.92802,28.17229],[112.928,28.1724]]}},{"type":"Feature","properties":{"fclass":"residential"},"geometry":{"type":"LineString","coordinates":[[112.92151,28.17335],[112.92172,28.17281],[112.92258,28.17284]]}},{"type":"Feature","properties":{"fclass":"living_street"},"geometry":{"type":"LineString","coordinates":[[112.94242,28.18113],[112.94242,28.17978]]}},{"type":"Feature","properties":{"fclass":"living_street"},"geometry":{"type":"LineString","coordinates":[[112.93904,28.18146],[112.93856,28.18145],[112.93777,28.18145]]}},{"type":"Feature","properties":{"fclass":"primary"},"geometry":{"type":"LineString","coordinates":[[112.95274,28.21236],[112.95269,28.21159]]}},{"type":"Feature","properties":{"fclass":"unclassified"},"geometry":{"type":"LineString","coordinates":[[112.93264,28.21477],[112.93265,28.21466],[112.93263,28.21455],[112.93169,28.21328],[112.93162,28.21313],[112.93154,28.21308],[112.93149,28.21306],[112.92874,28.21321]]}},{"type":"Feature","properties":{"fclass":"secondary"},"geometry":{"type":"LineString","coordinates":[[112.93343,28.2152],[112.93307,28.21502],[112.93252,28.21489],[112.93187,28.21485],[112.93116,28.21495],[112.93053,28.21516],[112.92885,28.21589],[112.92815,28.21616],[112.92779,28.21618],[112.92652,28.21627],[112.92204,28.21662],[112.92195,28.21663],[112.91661,28.21723],[112.91527,28.21738],[112.91489,28.21742],[112.9139,28.21752],[112.9138,28.21752],[112.91274,28.21754],[112.91255,28.21754],[112.91114,28.21734]]}},{"type":"Feature","properties":{"fclass":"primary_link"},"geometry":{"type":"LineString","coordinates":[[112.94794,28.16882],[112.94788,28.1685],[112.94762,28.16807]]}},{"type":"Feature","properties":{"fclass":"primary"},"geometry":{"type":"LineString","coordinates":[[112.94762,28.16807],[112.94748,28.16769],[112.9474,28.16715],[112.94754,28.16658],[112.94794,28.16616],[112.94859,28.16597],[112.94947,28.1661],[112.95519,28.16718],[112.96027,28.1683],[112.96139,28.16838],[112.96464,28.16827],[112.96509,28.16823],[112.96609,28.16829]]}},{"type":"Feature","properties":{"fclass":"primary_link"},"geometry":{"type":"LineString","coordinates":[[112.96609,28.16829],[112.96836,28.16862],[112.96856,28.16869]]}},{"type":"Feature","properties":{"fclass":"primary_link"},"geometry":{"type":"LineString","coordinates":[[112.9482,28.16192],[112.94841,28.16241],[112.94859,28.16373]]}},{"type":"Feature","properties":{"fclass":"primary"},"geometry":{"type":"LineString","coordinates":[[112.94859,28.16373],[112.94855,28.16404],[112.9484,28.16434],[112.94793,28.1647],[112.94773,28.16497],[112.94767,28.1653],[112.94785,28.16564],[112.94813,28.16586],[112.94859,28.16597]]}},{"type":"Feature","properties":{"fclass":"primary"},"geometry":{"type":"LineString","coordinates":[[112.96464,28.16827],[112.96483,28.16813],[112.96501,28.16801],[112.96514,28.16789],[112.96524,28.16769],[112.96536,28.16712]]}},{"type":"Feature","properties":{"fclass":"primary_link"},"geometry":{"type":"LineString","coordinates":[[112.96536,28.16712],[112.96556,28.16524],[112.96554,28.16503]]}},{"type":"Feature","properties":{"fclass":"primary"},"geometry":{"type":"LineString","coordinates":[[112.96464,28.16827],[112.96491,28.16826],[112.96509,28.16836],[112.96519,28.16857],[112.96519,28.16879],[112.96513,28.169],[112.96503,28.16942]]}},{"type":"Feature","properties":{"fclass":"primary_link"},"geometry":{"type":"LineString","coordinates":[[112.96503,28.16942],[112.96476,28.17102],[112.96479,28.17132]]}},{"type":"Feature","properties":{"fclass":"primary_link"},"geometry":{"type":"LineString","coordinates":[[112.96484,28.16836],[112.96339,28.16839]]}},{"type":"Feature","properties":{"fclass":"primary"},"geometry":{"type":"LineString","coordinates":[[112.96339,28.16839],[112.96137,28.16847],[112.96021,28.16839],[112.95512,28.16731],[112.95034,28.16643],[112.94913,28.16652],[112.94823,28.16702],[112.94787,28.16771],[112.94792,28.16837],[112.94815,28.16931],[112.94806,28.17024]]}},{"type":"Feature","properties":{"fclass":"primary_link"},"geometry":{"type":"LineString","coordinates":[[112.94806,28.17024],[112.94786,28.17184],[112.94769,28.17219]]}},{"type":"Feature","properties":{"fclass":"footway"},"geometry":{"type":"LineString","coordinates":[[112.94768,28.17225],[112.9475,28.17223]]}},{"type":"Feature","properties":{"fclass":"primary"},"geometry":{"type":"LineString","coordinates":[[112.94823,28.16702],[112.94802,28.16708],[112.94762,28.16705],[112.94742,28.16685],[112.94739,28.16658],[112.94753,28.16628],[112.94816,28.16538]]}},{"type":"Feature","properties":{"fclass":"primary_link"},"geometry":{"type":"LineString","coordinates":[[112.94816,28.16538],[112.94826,28.16519],[112.94832,28.16494]]}},{"type":"Feature","properties":{"fclass":"tertiary"},"geometry":{"type":"LineString","coordinates":[[112.97704,28.16373],[112.97709,28.16362],[112.97722,28.16356],[112.97769,28.16356],[112.97878,28.16356],[112.97969,28.16355],[112.97994,28.16353],[112.9817,28.16357],[112.98215,28.16361],[112.98296,28.16369],[112.98338,28.16372]]}},{"type":"Feature","properties":{"fclass":"secondary"},"geometry":{"type":"LineString","coordinates":[[112.97994,28.16945],[112.97965,28.16944],[112.97748,28.16937],[112.97706,28.16936],[112.97655,28.16934],[112.97391,28.16927],[112.97364,28.16926],[112.97185,28.16921],[112.9705,28.16908],[112.96887,28.16885],[112.96542,28.16839],[112.96532,28.1684],[112.96529,28.1684],[112.96501,28.16843],[112.96478,28.16846],[112.96303,28.16853],[112.96204,28.16851],[112.96158,28.16853],[112.96095,28.16853],[112.96082,28.16852]]}},{"type":"Feature","properties":{"fclass":"residential"},"geometry":{"type":"LineString","coordinates":[[112.97748,28.16937],[112.97748,28.16923]]}},{"type":"Feature","properties":{"fclass":"residential"},"geometry":{"type":"LineString","coordinates":[[112.97655,28.16934],[112.97655,28.16921]]}},{"type":"Feature","properties":{"fclass":"footway"},"geometry":{"type":"LineString","coordinates":[[112.97965,28.16944],[112.97969,28.1693]]}},{"type":"Feature","properties":{"fclass":"footway"},"geometry":{"type":"LineString","coordinates":[[112.97391,28.16927],[112.97391,28.16913]]}},{"type":"Feature","properties":{"fclass":"footway"},"geometry":{"type":"LineString","coordinates":[[112.97364,28.16926],[112.97365,28.16913]]}},{"type":"Feature","properties":{"fclass":"footway"},"geometry":{"type":"LineString","coordinates":[[112.96887,28.16885],[112.9689,28.16873]]}},{"type":"Feature","properties":{"fclass":"footway"},"geometry":{"type":"LineString","coordinates":[[112.93919,28.18289],[112.93923,28.18348]]}},{"type":"Feature","properties":{"fclass":"footway"},"geometry":{"type":"LineString","coordinates":[[112.94787,28.18249],[112.94771,28.18256],[112.94755,28.18257],[112.94735,28.18258],[112.94658,28.18262],[112.94589,28.18265],[112.94512,28.18269],[112.94387,28.18275],[112.94379,28.18275],[112.9434,28.18277],[112.94151,28.18285],[112.94123,28.18286]]}},{"type":"Feature","properties":{"fclass":"footway"},"geometry":{"type":"LineString","coordinates":[[112.94774,28.18274],[112.94791,28.18271]]}},{"type":"Feature","properties":{"fclass":"footway"},"geometry":{"type":"LineString","coordinates":[[112.94755,28.18257],[112.94754,28.18244]]}},{"type":"Feature","properties":{"fclass":"footway"},"geometry":{"type":"LineString","coordinates":[[112.94767,28.18231],[112.94785,28.18229]]}},{"type":"Feature","properties":{"fclass":"secondary"},"geometry":{"type":"LineString","coordinates":[[112.94862,28.18679],[112.94846,28.18687],[112.94837,28.18688],[112.94765,28.18701],[112.94633,28.18724],[112.94601,28.1873],[112.94597,28.18731],[112.94575,28.18735]]}},{"type":"Feature","properties":{"fclass":"footway"},"geometry":{"type":"LineString","coordinates":[[112.94398,28.18766],[112.94398,28.18759]]}},{"type":"Feature","properties":{"fclass":"footway"},"geometry":{"type":"LineString","coordinates":[[112.94568,28.18736],[112.94565,28.18728]]}},{"type":"Feature","properties":{"fclass":"footway"},"geometry":{"type":"LineString","coordinates":[[112.94601,28.1873],[112.94598,28.18723]]}},{"type":"Feature","properties":{"fclass":"footway"},"geometry":{"type":"LineString","coordinates":[[112.94837,28.18688],[112.94835,28.18678]]}},{"type":"Feature","properties":{"fclass":"residential"},"geometry":{"type":"LineString","coordinates":[[112.94387,28.18275],[112.94386,28.18264]]}},{"type":"Feature","properties":{"fclass":"footway"},"geometry":{"type":"LineString","coordinates":[[112.94379,28.18275],[112.94378,28.18264]]}},{"type":"Feature","properties":{"fclass":"footway"},"geometry":{"type":"LineString","coordinates":[[112.94112,28.18286],[112.94112,28.18277]]}},{"type":"Feature","properties":{"fclass":"footway"},"geometry":{"type":"LineString","coordinates":[[112.94151,28.18285],[112.9415,28.18276]]}},{"type":"Feature","properties":{"fclass":"secondary"},"geometry":{"type":"LineString","coordinates":[[112.96533,28.20689],[112.96573,28.20882],[112.96586,28.209],[112.96599,28.20946],[112.96612,28.20992],[112.96704,28.2121],[112.9674,28.21305],[112.96743,28.21315],[112.9677,28.21376],[112.96779,28.21403],[112.96795,28.21449],[112.96805,28.21488],[112.96813,28.21528],[112.9682,28.21591],[112.9682,28.21689],[112.96823,28.21744],[112.96824,28.2178],[112.96825,28.21789],[112.96832,28.21853],[112.96839,28.219],[112.96865,28.22036],[112.96917,28.22335],[112.96933,28.22425],[112.96948,28.22528],[112.96955,28.22603],[112.96965,28.22702],[112.96965,28.22708],[112.96964,28.2272],[112.96963,28.22726],[112.96963,28.22747],[112.96968,28.22792],[112.96978,28.22846],[112.96992,28.22894]]}},{"type":"Feature","properties":{"fclass":"primary"},"geometry":{"type":"LineString","coordinates":[[112.98002,28.1782],[112.98016,28.17854]]}},{"type":"Feature","properties":{"fclass":"primary"},"geometry":{"type":"LineString","coordinates":[[112.98001,28.17857],[112.98002,28.1782]]}},{"type":"Feature","properties":{"fclass":"trunk_link"},"geometry":{"type":"LineString","coordinates":[[112.94489,28.14425],[112.94161,28.14296],[112.94141,28.14288],[112.94121,28.14286],[112.93836,28.14296],[112.93821,28.14296],[112.93705,28.14299],[112.93554,28.14302],[112.93386,28.14305],[112.93214,28.14308],[112.93153,28.14312],[112.92953,28.14329],[112.92883,28.1435],[112.92818,28.14391],[112.92768,28.14442],[112.92713,28.14498],[112.92692,28.14546],[112.92679,28.14588],[112.92677,28.14596],[112.92676,28.14704],[112.92672,28.14968],[112.92673,28.15038],[112.92686,28.15103],[112.92675,28.15185],[112.92672,28.15257],[112.92675,28.15441],[112.92676,28.15491],[112.92677,28.15499],[112.92674,28.15611],[112.9267,28.15743],[112.92668,28.15817],[112.92667,28.15854],[112.92654,28.15895],[112.92627,28.15965],[112.9257,28.16093],[112.92523,28.16164],[112.92499,28.16201],[112.92438,28.16275],[112.92416,28.16313],[112.92404,28.16327],[112.92346,28.16373],[112.92208,28.16459],[112.92146,28.16503],[112.92105,28.16532],[112.92038,28.16589],[112.91963,28.16661],[112.91854,28.16772],[112.91818,28.16793]]}},{"type":"Feature","properties":{"fclass":"secondary"},"geometry":{"type":"LineString","coordinates":[[112.92676,28.15491],[112.92726,28.15489],[112.92937,28.15483],[112.93172,28.15476],[112.93193,28.15475],[112.93317,28.15472],[112.93577,28.15464],[112.93598,28.15464],[112.93614,28.15463],[112.93853,28.15455],[112.93874,28.15455],[112.93904,28.15456],[112.93925,28.15457],[112.93944,28.15458],[112.93966,28.1546],[112.93989,28.15462],[112.94008,28.15464],[112.94029,28.15467],[112.94053,28.1547],[112.94368,28.15518],[112.94583,28.15545],[112.94601,28.15544]]}},{"type":"Feature","properties":{"fclass":"trunk_link"},"geometry":{"type":"LineString","coordinates":[[112.91809,28.16785],[112.91825,28.16751],[112.91965,28.16607],[112.91994,28.16579],[112.92025,28.16549],[112.92072,28.16505],[112.92128,28.16452],[112.92187,28.16406],[112.92272,28.16335],[112.92313,28.16285],[112.92324,28.16274],[112.92338,28.16261],[112.92387,28.16232],[112.92433,28.16182],[112.92445,28.16166],[112.92484,28.16112],[112.92511,28.16061],[112.92539,28.16009],[112.92548,28.15986],[112.92565,28.15941],[112.92577,28.1585],[112.92579,28.1584],[112.92587,28.15814],[112.926,28.15778],[112.9261,28.15638],[112.92609,28.15582],[112.92608,28.15546],[112.92607,28.1548],[112.92607,28.15432],[112.9261,28.15276],[112.92607,28.15167],[112.92596,28.15131],[112.92596,28.15106],[112.92596,28.15094],[112.92607,28.15043],[112.92607,28.14971],[112.92607,28.1489],[112.92604,28.14698],[112.92594,28.14585],[112.92593,28.14579],[112.92581,28.14542],[112.92564,28.14504],[112.92541,28.14472],[112.92511,28.14451],[112.92465,28.14412],[112.9242,28.14383],[112.92378,28.14368],[112.92317,28.14358],[112.92242,28.1436],[112.92025,28.14379],[112.91722,28.14429],[112.91639,28.14441],[112.91452,28.14468],[112.91021,28.14532]]}},{"type":"Feature","properties":{"fclass":"service"},"geometry":{"type":"LineString","coordinates":[[112.94127,28.15295],[112.94108,28.15289],[112.94072,28.15268],[112.9406,28.15262],[112.94024,28.15229],[112.94015,28.15219],[112.93988,28.15189],[112.93957,28.15145],[112.9395,28.15135],[112.93938,28.15118],[112.93892,28.15083],[112.93879,28.15076],[112.93851,28.15063],[112.93801,28.15048],[112.93753,28.15043],[112.93733,28.15045],[112.93706,28.15047],[112.9366,28.1506],[112.93614,28.15076],[112.93567,28.15092],[112.93553,28.15098],[112.93489,28.15125],[112.93477,28.15129],[112.93461,28.15134],[112.93442,28.15138],[112.93432,28.1514],[112.93398,28.15144],[112.93383,28.15144],[112.93325,28.1514],[112.93302,28.15135],[112.9321,28.15116],[112.93176,28.15115],[112.93166,28.15115],[112.93132,28.15122],[112.93077,28.15138],[112.93015,28.15172],[112.92971,28.15212],[112.92934,28.15269],[112.92929,28.15284],[112.92915,28.15318],[112.92907,28.15364],[112.92911,28.15389],[112.92914,28.15412],[112.92937,28.15483],[112.9294,28.15491],[112.92954,28.15533],[112.9296,28.15553],[112.92992,28.15616],[112.93002,28.15668],[112.93,28.15724],[112.92982,28.15778],[112.92971,28.15793],[112.92948,28.15824],[112.92903,28.1587],[112.92887,28.15892],[112.92874,28.15921],[112.92861,28.15968],[112.92861,28.16007],[112.92869,28.16037],[112.92871,28.16046],[112.92878,28.16069],[112.92882,28.16081],[112.92891,28.16095],[112.92901,28.16102],[112.9291,28.16105]]}},{"type":"Feature","properties":{"fclass":"tertiary"},"geometry":{"type":"LineString","coordinates":[[112.92686,28.15103],[112.92652,28.15104]]}},{"type":"Feature","properties":{"fclass":"tertiary"},"geometry":{"type":"LineString","coordinates":[[112.92579,28.1584],[112.92598,28.15844],[112.92647,28.15851],[112.92667,28.15854]]}},{"type":"Feature","properties":{"fclass":"residential"},"geometry":{"type":"LineString","coordinates":[[112.92087,28.16568],[112.92157,28.1656],[112.92235,28.16546],[112.92251,28.16538],[112.92301,28.16498],[112.92324,28.16489]]}},{"type":"Feature","properties":{"fclass":"tertiary"},"geometry":{"type":"LineString","coordinates":[[112.93867,28.22173],[112.93868,28.22166],[112.9387,28.22106],[112.93875,28.22028],[112.93881,28.21938],[112.93884,28.21906],[112.93896,28.21878],[112.93929,28.21817],[112.93932,28.21805],[112.93934,28.21792],[112.93932,28.21773],[112.93931,28.21752],[112.93918,28.21712],[112.93877,28.21616],[112.93872,28.21604]]}},{"type":"Feature","properties":{"fclass":"secondary"},"geometry":{"type":"LineString","coordinates":[[112.95317,28.21473],[112.95283,28.21424],[112.95273,28.21412],[112.95257,28.21397],[112.95239,28.21381],[112.95219,28.2137],[112.95199,28.21361]]}},{"type":"Feature","properties":{"fclass":"secondary"},"geometry":{"type":"LineString","coordinates":[[112.95199,28.21361],[112.95177,28.21355],[112.95154,28.2135],[112.95128,28.21347],[112.95102,28.21345],[112.95059,28.21342],[112.95041,28.21336],[112.95026,28.21328],[112.95015,28.21314],[112.95007,28.21297],[112.95003,28.21281],[112.95003,28.21268],[112.95004,28.21259],[112.95007,28.21252],[112.95015,28.21244],[112.95023,28.21239],[112.95032,28.21236],[112.95047,28.21234],[112.95079,28.21233],[112.951,28.21234],[112.95123,28.21236],[112.9515,28.21239]]}},{"type":"Feature","properties":{"fclass":"secondary"},"geometry":{"type":"LineString","coordinates":[[112.9665,28.21068],[112.96695,28.21165],[112.96704,28.2121]]}},{"type":"Feature","properties":{"fclass":"secondary"},"geometry":{"type":"LineString","coordinates":[[112.95402,28.21622],[112.95423,28.21671],[112.95456,28.21753],[112.95465,28.21798]]}},{"type":"Feature","properties":{"fclass":"secondary"},"geometry":{"type":"LineString","coordinates":[[112.96353,28.20917],[112.96149,28.20955],[112.96064,28.20975],[112.95985,28.21005],[112.95349,28.21251],[112.95329,28.21267],[112.9532,28.2128],[112.95312,28.21293],[112.95313,28.21328],[112.95338,28.21462],[112.95375,28.21558],[112.95402,28.21622]]}},{"type":"Feature","properties":{"fclass":"secondary"},"geometry":{"type":"LineString","coordinates":[[112.96349,28.20913],[112.96505,28.20889],[112.96586,28.20884],[112.96595,28.20883],[112.96631,28.20881],[112.96966,28.20842],[112.97266,28.20807]]}},{"type":"Feature","properties":{"fclass":"secondary"},"geometry":{"type":"LineString","coordinates":[[112.97266,28.20818],[112.97129,28.2083],[112.96752,28.20872],[112.96596,28.20889],[112.96588,28.2089],[112.96524,28.20896],[112.96353,28.20917]]}},{"type":"Feature","properties":{"fclass":"secondary"},"geometry":{"type":"LineString","coordinates":[[112.96541,28.20669],[112.96582,28.20868]]}},{"type":"Feature","properties":{"fclass":"secondary"},"geometry":{"type":"LineString","coordinates":[[112.96506,28.20501],[112.96523,28.20551],[112.96541,28.20669]]}},{"type":"Feature","properties":{"fclass":"secondary"},"geometry":{"type":"LineString","coordinates":[[112.97466,28.20791],[112.97266,28.20818]]}},{"type":"Feature","properties":{"fclass":"secondary"},"geometry":{"type":"LineString","coordinates":[[112.97266,28.20807],[112.97391,28.20792],[112.9743,28.20785],[112.97466,28.20772]]}},{"type":"Feature","properties":{"fclass":"secondary"},"geometry":{"type":"LineString","coordinates":[[112.94735,28.21287],[112.94801,28.21272],[112.94836,28.21266],[112.94872,28.21262],[112.94935,28.21257],[112.95049,28.21255],[112.95244,28.21255],[112.95295,28.21255],[112.95329,28.21249]]}},{"type":"Feature","properties":{"fclass":"secondary"},"geometry":{"type":"LineString","coordinates":[[112.95349,28.21251],[112.95326,28.21259],[112.95304,28.21264],[112.95285,28.21264],[112.95189,28.21266],[112.95049,28.21263],[112.9495,28.21264],[112.94877,28.21269],[112.9484,28.21273],[112.94801,28.2128],[112.94737,28.21295]]}},{"type":"Feature","properties":{"fclass":"secondary"},"geometry":{"type":"LineString","coordinates":[[112.94737,28.21295],[112.94687,28.21312],[112.94652,28.21325],[112.94608,28.21343],[112.94549,28.21374]]}},{"type":"Feature","properties":{"fclass":"secondary"},"geometry":{"type":"LineString","coordinates":[[112.94545,28.2136],[112.94577,28.2135],[112.94635,28.21323],[112.94683,28.21304],[112.94735,28.21287]]}},{"type":"Feature","properties":{"fclass":"secondary"},"geometry":{"type":"LineString","coordinates":[[112.94451,28.21432],[112.94477,28.21398],[112.94493,28.21385],[112.94515,28.21373],[112.94545,28.2136]]}},{"type":"Feature","properties":{"fclass":"secondary_link"},"geometry":{"type":"LineString","coordinates":[[112.95295,28.21274],[112.95275,28.21274],[112.94993,28.21273],[112.94956,28.21273],[112.94872,28.21279],[112.94851,28.21283],[112.94782,28.21296],[112.94711,28.21313],[112.94678,28.21325],[112.94637,28.21339],[112.94549,28.21374]]}},{"type":"Feature","properties":{"fclass":"secondary_link"},"geometry":{"type":"LineString","coordinates":[[112.94545,28.2136],[112.94605,28.2133],[112.94612,28.21326],[112.94642,28.21312],[112.94724,28.21282],[112.94817,28.21258],[112.94938,28.21248],[112.95274,28.21247],[112.95294,28.21247]]}},{"type":"Feature","properties":{"fclass":"primary"},"geometry":{"type":"LineString","coordinates":[[112.95274,28.21247],[112.95274,28.21236]]}},{"type":"Feature","properties":{"fclass":"secondary"},"geometry":{"type":"LineString","coordinates":[[112.95268,28.21252],[112.95293,28.21253],[112.95307,28.21251],[112.95329,28.21249],[112.95973,28.20994],[112.96063,28.20966],[112.96151,28.20946],[112.96349,28.20913],[112.96457,28.20854],[112.96514,28.20839]]}},{"type":"Feature","properties":{"fclass":"tertiary"},"geometry":{"type":"LineString","coordinates":[[112.96445,28.18344],[112.96445,28.18297]]}},{"type":"Feature","properties":{"fclass":"tertiary"},"geometry":{"type":"LineString","coordinates":[[112.96505,28.18289],[112.96522,28.1833]]}},{"type":"Feature","properties":{"fclass":"tertiary"},"geometry":{"type":"LineString","coordinates":[[112.96445,28.18297],[112.96505,28.18289]]}},{"type":"Feature","properties":{"fclass":"primary"},"geometry":{"type":"LineString","coordinates":[[112.96529,28.1684],[112.96503,28.16838],[112.96484,28.16836]]}},{"type":"Feature","properties":{"fclass":"secondary"},"geometry":{"type":"LineString","coordinates":[[112.96814,28.15281],[112.96777,28.15305],[112.96713,28.15361],[112.96657,28.15429],[112.9664,28.15469],[112.96628,28.1552],[112.96627,28.15571],[112.96665,28.15757],[112.9667,28.15798],[112.96669,28.15854],[112.96657,28.15935],[112.96598,28.16186],[112.96588,28.16304],[112.96582,28.16384],[112.96533,28.16819]]}},{"type":"Feature","properties":{"fclass":"secondary"},"geometry":{"type":"LineString","coordinates":[[112.96533,28.16819],[112.96751,28.16855],[112.96856,28.16869],[112.96863,28.1687],[112.96885,28.16872],[112.9689,28.16873],[112.97056,28.16895],[112.97185,28.16909],[112.97365,28.16913],[112.97377,28.16913],[112.97391,28.16913],[112.9759,28.16919],[112.97655,28.16921],[112.97701,28.16921],[112.97748,28.16923],[112.9783,28.16926],[112.97969,28.1693],[112.98,28.16931]]}},{"type":"Feature","properties":{"fclass":"secondary"},"geometry":{"type":"LineString","coordinates":[[112.96533,28.16819],[112.96532,28.1684]]}},{"type":"Feature","properties":{"fclass":"secondary"},"geometry":{"type":"LineString","coordinates":[[112.96532,28.1684],[112.96479,28.17132],[112.96474,28.17159],[112.96472,28.17169],[112.96463,28.1724],[112.96453,28.17348],[112.96546,28.17715],[112.96548,28.17721],[112.96646,28.18244],[112.96648,28.1826],[112.96648,28.18264],[112.96658,28.18305],[112.96666,28.18365],[112.96679,28.18412],[112.96707,28.1847],[112.96723,28.185],[112.96731,28.18519],[112.96735,28.1853],[112.96739,28.18555],[112.96747,28.18603],[112.96766,28.18726]]}},{"type":"Feature","properties":{"fclass":"residential"},"geometry":{"type":"LineString","coordinates":[[112.96732,28.18605],[112.96666,28.18611],[112.96582,28.1862],[112.96465,28.18632],[112.96453,28.18634],[112.96355,28.18646]]}},{"type":"Feature","properties":{"fclass":"tertiary"},"geometry":{"type":"LineString","coordinates":[[112.96158,28.16853],[112.96139,28.16859],[112.96129,28.16868],[112.96124,28.16878],[112.96124,28.1689],[112.96127,28.16905]]}},{"type":"Feature","properties":{"fclass":"tertiary"},"geometry":{"type":"LineString","coordinates":[[112.96082,28.16852],[112.96087,28.1684],[112.96121,28.16829]]}},{"type":"Feature","properties":{"fclass":"tertiary"},"geometry":{"type":"LineString","coordinates":[[112.96181,28.17173],[112.96193,28.17172],[112.96455,28.17159],[112.96474,28.17159]]}},{"type":"Feature","properties":{"fclass":"tertiary"},"geometry":{"type":"LineString","coordinates":[[112.96235,28.17698],[112.96247,28.17697],[112.96385,28.17694],[112.96534,28.17719]]}},{"type":"Feature","properties":{"fclass":"footway"},"geometry":{"type":"LineString","coordinates":[[112.95086,28.19597],[112.95075,28.19517],[112.95059,28.19408],[112.95046,28.19315],[112.95021,28.19138],[112.95011,28.19064],[112.94985,28.1896],[112.94932,28.18787],[112.94923,28.18757],[112.94898,28.18668],[112.94893,28.18653],[112.94866,28.18502],[112.9486,28.18471],[112.94829,28.18271],[112.94826,28.18249],[112.94804,28.18084],[112.94796,28.17899],[112.94788,28.17717]]}},{"type":"Feature","properties":{"fclass":"secondary"},"geometry":{"type":"LineString","coordinates":[[112.9407,28.17103],[112.9404,28.17139],[112.93989,28.172],[112.93873,28.17338]]}},{"type":"Feature","properties":{"fclass":"footway"},"geometry":{"type":"LineString","coordinates":[[112.93981,28.17195],[112.93989,28.172]]}},{"type":"Feature","properties":{"fclass":"secondary"},"geometry":{"type":"LineString","coordinates":[[112.9407,28.17103],[112.94082,28.17091],[112.94157,28.17023],[112.94316,28.16877],[112.94344,28.16851],[112.94433,28.1677],[112.94471,28.16749],[112.9448,28.16744],[112.94521,28.16731],[112.94573,28.16723],[112.94699,28.16702],[112.94788,28.1669]]}},{"type":"Feature","properties":{"fclass":"track"},"geometry":{"type":"LineString","coordinates":[[112.95417,28.17225],[112.95439,28.17214],[112.95461,28.1721],[112.95479,28.17211],[112.95489,28.17213],[112.955,28.17214],[112.9551,28.17215],[112.95522,28.17214],[112.95539,28.17208],[112.95564,28.17194]]}},{"type":"Feature","properties":{"fclass":"footway"},"geometry":{"type":"LineString","coordinates":[[112.95486,28.17054],[112.95482,28.17017],[112.95474,28.16944]]}},{"type":"Feature","properties":{"fclass":"footway"},"geometry":{"type":"LineString","coordinates":[[112.9543,28.17059],[112.95486,28.17054],[112.95534,28.17049]]}},{"type":"Feature","properties":{"fclass":"footway"},"geometry":{"type":"LineString","coordinates":[[112.95436,28.17021],[112.95482,28.17017],[112.95526,28.17013]]}},{"type":"Feature","properties":{"fclass":"footway"},"geometry":{"type":"LineString","coordinates":[[112.95489,28.17213],[112.95489,28.17192],[112.9551,28.17193]]}},{"type":"Feature","properties":{"fclass":"footway"},"geometry":{"type":"LineString","coordinates":[[112.95518,28.17135],[112.95524,28.17116],[112.95531,28.17111],[112.95547,28.17108]]}},{"type":"Feature","properties":{"fclass":"footway"},"geometry":{"type":"LineString","coordinates":[[112.9551,28.17215],[112.9551,28.17193],[112.95508,28.17188],[112.95505,28.17173],[112.95506,28.17166],[112.95516,28.17159],[112.95543,28.17142]]}},{"type":"Feature","properties":{"fclass":"footway"},"geometry":{"type":"LineString","coordinates":[[112.95555,28.17142],[112.95543,28.17142],[112.95539,28.17141],[112.95518,28.17135],[112.95484,28.17124],[112.95458,28.17121],[112.95449,28.17122],[112.95444,28.17125]]}},{"type":"Feature","properties":{"fclass":"tertiary"},"geometry":{"type":"LineString","coordinates":[[112.96721,28.21313],[112.96729,28.2131],[112.9674,28.21305],[112.96967,28.21316],[112.96977,28.21317],[112.97056,28.2132],[112.97057,28.2132],[112.97173,28.21316],[112.97184,28.21316],[112.97308,28.21312],[112.97341,28.21307],[112.97403,28.21286],[112.97566,28.21229],[112.97593,28.2122],[112.97658,28.21201],[112.97672,28.212],[112.97984,28.21176],[112.98063,28.21171],[112.98072,28.21169],[112.9809,28.21168]]}},{"type":"Feature","properties":{"fclass":"residential"},"geometry":{"type":"LineString","coordinates":[[112.92652,28.21627],[112.92673,28.21809],[112.92687,28.21956],[112.92694,28.22092],[112.92701,28.22124]]}},{"type":"Feature","properties":{"fclass":"tertiary"},"geometry":{"type":"LineString","coordinates":[[112.92202,28.21649],[112.92204,28.21662],[112.92233,28.21803],[112.92245,28.21855],[112.92263,28.21942],[112.92273,28.22056],[112.92287,28.22186]]}},{"type":"Feature","properties":{"fclass":"path"},"geometry":{"type":"LineString","coordinates":[[112.9175,28.21393],[112.91742,28.21391],[112.9173,28.2139],[112.91723,28.21389],[112.91705,28.21388],[112.9169,28.21388],[112.9168,28.21386],[112.91654,28.21386],[112.91656,28.21379],[112.9166,28.21358],[112.91661,28.21348],[112.91656,28.21318]]}},{"type":"Feature","properties":{"fclass":"residential"},"geometry":{"type":"LineString","coordinates":[[112.92882,28.16303],[112.92916,28.16276],[112.92924,28.1627]]}},{"type":"Feature","properties":{"fclass":"residential"},"geometry":{"type":"LineString","coordinates":[[112.92763,28.16508],[112.92845,28.16519],[112.92851,28.16472],[112.9286,28.16412],[112.92867,28.16377]]}},{"type":"Feature","properties":{"fclass":"footway"},"geometry":{"type":"LineString","coordinates":[[112.93129,28.16137],[112.93121,28.16136],[112.93108,28.16135],[112.93103,28.16133],[112.93092,28.16129],[112.9309,28.16126],[112.93086,28.16125],[112.93082,28.16125],[112.93078,28.16124],[112.93075,28.16121],[112.93073,28.16118],[112.93069,28.16117],[112.9306,28.16116],[112.93056,28.16116],[112.93051,28.16116],[112.93042,28.16116]]}},{"type":"Feature","properties":{"fclass":"residential"},"geometry":{"type":"LineString","coordinates":[[112.92916,28.16276],[112.92858,28.16262],[112.92804,28.16256]]}},{"type":"Feature","properties":{"fclass":"footway"},"geometry":{"type":"LineString","coordinates":[[112.92924,28.16324],[112.92924,28.16332],[112.92926,28.16338],[112.92934,28.16341],[112.9297,28.1635]]}},{"type":"Feature","properties":{"fclass":"residential"},"geometry":{"type":"LineString","coordinates":[[112.93144,28.16198],[112.93138,28.16203],[112.93131,28.16209]]}},{"type":"Feature","properties":{"fclass":"track"},"geometry":{"type":"LineString","coordinates":[[112.92843,28.1647],[112.92785,28.16455],[112.92747,28.1645]]}},{"type":"Feature","properties":{"fclass":"residential"},"geometry":{"type":"LineString","coordinates":[[112.9286,28.16412],[112.92773,28.16401]]}},{"type":"Feature","properties":{"fclass":"living_street"},"geometry":{"type":"LineString","coordinates":[[112.92845,28.16519],[112.9284,28.16556]]}},{"type":"Feature","properties":{"fclass":"residential"},"geometry":{"type":"LineString","coordinates":[[112.92851,28.16472],[112.92843,28.1647],[112.92815,28.1647],[112.92812,28.16472],[112.92812,28.16476],[112.92816,28.16478],[112.92826,28.16479],[112.92835,28.16481],[112.92838,28.16487]]}},{"type":"Feature","properties":{"fclass":"residential"},"geometry":{"type":"LineString","coordinates":[[112.92867,28.16377],[112.92778,28.16365]]}},{"type":"Feature","properties":{"fclass":"footway"},"geometry":{"type":"LineString","coordinates":[[112.93092,28.16117],[112.93092,28.16129],[112.93092,28.16133],[112.93091,28.16152]]}},{"type":"Feature","properties":{"fclass":"footway"},"geometry":{"type":"LineString","coordinates":[[112.93073,28.16118],[112.93092,28.16117],[112.93097,28.16117],[112.93099,28.16114],[112.931,28.16095],[112.93114,28.16088]]}},{"type":"Feature","properties":{"fclass":"footway"},"geometry":{"type":"LineString","coordinates":[[112.93598,28.15464],[112.93597,28.1546],[112.93597,28.15458],[112.93595,28.15453],[112.93592,28.15422]]}},{"type":"Feature","properties":{"fclass":"track"},"geometry":{"type":"LineString","coordinates":[[112.93019,28.15973],[112.93032,28.15983]]}},{"type":"Feature","properties":{"fclass":"track"},"geometry":{"type":"LineString","coordinates":[[112.92903,28.1587],[112.9291,28.15876],[112.92985,28.15942]]}},{"type":"Feature","properties":{"fclass":"footway"},"geometry":{"type":"LineString","coordinates":[[112.93032,28.15983],[112.93036,28.15987],[112.93056,28.16005],[112.9306,28.1601]]}},{"type":"Feature","properties":{"fclass":"service"},"geometry":{"type":"LineString","coordinates":[[112.92985,28.15942],[112.93019,28.15973]]}},{"type":"Feature","properties":{"fclass":"service"},"geometry":{"type":"LineString","coordinates":[[112.93831,28.15416],[112.93831,28.15294],[112.93831,28.15278],[112.93831,28.15275],[112.93855,28.15244],[112.93879,28.15214]]}},{"type":"Feature","properties":{"fclass":"service"},"geometry":{"type":"LineString","coordinates":[[112.93879,28.15214],[112.93932,28.15152]]}},{"type":"Feature","properties":{"fclass":"service"},"geometry":{"type":"LineString","coordinates":[[112.93426,28.15425],[112.93528,28.15423],[112.93534,28.15423],[112.93592,28.15422],[112.9375,28.15419],[112.93831,28.15416],[112.93878,28.15415],[112.94258,28.15468],[112.94454,28.15495],[112.94465,28.15487],[112.94474,28.15452]]}},{"type":"Feature","properties":{"fclass":"service"},"geometry":{"type":"LineString","coordinates":[[112.94127,28.15295],[112.94171,28.15309]]}},{"type":"Feature","properties":{"fclass":"service"},"geometry":{"type":"LineString","coordinates":[[112.9398,28.15321],[112.94179,28.15354]]}},{"type":"Feature","properties":{"fclass":"service"},"geometry":{"type":"LineString","coordinates":[[112.93426,28.15425],[112.93418,28.15421],[112.93409,28.1541],[112.93408,28.15402],[112.93407,28.15399],[112.93406,28.1535],[112.93405,28.15323],[112.93404,28.15292],[112.93403,28.15275],[112.93401,28.15207],[112.934,28.15194]]}},{"type":"Feature","properties":{"fclass":"service"},"geometry":{"type":"LineString","coordinates":[[112.934,28.15194],[112.93399,28.15171]]}},{"type":"Feature","properties":{"fclass":"service"},"geometry":{"type":"LineString","coordinates":[[112.93399,28.15171],[112.93398,28.15144]]}},{"type":"Feature","properties":{"fclass":"service"},"geometry":{"type":"LineString","coordinates":[[112.93618,28.1514],[112.93618,28.15095]]}},{"type":"Feature","properties":{"fclass":"service"},"geometry":{"type":"LineString","coordinates":[[112.94484,28.15314],[112.945,28.15324],[112.94501,28.15328],[112.94501,28.1533],[112.94474,28.15452]]}},{"type":"Feature","properties":{"fclass":"service"},"geometry":{"type":"LineString","coordinates":[[112.93494,28.15193],[112.93499,28.15185],[112.93501,28.15176],[112.93511,28.15162],[112.93528,28.15149],[112.93552,28.15141],[112.93571,28.1514],[112.93618,28.1514],[112.93649,28.15139],[112.93677,28.15142],[112.937,28.15149],[112.93718,28.1516],[112.93729,28.15168],[112.93735,28.15176],[112.93745,28.15189],[112.9375,28.15203],[112.9375,28.15207],[112.93754,28.15237],[112.93754,28.15241],[112.93756,28.15272]]}},{"type":"Feature","properties":{"fclass":"service"},"geometry":{"type":"LineString","coordinates":[[112.9375,28.15419],[112.93751,28.15394],[112.93752,28.1537],[112.93752,28.15355],[112.93752,28.15348],[112.93752,28.15294],[112.93754,28.15277],[112.93756,28.15272]]}},{"type":"Feature","properties":{"fclass":"service"},"geometry":{"type":"LineString","coordinates":[[112.93494,28.15193],[112.93489,28.15196],[112.9348,28.152],[112.93488,28.15239],[112.93495,28.15275],[112.935,28.15293],[112.93515,28.15353],[112.93525,28.15393],[112.93534,28.15423]]}},{"type":"Feature","properties":{"fclass":"service"},"geometry":{"type":"LineString","coordinates":[[112.94258,28.15468],[112.94258,28.15391],[112.94247,28.15366],[112.94241,28.15349],[112.9421,28.15323],[112.94171,28.15309]]}},{"type":"Feature","properties":{"fclass":"service"},"geometry":{"type":"LineString","coordinates":[[112.94241,28.15349],[112.94247,28.15329],[112.9427,28.15313]]}},{"type":"Feature","properties":{"fclass":"service"},"geometry":{"type":"LineString","coordinates":[[112.9348,28.152],[112.93472,28.15196],[112.93401,28.15207]]}},{"type":"Feature","properties":{"fclass":"footway"},"geometry":{"type":"LineString","coordinates":[[112.93284,28.1527],[112.93273,28.15213],[112.93273,28.15207],[112.93275,28.15198],[112.93288,28.15191],[112.93313,28.15195],[112.93333,28.152],[112.93347,28.15201],[112.93348,28.15201],[112.93395,28.15201]]}},{"type":"Feature","properties":{"fclass":"footway"},"geometry":{"type":"LineString","coordinates":[[112.9341,28.15231],[112.9343,28.15229],[112.93444,28.15231],[112.93453,28.15236],[112.93462,28.15244],[112.93471,28.15248],[112.93478,28.1525],[112.93484,28.15257],[112.93486,28.15262],[112.93492,28.15267]]}},{"type":"Feature","properties":{"fclass":"footway"},"geometry":{"type":"LineString","coordinates":[[112.94179,28.15354],[112.94247,28.15366],[112.94263,28.15375],[112.9454,28.1542]]}},{"type":"Feature","properties":{"fclass":"service"},"geometry":{"type":"LineString","coordinates":[[112.93,28.15724],[112.93013,28.15724],[112.93124,28.15721],[112.93156,28.15721]]}},{"type":"Feature","properties":{"fclass":"service"},"geometry":{"type":"LineString","coordinates":[[112.92809,28.15392],[112.92906,28.15089],[112.93046,28.15084],[112.93077,28.15138]]}},{"type":"Feature","properties":{"fclass":"footway"},"geometry":{"type":"LineString","coordinates":[[112.93634,28.15304],[112.93634,28.15265]]}},{"type":"Feature","properties":{"fclass":"track"},"geometry":{"type":"LineString","coordinates":[[112.93116,28.16013],[112.93116,28.15993],[112.93105,28.15992],[112.93101,28.15996]]}},{"type":"Feature","properties":{"fclass":"service"},"geometry":{"type":"LineString","coordinates":[[112.92874,28.15921],[112.9269,28.15918],[112.92706,28.15864],[112.92712,28.15831],[112.92717,28.15803],[112.9272,28.15789],[112.92723,28.15789],[112.92971,28.15793]]}},{"type":"Feature","properties":{"fclass":"track"},"geometry":{"type":"LineString","coordinates":[[112.93105,28.15992],[112.93103,28.15987],[112.93107,28.15984],[112.93117,28.15982],[112.93127,28.15981],[112.93136,28.15981]]}},{"type":"Feature","properties":{"fclass":"service"},"geometry":{"type":"LineString","coordinates":[[112.9272,28.15789],[112.92726,28.1573],[112.92726,28.15682],[112.92726,28.15561],[112.9296,28.15553]]}},{"type":"Feature","properties":{"fclass":"footway"},"geometry":{"type":"LineString","coordinates":[[112.93138,28.16203],[112.93159,28.16219],[112.93164,28.16229],[112.93165,28.16236],[112.93153,28.16246]]}},{"type":"Feature","properties":{"fclass":"footway"},"geometry":{"type":"LineString","coordinates":[[112.93598,28.15249],[112.93599,28.15233]]}},{"type":"Feature","properties":{"fclass":"residential"},"geometry":{"type":"LineString","coordinates":[[112.93174,28.15978],[112.9321,28.15978]]}},{"type":"Feature","properties":{"fclass":"service"},"geometry":{"type":"LineString","coordinates":[[112.93932,28.15152],[112.9395,28.15135]]}},{"type":"Feature","properties":{"fclass":"footway"},"geometry":{"type":"LineString","coordinates":[[112.93106,28.16174],[112.93105,28.16209]]}},{"type":"Feature","properties":{"fclass":"service"},"geometry":{"type":"LineString","coordinates":[[112.93831,28.15278],[112.93754,28.15277],[112.93495,28.15275],[112.93403,28.15275]]}},{"type":"Feature","properties":{"fclass":"footway"},"geometry":{"type":"LineString","coordinates":[[112.93596,28.15304],[112.93596,28.15265]]}},{"type":"Feature","properties":{"fclass":"service"},"geometry":{"type":"LineString","coordinates":[[112.9269,28.15918],[112.92683,28.15939],[112.9265,28.16031]]}},{"type":"Feature","properties":{"fclass":"service"},"geometry":{"type":"LineString","coordinates":[[112.93404,28.15292],[112.935,28.15293],[112.93752,28.15294],[112.93831,28.15294]]}},{"type":"Feature","properties":{"fclass":"footway"},"geometry":{"type":"LineString","coordinates":[[112.93122,28.16209],[112.93116,28.16213],[112.93115,28.16218],[112.93114,28.16223],[112.93109,28.16227],[112.93105,28.16228]]}},{"type":"Feature","properties":{"fclass":"track"},"geometry":{"type":"LineString","coordinates":[[112.93124,28.15721],[112.93114,28.15528],[112.9311,28.15526],[112.92954,28.15533]]}},{"type":"Feature","properties":{"fclass":"footway"},"geometry":{"type":"LineString","coordinates":[[112.93114,28.16223],[112.93116,28.16225],[112.93116,28.16228],[112.93113,28.16231],[112.93109,28.16234],[112.93109,28.16239],[112.93111,28.16243]]}},{"type":"Feature","properties":{"fclass":"footway"},"geometry":{"type":"LineString","coordinates":[[112.93115,28.16181],[112.93121,28.1617],[112.93126,28.16167]]}},{"type":"Feature","properties":{"fclass":"service"},"geometry":{"type":"LineString","coordinates":[[112.93488,28.15239],[112.93754,28.15241]]}},{"type":"Feature","properties":{"fclass":"service"},"geometry":{"type":"LineString","coordinates":[[112.93515,28.15353],[112.93752,28.15355]]}},{"type":"Feature","properties":{"fclass":"footway"},"geometry":{"type":"LineString","coordinates":[[112.93633,28.15249],[112.93633,28.15234]]}},{"type":"Feature","properties":{"fclass":"service"},"geometry":{"type":"LineString","coordinates":[[112.93614,28.15076],[112.93618,28.15095]]}},{"type":"Feature","properties":{"fclass":"track"},"geometry":{"type":"LineString","coordinates":[[112.93063,28.16014],[112.93069,28.1601],[112.93077,28.16006],[112.93085,28.16004],[112.93094,28.16004],[112.93097,28.16002],[112.93098,28.15997],[112.93101,28.15996],[112.93116,28.16013],[112.93118,28.16031]]}},{"type":"Feature","properties":{"fclass":"footway"},"geometry":{"type":"LineString","coordinates":[[112.93127,28.16199],[112.93123,28.16199],[112.93119,28.16194],[112.93119,28.16189],[112.93115,28.16181],[112.93111,28.16177],[112.93106,28.16174],[112.93105,28.16167],[112.93112,28.16164],[112.93117,28.16159]]}},{"type":"Feature","properties":{"fclass":"service"},"geometry":{"type":"LineString","coordinates":[[112.92726,28.15561],[112.92726,28.15497],[112.92726,28.15489],[112.92726,28.15414],[112.92802,28.15411],[112.92809,28.15392],[112.92911,28.15389]]}},{"type":"Feature","properties":{"fclass":"footway"},"geometry":{"type":"LineString","coordinates":[[112.93105,28.16167],[112.93098,28.16159]]}},{"type":"Feature","properties":{"fclass":"steps"},"geometry":{"type":"LineString","coordinates":[[112.93165,28.16236],[112.93167,28.16241],[112.93174,28.16238]]}},{"type":"Feature","properties":{"fclass":"path"},"geometry":{"type":"LineString","coordinates":[[112.93752,28.15348],[112.9377,28.15342],[112.93779,28.1534],[112.93791,28.15337],[112.93806,28.15334],[112.93816,28.15331],[112.93821,28.15331],[112.93827,28.15331]]}},{"type":"Feature","properties":{"fclass":"path"},"geometry":{"type":"LineString","coordinates":[[112.93752,28.1537],[112.93762,28.15366],[112.93767,28.15361],[112.93773,28.15358],[112.93779,28.15356],[112.93785,28.15353],[112.93793,28.15349],[112.93799,28.15345],[112.93805,28.15341],[112.93814,28.15336],[112.93821,28.15331]]}},{"type":"Feature","properties":{"fclass":"path"},"geometry":{"type":"LineString","coordinates":[[112.93792,28.15273],[112.93793,28.15262],[112.93792,28.15254],[112.93785,28.15246],[112.93787,28.15242],[112.93797,28.15246]]}},{"type":"Feature","properties":{"fclass":"path"},"geometry":{"type":"LineString","coordinates":[[112.93772,28.15228],[112.93773,28.15227],[112.93777,28.15226],[112.9378,28.15221],[112.93784,28.15218],[112.93788,28.15218],[112.93791,28.15219],[112.93797,28.1522]]}},{"type":"Feature","properties":{"fclass":"path"},"geometry":{"type":"LineString","coordinates":[[112.93787,28.15242],[112.93786,28.15235],[112.93786,28.15229],[112.93789,28.15222],[112.93791,28.15219],[112.93796,28.15213]]}},{"type":"Feature","properties":{"fclass":"path"},"geometry":{"type":"LineString","coordinates":[[112.93796,28.15213],[112.93795,28.15208],[112.93796,28.15205],[112.93797,28.15203],[112.93794,28.15199],[112.9379,28.15193],[112.93785,28.15186],[112.93785,28.1518],[112.93788,28.1517],[112.9379,28.15162],[112.93788,28.15157],[112.93771,28.15143],[112.93762,28.15139],[112.93746,28.15126],[112.93735,28.15115],[112.93729,28.15111],[112.93722,28.15108],[112.93711,28.15107],[112.937,28.15109],[112.93649,28.15117],[112.93641,28.15119],[112.93634,28.15124],[112.93624,28.15131]]}},{"type":"Feature","properties":{"fclass":"service"},"geometry":{"type":"LineString","coordinates":[[112.93405,28.15323],[112.93261,28.15323],[112.93261,28.154]]}},{"type":"Feature","properties":{"fclass":"service"},"geometry":{"type":"LineString","coordinates":[[112.93261,28.154],[112.93408,28.15402]]}},{"type":"Feature","properties":{"fclass":"service"},"geometry":{"type":"LineString","coordinates":[[112.93406,28.1535],[112.93384,28.1535]]}},{"type":"Feature","properties":{"fclass":"path"},"geometry":{"type":"LineString","coordinates":[[112.93763,28.15274],[112.93768,28.15269],[112.93772,28.15263],[112.93773,28.15258],[112.93772,28.15253],[112.93774,28.15249],[112.93777,28.15247],[112.93782,28.15246],[112.93785,28.15246]]}},{"type":"Feature","properties":{"fclass":"path"},"geometry":{"type":"LineString","coordinates":[[112.93774,28.15249],[112.9377,28.15244],[112.93768,28.15241],[112.93769,28.15235],[112.9377,28.15231],[112.93773,28.15227],[112.93772,28.15224],[112.93771,28.1522],[112.9377,28.15216],[112.93765,28.15212],[112.93761,28.15209],[112.93756,28.15207],[112.9375,28.15207]]}},{"type":"Feature","properties":{"fclass":"path"},"geometry":{"type":"LineString","coordinates":[[112.93478,28.15144],[112.93545,28.15118]]}},{"type":"Feature","properties":{"fclass":"path"},"geometry":{"type":"LineString","coordinates":[[112.93996,28.15417],[112.94028,28.15423],[112.94046,28.15425],[112.94058,28.15428],[112.94075,28.15429],[112.94087,28.15428],[112.94097,28.15425],[112.94104,28.15421],[112.94109,28.15419],[112.94119,28.1542],[112.94131,28.1542],[112.94138,28.15419],[112.94146,28.15414],[112.94155,28.15405],[112.94163,28.15401],[112.94172,28.15402],[112.94177,28.15403],[112.94182,28.15399],[112.94188,28.15393],[112.94192,28.1539],[112.94195,28.15389],[112.94197,28.15389],[112.94201,28.1539],[112.94205,28.15393],[112.94209,28.15395],[112.94212,28.15395],[112.94213,28.15394],[112.94214,28.1539],[112.94212,28.15385],[112.94209,28.15383],[112.94209,28.1538],[112.94211,28.15375],[112.9421,28.15372],[112.94208,28.15371],[112.94207,28.15368],[112.94206,28.15367]]}},{"type":"Feature","properties":{"fclass":"path"},"geometry":{"type":"LineString","coordinates":[[112.94119,28.1542],[112.94117,28.15425],[112.94114,28.15429],[112.94111,28.15434],[112.94108,28.1544]]}},{"type":"Feature","properties":{"fclass":"path"},"geometry":{"type":"LineString","coordinates":[[112.94195,28.15389],[112.94195,28.15393],[112.94192,28.15398],[112.94191,28.15404],[112.94192,28.15411],[112.94195,28.15418],[112.94198,28.15422],[112.94203,28.15425],[112.94208,28.15429],[112.94214,28.15429],[112.94219,28.15431],[112.94221,28.15434],[112.9422,28.1544],[112.94219,28.15443],[112.94223,28.15446],[112.94231,28.15446],[112.94233,28.15447],[112.94238,28.15451],[112.94241,28.15454],[112.94244,28.15457],[112.94244,28.1546]]}},{"type":"Feature","properties":{"fclass":"path"},"geometry":{"type":"LineString","coordinates":[[112.94303,28.15466],[112.94307,28.15461],[112.94313,28.15457],[112.94318,28.15453],[112.94318,28.15445],[112.94318,28.15439],[112.94323,28.15433],[112.94332,28.15432],[112.94342,28.15433],[112.94352,28.15432],[112.94358,28.1543],[112.94367,28.15429],[112.94372,28.15427],[112.94378,28.15424],[112.94383,28.15416],[112.94383,28.1541]]}},{"type":"Feature","properties":{"fclass":"path"},"geometry":{"type":"LineString","coordinates":[[112.94367,28.15429],[112.94375,28.1543],[112.94378,28.15433],[112.94382,28.15436],[112.94382,28.15439],[112.94387,28.15445],[112.9439,28.15448],[112.94397,28.15454],[112.94403,28.15458],[112.94408,28.15464],[112.9441,28.1547],[112.94408,28.15478],[112.94406,28.15482]]}},{"type":"Feature","properties":{"fclass":"path"},"geometry":{"type":"LineString","coordinates":[[112.94352,28.15375],[112.94356,28.15369],[112.94359,28.15365],[112.94361,28.15362],[112.94366,28.1536]]}},{"type":"Feature","properties":{"fclass":"path"},"geometry":{"type":"LineString","coordinates":[[112.94331,28.15324],[112.94336,28.15328],[112.94337,28.15334],[112.94336,28.15339],[112.94336,28.15344],[112.9434,28.15347],[112.94344,28.15349],[112.9435,28.15352],[112.94355,28.15356],[112.9436,28.15357],[112.94368,28.15358],[112.94375,28.15359],[112.94382,28.15357],[112.94388,28.1535],[112.94394,28.15347],[112.94403,28.15347],[112.94412,28.15347],[112.94424,28.15348],[112.94428,28.15345],[112.94434,28.15342],[112.94443,28.15339],[112.94452,28.15337],[112.94457,28.15337],[112.94464,28.15333],[112.9447,28.15328]]}},{"type":"Feature","properties":{"fclass":"path"},"geometry":{"type":"LineString","coordinates":[[112.93999,28.15315],[112.93991,28.15307],[112.93987,28.153],[112.93984,28.15292],[112.93979,28.15285],[112.93973,28.15276],[112.93967,28.1527],[112.93962,28.15263],[112.93957,28.15257],[112.93951,28.15252]]}},{"type":"Feature","properties":{"fclass":"path"},"geometry":{"type":"LineString","coordinates":[[112.93995,28.15329],[112.93989,28.15332],[112.93982,28.15333],[112.93978,28.15336],[112.93972,28.15339],[112.93967,28.15345],[112.93964,28.1535],[112.93962,28.15355],[112.9395,28.15356]]}},{"type":"Feature","properties":{"fclass":"service"},"geometry":{"type":"LineString","coordinates":[[112.9414,28.14962],[112.94139,28.14977],[112.94124,28.1501],[112.94034,28.15206],[112.94015,28.15219]]}},{"type":"Feature","properties":{"fclass":"cycleway"},"geometry":{"type":"LineString","coordinates":[[112.94072,28.15268],[112.94085,28.15255],[112.94113,28.15265],[112.94121,28.15265],[112.94125,28.15263],[112.94127,28.15201],[112.94126,28.15196],[112.94141,28.15167],[112.94143,28.15158],[112.94154,28.15164],[112.94178,28.15114],[112.94174,28.151],[112.94184,28.15046],[112.94187,28.15037],[112.94124,28.1501]]}},{"type":"Feature","properties":{"fclass":"service"},"geometry":{"type":"LineString","coordinates":[[112.93938,28.15118],[112.93947,28.15104],[112.9396,28.15078],[112.93992,28.15004],[112.93999,28.15001],[112.94008,28.15],[112.94026,28.14958]]}},{"type":"Feature","properties":{"fclass":"service"},"geometry":{"type":"LineString","coordinates":[[112.93957,28.15145],[112.93977,28.15111],[112.94022,28.15013],[112.94033,28.14992],[112.94039,28.14983],[112.94039,28.14971],[112.94039,28.14955]]}},{"type":"Feature","properties":{"fclass":"service"},"geometry":{"type":"LineString","coordinates":[[112.94124,28.14948],[112.93878,28.14955],[112.93861,28.14956],[112.93799,28.14958],[112.93566,28.14965],[112.93549,28.14966],[112.93411,28.1497],[112.93375,28.14971],[112.93362,28.14973],[112.93354,28.14982],[112.93353,28.14993],[112.9335,28.15012],[112.93325,28.15039],[112.93312,28.15057],[112.93307,28.15078],[112.93302,28.15135]]}},{"type":"Feature","properties":{"fclass":"path"},"geometry":{"type":"LineString","coordinates":[[112.93801,28.15048],[112.93797,28.15039],[112.93794,28.1503],[112.93794,28.15022],[112.93798,28.15016],[112.93802,28.1501],[112.93803,28.15004],[112.93799,28.14997],[112.93795,28.1499],[112.93797,28.14983]]}},{"type":"Feature","properties":{"fclass":"service"},"geometry":{"type":"LineString","coordinates":[[112.93733,28.15045],[112.93733,28.15021],[112.93731,28.14955]]}},{"type":"Feature","properties":{"fclass":"service"},"geometry":{"type":"LineString","coordinates":[[112.93879,28.15076],[112.93882,28.15067],[112.93881,28.15036],[112.93878,28.14955]]}},{"type":"Feature","properties":{"fclass":"service"},"geometry":{"type":"LineString","coordinates":[[112.93881,28.15036],[112.93864,28.15034],[112.93861,28.14956]]}},{"type":"Feature","properties":{"fclass":"service"},"geometry":{"type":"LineString","coordinates":[[112.93553,28.15098],[112.93552,28.15063],[112.93549,28.14966]]}},{"type":"Feature","properties":{"fclass":"service"},"geometry":{"type":"LineString","coordinates":[[112.93552,28.15063],[112.9357,28.15052],[112.93566,28.14965]]}},{"type":"Feature","properties":{"fclass":"service"},"geometry":{"type":"LineString","coordinates":[[112.93477,28.15129],[112.93438,28.1501],[112.93428,28.15007],[112.93413,28.15011]]}},{"type":"Feature","properties":{"fclass":"service"},"geometry":{"type":"LineString","coordinates":[[112.93442,28.15138],[112.93441,28.15119],[112.93406,28.15011],[112.93413,28.15011],[112.93411,28.1497]]}},{"type":"Feature","properties":{"fclass":"footway"},"geometry":{"type":"LineString","coordinates":[[112.93234,28.162],[112.93233,28.16185],[112.93202,28.16185]]}},{"type":"Feature","properties":{"fclass":"residential"},"geometry":{"type":"LineString","coordinates":[[112.93373,28.1578],[112.93359,28.15753],[112.93345,28.15724],[112.93338,28.15702],[112.93331,28.15679],[112.9333,28.15673],[112.93329,28.15655],[112.93328,28.15635],[112.93327,28.15614],[112.93326,28.15593],[112.93325,28.15573],[112.93324,28.15551],[112.93323,28.15529],[112.93322,28.1548]]}},{"type":"Feature","properties":{"fclass":"residential"},"geometry":{"type":"LineString","coordinates":[[112.93335,28.15761],[112.93332,28.15746],[112.93328,28.15728],[112.93328,28.15724],[112.93324,28.15704],[112.9332,28.15684],[112.9332,28.1568],[112.93319,28.15655],[112.93319,28.15635],[112.93318,28.15613],[112.93318,28.15593],[112.93317,28.15572],[112.93316,28.15555],[112.93315,28.1553],[112.93316,28.15492],[112.93317,28.1548],[112.93317,28.15472]]}},{"type":"Feature","properties":{"fclass":"path"},"geometry":{"type":"LineString","coordinates":[[112.93328,28.15728],[112.93345,28.15724]]}},{"type":"Feature","properties":{"fclass":"path"},"geometry":{"type":"LineString","coordinates":[[112.93249,28.15782],[112.93335,28.15761]]}},{"type":"Feature","properties":{"fclass":"path"},"geometry":{"type":"LineString","coordinates":[[112.93332,28.15746],[112.9328,28.15751],[112.93246,28.15754]]}},{"type":"Feature","properties":{"fclass":"path"},"geometry":{"type":"LineString","coordinates":[[112.93242,28.15735],[112.93328,28.15724]]}},{"type":"Feature","properties":{"fclass":"path"},"geometry":{"type":"LineString","coordinates":[[112.93237,28.15716],[112.93324,28.15704]]}},{"type":"Feature","properties":{"fclass":"path"},"geometry":{"type":"LineString","coordinates":[[112.93345,28.15724],[112.93436,28.15711]]}},{"type":"Feature","properties":{"fclass":"path"},"geometry":{"type":"LineString","coordinates":[[112.93338,28.15702],[112.93432,28.15688]]}},{"type":"Feature","properties":{"fclass":"path"},"geometry":{"type":"LineString","coordinates":[[112.9332,28.1568],[112.93231,28.1569]]}},{"type":"Feature","properties":{"fclass":"path"},"geometry":{"type":"LineString","coordinates":[[112.93331,28.15679],[112.93425,28.15664]]}},{"type":"Feature","properties":{"fclass":"path"},"geometry":{"type":"LineString","coordinates":[[112.93228,28.15667],[112.93319,28.15655]]}},{"type":"Feature","properties":{"fclass":"path"},"geometry":{"type":"LineString","coordinates":[[112.93226,28.15647],[112.93319,28.15635]]}},{"type":"Feature","properties":{"fclass":"path"},"geometry":{"type":"LineString","coordinates":[[112.93224,28.15626],[112.93318,28.15613]]}},{"type":"Feature","properties":{"fclass":"path"},"geometry":{"type":"LineString","coordinates":[[112.93222,28.15608],[112.93318,28.15593]]}},{"type":"Feature","properties":{"fclass":"path"},"geometry":{"type":"LineString","coordinates":[[112.9322,28.15588],[112.93317,28.15572]]}},{"type":"Feature","properties":{"fclass":"path"},"geometry":{"type":"LineString","coordinates":[[112.93218,28.15569],[112.93316,28.15555]]}},{"type":"Feature","properties":{"fclass":"path"},"geometry":{"type":"LineString","coordinates":[[112.93329,28.15655],[112.93421,28.15641]]}},{"type":"Feature","properties":{"fclass":"path"},"geometry":{"type":"LineString","coordinates":[[112.93328,28.15635],[112.93417,28.15623]]}},{"type":"Feature","properties":{"fclass":"path"},"geometry":{"type":"LineString","coordinates":[[112.93327,28.15614],[112.93412,28.15603]]}},{"type":"Feature","properties":{"fclass":"path"},"geometry":{"type":"LineString","coordinates":[[112.93326,28.15593],[112.93409,28.15581]]}},{"type":"Feature","properties":{"fclass":"path"},"geometry":{"type":"LineString","coordinates":[[112.93325,28.15573],[112.93409,28.15561]]}},{"type":"Feature","properties":{"fclass":"path"},"geometry":{"type":"LineString","coordinates":[[112.93324,28.15551],[112.93407,28.15539]]}},{"type":"Feature","properties":{"fclass":"path"},"geometry":{"type":"LineString","coordinates":[[112.93323,28.15529],[112.93406,28.15521]]}},{"type":"Feature","properties":{"fclass":"path"},"geometry":{"type":"LineString","coordinates":[[112.93315,28.1553],[112.93217,28.15538]]}},{"type":"Feature","properties":{"fclass":"path"},"geometry":{"type":"LineString","coordinates":[[112.93444,28.1573],[112.93436,28.15711],[112.93432,28.15688],[112.93425,28.15664],[112.93421,28.15641],[112.93417,28.15623],[112.93412,28.15603],[112.93409,28.15581],[112.93409,28.15561],[112.93407,28.15539],[112.93406,28.15521],[112.93407,28.15491]]}},{"type":"Feature","properties":{"fclass":"path"},"geometry":{"type":"LineString","coordinates":[[112.93359,28.15753],[112.93444,28.1573]]}},{"type":"Feature","properties":{"fclass":"service"},"geometry":{"type":"LineString","coordinates":[[112.9841,28.17369],[112.98407,28.17361],[112.98405,28.17355]]}},{"type":"Feature","properties":{"fclass":"service"},"geometry":{"type":"LineString","coordinates":[[112.98426,28.17363],[112.98424,28.17355],[112.98422,28.17348],[112.98412,28.17296],[112.98512,28.17285]]}},{"type":"Feature","properties":{"fclass":"pedestrian"},"geometry":{"type":"LineString","coordinates":[[112.98404,28.1715],[112.98406,28.17141],[112.98412,28.17135],[112.98419,28.1713],[112.98428,28.17126],[112.98436,28.17123],[112.98447,28.17122],[112.98461,28.17122],[112.9847,28.17124],[112.98478,28.17128],[112.98485,28.17133],[112.98489,28.17139],[112.98491,28.17148],[112.98404,28.1715]]}},{"type":"Feature","properties":{"fclass":"service"},"geometry":{"type":"LineString","coordinates":[[112.98399,28.17152],[112.98391,28.1708],[112.98433,28.17053],[112.98467,28.17052]]}},{"type":"Feature","properties":{"fclass":"tertiary"},"geometry":{"type":"LineString","coordinates":[[112.93623,28.15692],[112.9345,28.15765]]}},{"type":"Feature","properties":{"fclass":"service"},"geometry":{"type":"LineString","coordinates":[[112.94484,28.15314],[112.9427,28.15313],[112.94225,28.15314],[112.94171,28.15309]]}},{"type":"Feature","properties":{"fclass":"tertiary"},"geometry":{"type":"LineString","coordinates":[[112.98884,28.14967],[112.98993,28.15006],[112.99044,28.15023],[112.99091,28.15029],[112.9914,28.1503],[112.99269,28.15014],[112.993,28.15015],[112.9933,28.15017],[112.99362,28.15023],[112.99394,28.15031]]}},{"type":"Feature","properties":{"fclass":"secondary"},"geometry":{"type":"LineString","coordinates":[[112.98641,28.20692],[112.98705,28.20696],[112.98731,28.20701],[112.98821,28.20721],[112.98928,28.20753],[112.98989,28.20774],[112.9904,28.20796],[112.99071,28.2081],[112.99192,28.20871],[112.9924,28.20895],[112.99275,28.20907],[112.99354,28.20924],[112.99437,28.20935],[112.99521,28.20936],[112.99559,28.20934],[112.99604,28.20928],[112.99688,28.20911],[112.99746,28.20902],[112.99828,28.20892],[112.99911,28.20889],[112.99987,28.20897],[113.00004,28.20901],[113.00093,28.20924]]}},{"type":"Feature","properties":{"fclass":"secondary"},"geometry":{"type":"LineString","coordinates":[[112.98641,28.20701],[112.98604,28.207],[112.98498,28.20697],[112.98466,28.20695],[112.98312,28.20696],[112.98113,28.20699],[112.98055,28.20699],[112.98038,28.207]]}},{"type":"Feature","properties":{"fclass":"secondary"},"geometry":{"type":"LineString","coordinates":[[113.00381,28.2105],[113.00336,28.21032],[113.00325,28.21028],[113.00247,28.20995],[113.00118,28.20942],[113.00098,28.20936]]}},{"type":"Feature","properties":{"fclass":"residential"},"geometry":{"type":"LineString","coordinates":[[112.98019,28.20745],[112.9803,28.20852],[112.98036,28.20938],[112.98039,28.21007],[112.98038,28.21065]]}},{"type":"Feature","properties":{"fclass":"tertiary"},"geometry":{"type":"LineString","coordinates":[[112.98561,28.21117],[112.9844,28.21128],[112.98241,28.21152],[112.98233,28.21153],[112.98215,28.21156],[112.9809,28.21176]]}},{"type":"Feature","properties":{"fclass":"primary_link"},"geometry":{"type":"LineString","coordinates":[[112.98047,28.20814],[112.98033,28.20782]]}},{"type":"Feature","properties":{"fclass":"tertiary"},"geometry":{"type":"LineString","coordinates":[[112.98145,28.2168],[112.98133,28.21683],[112.98113,28.21681],[112.98091,28.21683],[112.98014,28.2169],[112.97885,28.21703],[112.97621,28.21724],[112.97608,28.21725],[112.97496,28.21734],[112.97347,28.21747],[112.97307,28.2175],[112.97295,28.2175],[112.97288,28.21751],[112.97082,28.21769],[112.97072,28.2177],[112.96848,28.21787],[112.9684,28.21788],[112.96825,28.21789],[112.96812,28.2179],[112.96804,28.21791]]}},{"type":"Feature","properties":{"fclass":"residential"},"geometry":{"type":"LineString","coordinates":[[112.98003,28.20578],[112.98,28.20546],[112.97995,28.20499],[112.97994,28.20494],[112.97992,28.20466],[112.97978,28.20316],[112.97959,28.20157],[112.97959,28.20096]]}},{"type":"Feature","properties":{"fclass":"tertiary"},"geometry":{"type":"LineString","coordinates":[[112.9809,28.21176],[112.9808,28.21177],[112.98072,28.21177],[112.98064,28.21178],[112.97671,28.21207],[112.97659,28.21208],[112.97656,28.21209],[112.97596,28.21227],[112.97406,28.21292],[112.97343,28.21314],[112.97309,28.21319],[112.97185,28.21323],[112.97175,28.21324],[112.97057,28.21327],[112.96966,28.21324],[112.96766,28.21316],[112.96743,28.21315],[112.96731,28.21315],[112.96723,28.21319]]}},{"type":"Feature","properties":{"fclass":"primary_link"},"geometry":{"type":"LineString","coordinates":[[112.9797,28.20693],[112.98003,28.20685],[112.98013,28.2068],[112.98019,28.20676],[112.98024,28.20671],[112.98026,28.20668],[112.98029,28.2066],[112.98032,28.2064]]}},{"type":"Feature","properties":{"fclass":"tertiary"},"geometry":{"type":"LineString","coordinates":[[112.98643,28.2167],[112.98583,28.21678],[112.98465,28.21675],[112.98319,28.21684],[112.98297,28.21684],[112.98213,28.21685],[112.98145,28.2168]]}},{"type":"Feature","properties":{"fclass":"residential"},"geometry":{"type":"LineString","coordinates":[[112.96656,28.20871],[112.96621,28.20744],[112.96616,28.2072],[112.96613,28.20679],[112.96604,28.20653],[112.96607,28.20628],[112.96613,28.20614],[112.96622,28.20594],[112.96646,28.20563],[112.96666,28.20518],[112.96675,28.20495],[112.96677,28.20467],[112.96672,28.20411],[112.96665,28.20347],[112.9666,28.20304],[112.96653,28.20175],[112.96646,28.2014],[112.9664,28.20103],[112.96635,28.20066],[112.96633,28.20047],[112.96633,28.19941],[112.9663,28.19908]]}},{"type":"Feature","properties":{"fclass":"tertiary"},"geometry":{"type":"LineString","coordinates":[[112.96847,28.21778],[112.96841,28.21606],[112.96838,28.2159],[112.96815,28.21439],[112.96725,28.21232],[112.96707,28.21187],[112.96704,28.21175],[112.9667,28.21093],[112.96643,28.21029],[112.96612,28.20975],[112.96605,28.20961],[112.96599,28.20946]]}},{"type":"Feature","properties":{"fclass":"trunk"},"geometry":{"type":"LineString","coordinates":[[112.97274,28.19858],[112.97355,28.19856],[112.9754,28.19851],[112.97554,28.1985],[112.97664,28.19845],[112.97804,28.19839],[112.97876,28.19836],[112.9793,28.19834],[112.97994,28.19831],[112.98054,28.19828],[112.98081,28.19828],[112.98122,28.19827],[112.98306,28.19821],[112.98619,28.19809],[112.98632,28.19808],[112.98643,28.19808],[112.98752,28.19804],[112.98923,28.19799]]}},{"type":"Feature","properties":{"fclass":"trunk"},"geometry":{"type":"LineString","coordinates":[[112.97275,28.19874],[112.9709,28.19879],[112.96914,28.19885]]}},{"type":"Feature","properties":{"fclass":"residential"},"geometry":{"type":"LineString","coordinates":[[112.97486,28.22364],[112.97562,28.22278],[112.97695,28.22181],[112.97699,28.22178],[112.97703,28.22175],[112.98026,28.21938],[112.98033,28.21932],[112.98096,28.21883],[112.98104,28.21883],[112.98126,28.21882],[112.98145,28.21883]]}},{"type":"Feature","properties":{"fclass":"secondary"},"geometry":{"type":"LineString","coordinates":[[112.97052,28.20455],[112.97034,28.20526],[112.97033,28.20528],[112.97029,28.20557],[112.97017,28.20631],[112.97016,28.20696],[112.97025,28.20749],[112.97042,28.20804],[112.97053,28.20826],[112.97061,28.20843]]}},{"type":"Feature","properties":{"fclass":"tertiary"},"geometry":{"type":"LineString","coordinates":[[112.96848,28.21787],[112.96841,28.21816],[112.96853,28.21899],[112.96863,28.21953],[112.96877,28.22038],[112.96899,28.22161],[112.96906,28.22199],[112.96932,28.22334]]}},{"type":"Feature","properties":{"fclass":"secondary"},"geometry":{"type":"LineString","coordinates":[[112.97031,28.20452],[112.97023,28.20428],[112.97018,28.20413]]}},{"type":"Feature","properties":{"fclass":"tertiary"},"geometry":{"type":"LineString","coordinates":[[112.96954,28.22825],[112.96941,28.22708],[112.9694,28.22703],[112.96938,28.22678],[112.96927,28.22548],[112.96899,28.22356],[112.96806,28.2183],[112.96804,28.21791],[112.96804,28.21784],[112.96803,28.21762],[112.96801,28.21731],[112.96798,28.21603],[112.96792,28.21528],[112.96776,28.21458],[112.96758,28.21407],[112.96749,28.21381],[112.96726,28.21327],[112.96723,28.21319],[112.96721,28.21313],[112.96714,28.21298],[112.96664,28.21186],[112.96587,28.21008],[112.96562,28.20932],[112.96554,28.20902],[112.96548,28.20881],[112.96543,28.20861],[112.96526,28.20763],[112.96511,28.20689]]}},{"type":"Feature","properties":{"fclass":"residential"},"geometry":{"type":"LineString","coordinates":[[112.97642,28.19928],[112.97566,28.1993],[112.97558,28.1993],[112.97544,28.19931]]}},{"type":"Feature","properties":{"fclass":"residential"},"geometry":{"type":"LineString","coordinates":[[112.97794,28.19878],[112.97637,28.1988],[112.97575,28.19891],[112.97566,28.19908],[112.97566,28.1993]]}},{"type":"Feature","properties":{"fclass":"trunk"},"geometry":{"type":"LineString","coordinates":[[112.96914,28.19871],[112.96975,28.1987],[112.97089,28.19867],[112.97202,28.19861],[112.97274,28.19858]]}},{"type":"Feature","properties":{"fclass":"trunk"},"geometry":{"type":"LineString","coordinates":[[112.96914,28.19885],[112.96812,28.1989],[112.96663,28.19896],[112.9659,28.19899],[112.96542,28.19901],[112.9642,28.19899]]}},{"type":"Feature","properties":{"fclass":"primary"},"geometry":{"type":"LineString","coordinates":[[112.95662,28.23577],[112.95707,28.23527],[112.95721,28.23513],[112.95801,28.23388],[112.95837,28.23257],[112.95833,28.23146],[112.95839,28.23101],[112.95827,28.22994],[112.95819,28.22943],[112.95812,28.2287],[112.9581,28.22865],[112.95737,28.22694],[112.95683,28.22565],[112.95578,28.22092],[112.95462,28.21807],[112.95453,28.21784],[112.95348,28.21561],[112.95343,28.2155],[112.95332,28.21526],[112.95317,28.21473],[112.95307,28.21439],[112.95276,28.21281],[112.95275,28.21274],[112.95274,28.21247]]}},{"type":"Feature","properties":{"fclass":"primary"},"geometry":{"type":"LineString","coordinates":[[112.9819,28.22951],[112.98185,28.22883],[112.98177,28.22669],[112.98176,28.22661],[112.98175,28.22655],[112.98174,28.22644],[112.98161,28.22434],[112.9816,28.22427],[112.98159,28.22411],[112.98126,28.21882],[112.98113,28.21681],[112.98113,28.2167],[112.98099,28.21532],[112.98093,28.2134],[112.98072,28.21177],[112.98072,28.21169]]}},{"type":"Feature","properties":{"fclass":"secondary_link"},"geometry":{"type":"LineString","coordinates":[[112.97531,28.19125],[112.97528,28.19138],[112.9751,28.19153],[112.97495,28.19175]]}},{"type":"Feature","properties":{"fclass":"secondary"},"geometry":{"type":"LineString","coordinates":[[112.96303,28.19542],[112.96314,28.19543],[112.96326,28.19544],[112.96389,28.19543],[112.96448,28.19537],[112.96451,28.19537],[112.9661,28.19526]]}},{"type":"Feature","properties":{"fclass":"secondary"},"geometry":{"type":"LineString","coordinates":[[112.97532,28.19464],[112.97534,28.19475],[112.97551,28.19698],[112.97554,28.19842],[112.97554,28.1985],[112.97555,28.19862],[112.97555,28.19875],[112.97556,28.19896],[112.97558,28.1993],[112.97561,28.2],[112.97566,28.20167],[112.97573,28.20292],[112.97573,28.20295],[112.97583,28.20406],[112.97588,28.20443],[112.97597,28.20521],[112.976,28.2059],[112.97597,28.20656],[112.9759,28.20749],[112.97593,28.2076],[112.97603,28.20812],[112.97623,28.20905],[112.97647,28.21006],[112.97661,28.21094],[112.97672,28.212],[112.97672,28.21201],[112.97671,28.21207],[112.97664,28.21253],[112.97658,28.2127],[112.97657,28.21274],[112.97639,28.21332],[112.9763,28.21361],[112.97625,28.21377],[112.97609,28.21459],[112.97601,28.21518],[112.97601,28.21559],[112.9762,28.21713],[112.97621,28.21724]]}},{"type":"Feature","properties":{"fclass":"secondary_link"},"geometry":{"type":"LineString","coordinates":[[112.99079,28.18355],[112.99061,28.1837],[112.99047,28.18379],[112.99032,28.18385],[112.99008,28.1839],[112.98937,28.18402],[112.98888,28.18411],[112.9885,28.18414],[112.9882,28.18415],[112.98779,28.18414],[112.98735,28.18409],[112.98596,28.18395],[112.98558,28.18393],[112.98519,28.18395],[112.98491,28.184],[112.98457,28.18411],[112.98417,28.18429],[112.98394,28.18438],[112.98365,28.18446]]}},{"type":"Feature","properties":{"fclass":"secondary"},"geometry":{"type":"LineString","coordinates":[[112.98408,28.18423],[112.98389,28.18435],[112.98365,28.18446],[112.98272,28.18489],[112.98194,28.18527],[112.98161,28.18549],[112.98108,28.18583],[112.98095,28.18594],[112.98072,28.18606],[112.98053,28.18617],[112.98042,28.18622],[112.98025,28.18628],[112.98005,28.18631],[112.97947,28.18634],[112.97924,28.18636],[112.97887,28.18639],[112.97846,28.18644],[112.97816,28.18647]]}},{"type":"Feature","properties":{"fclass":"residential"},"geometry":{"type":"LineString","coordinates":[[112.98127,28.18625],[112.98137,28.18785],[112.98143,28.18864],[112.98145,28.18893]]}},{"type":"Feature","properties":{"fclass":"secondary"},"geometry":{"type":"LineString","coordinates":[[113.00345,28.18849],[113.00271,28.18854],[113.00246,28.18854],[113.00138,28.18861],[113.00127,28.18862],[113.00126,28.18862],[112.99901,28.18871],[112.99681,28.18885],[112.99667,28.18885],[112.99665,28.18886],[112.9943,28.189],[112.99193,28.18921],[112.99175,28.18922],[112.99136,28.18925],[112.9896,28.1894],[112.98848,28.18945],[112.98741,28.18945],[112.98731,28.18945],[112.98403,28.18934],[112.98173,28.18931],[112.98141,28.18933],[112.98119,28.18938],[112.98071,28.1895],[112.98008,28.18967],[112.97986,28.18973]]}},{"type":"Feature","properties":{"fclass":"secondary_link"},"geometry":{"type":"LineString","coordinates":[[112.9836,28.18441],[112.98387,28.18425],[112.98409,28.18414],[112.98442,28.18399],[112.98464,28.18391],[112.98484,28.18385],[112.98507,28.1838],[112.98524,28.18377],[112.98547,28.18377],[112.98571,28.18377],[112.98603,28.18379],[112.98727,28.18391],[112.98737,28.18392],[112.98781,28.18397],[112.98804,28.18399],[112.98824,28.18399],[112.98845,28.18399],[112.98869,28.18397],[112.98906,28.18392],[112.98957,28.18381],[112.99,28.18375],[112.99018,28.18372],[112.99026,28.1837],[112.99038,28.18365],[112.99044,28.18362],[112.99057,28.18354],[112.99077,28.18346]]}},{"type":"Feature","properties":{"fclass":"secondary"},"geometry":{"type":"LineString","coordinates":[[113.00365,28.20067],[113.00286,28.20068],[113.00143,28.20069]]}},{"type":"Feature","properties":{"fclass":"secondary"},"geometry":{"type":"LineString","coordinates":[[112.97011,28.19185],[112.96842,28.19189],[112.96836,28.19189],[112.96643,28.19195],[112.96618,28.19196],[112.96566,28.19197],[112.96551,28.19197],[112.96491,28.19198],[112.96419,28.192],[112.9639,28.19199],[112.96377,28.19199],[112.96366,28.19197],[112.96354,28.19199]]}},{"type":"Feature","properties":{"fclass":"tertiary"},"geometry":{"type":"LineString","coordinates":[[112.97833,28.18989],[112.97849,28.19008],[112.97866,28.19022],[112.97885,28.1904]]}},{"type":"Feature","properties":{"fclass":"secondary"},"geometry":{"type":"LineString","coordinates":[[112.9661,28.19526],[112.96721,28.19518],[112.96808,28.19511],[112.96812,28.19511],[112.96827,28.19509],[112.96884,28.19503],[112.96884,28.19503],[112.96987,28.19493],[112.97024,28.1949],[112.97068,28.19487],[112.9707,28.19488],[112.97167,28.19483],[112.97219,28.1948],[112.97288,28.19477],[112.97509,28.19468],[112.97519,28.19466],[112.97532,28.19464],[112.97698,28.19433],[112.97703,28.19432],[112.97762,28.19426]]}},{"type":"Feature","properties":{"fclass":"secondary"},"geometry":{"type":"LineString","coordinates":[[112.99025,28.18377],[112.99038,28.18374],[112.99051,28.18369]]}},{"type":"Feature","properties":{"fclass":"unclassified"},"geometry":{"type":"LineString","coordinates":[[112.96511,28.20689],[112.96469,28.20438],[112.96449,28.20353],[112.96361,28.20113],[112.96336,28.20034],[112.96331,28.20007],[112.96324,28.19925],[112.96322,28.19865],[112.96321,28.19847],[112.96319,28.19801],[112.96319,28.19774],[112.96303,28.19549],[112.96303,28.19542],[112.96304,28.19502],[112.96315,28.19436],[112.96337,28.19296],[112.96344,28.19258],[112.96354,28.19199],[112.96355,28.19196],[112.96356,28.1919],[112.96356,28.19187],[112.96364,28.19104],[112.96364,28.19004],[112.96361,28.18958],[112.96359,28.18917],[112.96348,28.18842],[112.96335,28.18738],[112.96319,28.18657],[112.96311,28.18618],[112.96299,28.18462],[112.96281,28.18305],[112.9628,28.18287]]}},{"type":"Feature","properties":{"fclass":"primary"},"geometry":{"type":"LineString","coordinates":[[113.00378,28.20845],[113.00344,28.20943],[113.0034,28.20983],[113.00338,28.21019],[113.00336,28.21032],[113.00327,28.21112],[113.00298,28.21278],[113.00284,28.21332],[113.00277,28.21363],[113.00269,28.21395],[113.0025,28.21476],[113.00235,28.21607],[113.00219,28.21738],[113.00202,28.21921],[113.00187,28.2208],[113.00185,28.22101],[113.00177,28.22178],[113.00154,28.22374],[113.00149,28.22454],[113.00159,28.22615],[113.00155,28.22664],[113.00149,28.22721],[113.00125,28.22861],[113.00118,28.22952],[113.00119,28.23095],[113.00119,28.23234],[113.00117,28.23246],[113.00104,28.23294],[113.00098,28.23328],[113.00099,28.23344],[113.001,28.23359],[113.00101,28.23379],[113.0011,28.23422],[113.00119,28.23501],[113.00174,28.23677]]}},{"type":"Feature","properties":{"fclass":"tertiary"},"geometry":{"type":"LineString","coordinates":[[112.97885,28.1904],[112.97902,28.19067],[112.97914,28.19101],[112.97937,28.19177],[112.9796,28.19233],[112.97973,28.19256],[112.97976,28.19262],[112.98011,28.19306],[112.98062,28.19368]]}},{"type":"Feature","properties":{"fclass":"secondary"},"geometry":{"type":"LineString","coordinates":[[112.9714,28.19182],[112.97011,28.19185]]}},{"type":"Feature","properties":{"fclass":"secondary_link"},"geometry":{"type":"LineString","coordinates":[[112.98574,28.19448],[112.98553,28.19451],[112.98348,28.19438],[112.98263,28.19429],[112.9824,28.19428],[112.98228,28.19432],[112.98221,28.19436],[112.98207,28.19446],[112.98198,28.19456]]}},{"type":"Feature","properties":{"fclass":"tertiary"},"geometry":{"type":"LineString","coordinates":[[112.9969,28.16683],[112.99699,28.16773],[112.99692,28.1692],[112.9969,28.16952],[112.99689,28.17056],[112.99689,28.17157],[112.99675,28.17197],[112.99669,28.17207],[112.99649,28.17239],[112.99575,28.17321],[112.9954,28.1739],[112.99537,28.17397],[112.99524,28.1744],[112.99522,28.17477],[112.99534,28.17528],[112.99565,28.17641],[112.9959,28.17731],[112.99595,28.17757],[112.99592,28.17796],[112.9956,28.17886],[112.9953,28.17965],[112.99525,28.18014],[112.9953,28.1806],[112.99548,28.18112],[112.99549,28.18113],[112.99551,28.18119],[112.99552,28.18121],[112.99596,28.18232],[112.99633,28.1834],[112.99666,28.18436],[112.99681,28.18498],[112.99684,28.18564],[112.99682,28.18767],[112.99682,28.18823],[112.99682,28.18873],[112.99681,28.18885],[112.9967,28.18961],[112.99639,28.19159],[112.99612,28.19322],[112.99605,28.194],[112.99604,28.19402]]}},{"type":"Feature","properties":{"fclass":"primary_link"},"geometry":{"type":"LineString","coordinates":[[112.98161,28.18549],[112.98138,28.18571],[112.98124,28.18595],[112.98117,28.18616],[112.98117,28.18639]]}},{"type":"Feature","properties":{"fclass":"secondary_link"},"geometry":{"type":"LineString","coordinates":[[112.97703,28.19432],[112.97787,28.19412],[112.97872,28.19398],[112.97925,28.19392],[112.98032,28.19391],[112.9806,28.19393]]}},{"type":"Feature","properties":{"fclass":"residential"},"geometry":{"type":"LineString","coordinates":[[112.96451,28.19537],[112.96443,28.19514],[112.96436,28.19467],[112.9643,28.19436]]}},{"type":"Feature","properties":{"fclass":"secondary"},"geometry":{"type":"LineString","coordinates":[[112.97986,28.18973],[112.97854,28.19018],[112.97686,28.1908],[112.97541,28.19128],[112.97531,28.19125]]}},{"type":"Feature","properties":{"fclass":"secondary"},"geometry":{"type":"LineString","coordinates":[[113.00354,28.19405],[113.00269,28.19405],[113.00138,28.19403],[113.00126,28.19403],[112.99866,28.19402],[112.99604,28.19408],[112.99589,28.19408],[112.99589,28.19408],[112.99173,28.19414],[112.99127,28.19423]]}},{"type":"Feature","properties":{"fclass":"secondary"},"geometry":{"type":"LineString","coordinates":[[113.00329,28.17874],[113.00087,28.17862],[113.0005,28.17871],[113.0002,28.17883],[112.99984,28.17909],[112.99937,28.17941],[112.99845,28.17984],[112.99791,28.18007],[112.99614,28.1809],[112.99551,28.18119],[112.99544,28.18122],[112.99537,28.18126],[112.99323,28.1823],[112.99141,28.1832],[112.99126,28.18327],[112.99081,28.18353],[112.99079,28.18355],[112.99064,28.18363],[112.99051,28.18369]]}},{"type":"Feature","properties":{"fclass":"secondary_link"},"geometry":{"type":"LineString","coordinates":[[112.98194,28.19372],[112.98213,28.19391],[112.98239,28.19409],[112.98264,28.19411],[112.98344,28.19419],[112.98383,28.19422],[112.98466,28.19432],[112.98473,28.19433],[112.98566,28.19443]]}},{"type":"Feature","properties":{"fclass":"secondary_link"},"geometry":{"type":"LineString","coordinates":[[112.98188,28.19434],[112.98169,28.19426],[112.98149,28.19421],[112.98082,28.19414],[112.98031,28.1941],[112.9797,28.19409],[112.97931,28.19408],[112.97885,28.19415],[112.97839,28.19422],[112.97775,28.19432],[112.97701,28.19443]]}},{"type":"Feature","properties":{"fclass":"secondary"},"geometry":{"type":"LineString","coordinates":[[112.99604,28.19402],[112.99604,28.19408],[112.99605,28.19457],[112.99609,28.1956],[112.99617,28.19738],[112.99619,28.19771],[112.9962,28.1979]]}},{"type":"Feature","properties":{"fclass":"secondary"},"geometry":{"type":"LineString","coordinates":[[112.97531,28.19125],[112.9751,28.1913],[112.97488,28.19137],[112.97478,28.19139],[112.97476,28.1914],[112.97349,28.1917],[112.97348,28.1917],[112.97297,28.19177],[112.9714,28.19182]]}},{"type":"Feature","properties":{"fclass":"primary"},"geometry":{"type":"LineString","coordinates":[[112.99626,28.13698],[112.99609,28.13752],[112.99565,28.13899],[112.99558,28.13925],[112.99553,28.13941],[112.99545,28.13955],[112.99504,28.14037],[112.99465,28.14094],[112.99425,28.14152],[112.99379,28.14203],[112.99311,28.14268],[112.99141,28.14418],[112.99014,28.1455],[112.98966,28.14608],[112.98938,28.1465],[112.98907,28.14714],[112.98883,28.1478],[112.98866,28.14838],[112.9886,28.1486],[112.98844,28.14922],[112.98834,28.15002]]}},{"type":"Feature","properties":{"fclass":"primary"},"geometry":{"type":"LineString","coordinates":[[112.97981,28.15161],[112.97973,28.15218],[112.97975,28.1527],[112.97977,28.15311],[112.9798,28.15409],[112.97974,28.1549],[112.97957,28.15559],[112.97928,28.15667],[112.97925,28.15677],[112.97924,28.15679],[112.97853,28.15931],[112.9784,28.15997],[112.97855,28.16057],[112.97901,28.16152],[112.98006,28.1635],[112.98022,28.16417],[112.98035,28.16479],[112.98077,28.16673],[112.98078,28.16691],[112.98074,28.16725],[112.98056,28.16814],[112.9804,28.16878],[112.9802,28.16918],[112.98012,28.16935],[112.98006,28.16949],[112.97974,28.17022],[112.97961,28.17064],[112.97957,28.17112],[112.97961,28.17299]]}},{"type":"Feature","properties":{"fclass":"secondary"},"geometry":{"type":"LineString","coordinates":[[112.96689,28.14783],[112.96678,28.14827],[112.96676,28.14877],[112.96683,28.14922],[112.96722,28.15002],[112.96747,28.15063],[112.96795,28.15243],[112.96804,28.15271]]}},{"type":"Feature","properties":{"fclass":"tertiary"},"geometry":{"type":"LineString","coordinates":[[112.99699,28.16566],[112.99695,28.16566],[112.99546,28.1657],[112.9931,28.16578],[112.99216,28.16578],[112.99183,28.16579],[112.99004,28.16581],[112.98904,28.16582],[112.98881,28.16583],[112.9888,28.16583],[112.9886,28.16583],[112.98859,28.16583]]}},{"type":"Feature","properties":{"fclass":"secondary_link"},"geometry":{"type":"LineString","coordinates":[[112.98976,28.1725],[112.98964,28.17261],[112.98946,28.17296],[112.98945,28.17307],[112.98946,28.17321]]}},{"type":"Feature","properties":{"fclass":"secondary"},"geometry":{"type":"LineString","coordinates":[[112.97915,28.15666],[112.97928,28.15667],[112.98068,28.1569],[112.98185,28.15721],[112.98192,28.15722],[112.9826,28.15741],[112.98297,28.15753],[112.98472,28.15812],[112.98552,28.1583],[112.9861,28.15835],[112.98611,28.15835],[112.98781,28.15849],[112.98813,28.15852]]}},{"type":"Feature","properties":{"fclass":"service"},"geometry":{"type":"LineString","coordinates":[[112.98683,28.17344],[112.98859,28.17307],[112.98873,28.17309],[112.98882,28.17311],[112.98895,28.17317],[112.98905,28.17323],[112.98913,28.17341],[112.98923,28.17367],[112.98937,28.17398],[112.98958,28.17452]]}},{"type":"Feature","properties":{"fclass":"residential"},"geometry":{"type":"LineString","coordinates":[[112.98904,28.16582],[112.98903,28.16615],[112.98897,28.16727],[112.98892,28.16739],[112.9889,28.16755]]}},{"type":"Feature","properties":{"fclass":"tertiary"},"geometry":{"type":"LineString","coordinates":[[112.99563,28.15273],[112.99554,28.1527],[112.9955,28.15269],[112.99391,28.15226],[112.99259,28.15194]]}},{"type":"Feature","properties":{"fclass":"residential"},"geometry":{"type":"LineString","coordinates":[[112.99332,28.15721],[112.99341,28.15714],[112.99429,28.15668],[112.99496,28.1565],[112.99654,28.15605],[112.99856,28.15562],[112.99908,28.15548],[113.00065,28.15552]]}},{"type":"Feature","properties":{"fclass":"residential"},"geometry":{"type":"LineString","coordinates":[[112.98798,28.15336],[112.98802,28.15418],[112.98807,28.15505],[112.98816,28.15521]]}},{"type":"Feature","properties":{"fclass":"tertiary"},"geometry":{"type":"LineString","coordinates":[[112.99565,28.1527],[112.99647,28.1529],[112.99826,28.1535],[112.99989,28.154],[113.00065,28.15426],[113.00103,28.15447],[113.00122,28.15463]]}},{"type":"Feature","properties":{"fclass":"tertiary"},"geometry":{"type":"LineString","coordinates":[[112.98813,28.15418],[112.98802,28.15418],[112.9873,28.1542],[112.98675,28.15367],[112.9862,28.15361],[112.98554,28.15325],[112.98512,28.1528],[112.98384,28.15243],[112.98343,28.15252],[112.9817,28.15239],[112.98108,28.15236],[112.98032,28.15258],[112.97975,28.1527]]}},{"type":"Feature","properties":{"fclass":"residential"},"geometry":{"type":"LineString","coordinates":[[112.99253,28.16738],[112.99263,28.167],[112.99216,28.16578]]}},{"type":"Feature","properties":{"fclass":"primary_link"},"geometry":{"type":"LineString","coordinates":[[112.98119,28.14823],[112.98067,28.14867],[112.98049,28.14929],[112.98013,28.15054],[112.97983,28.15151]]}},{"type":"Feature","properties":{"fclass":"residential"},"geometry":{"type":"LineString","coordinates":[[112.98089,28.15504],[112.98099,28.155],[112.9835,28.15545],[112.98578,28.15585],[112.98662,28.15585],[112.98817,28.15537]]}},{"type":"Feature","properties":{"fclass":"secondary"},"geometry":{"type":"LineString","coordinates":[[112.99732,28.1661],[112.99792,28.16528],[112.99905,28.16405],[112.99927,28.1635],[112.99926,28.16287],[112.99899,28.16177],[112.99899,28.16125],[112.99912,28.1607],[112.99938,28.16004],[112.99971,28.15944],[112.99993,28.1592],[113,28.15913],[113.00054,28.15884],[113.001,28.15872],[113.00142,28.15873],[113.00178,28.15884],[113.00246,28.1592],[113.00298,28.15948]]}},{"type":"Feature","properties":{"fclass":"secondary_link"},"geometry":{"type":"LineString","coordinates":[[112.98922,28.1732],[112.98916,28.17311],[112.98908,28.17306],[112.98884,28.17294],[112.98871,28.1729]]}},{"type":"Feature","properties":{"fclass":"secondary_link"},"geometry":{"type":"LineString","coordinates":[[112.97964,28.17646],[112.97951,28.17626],[112.97935,28.17611],[112.97919,28.17608]]}},{"type":"Feature","properties":{"fclass":"tertiary"},"geometry":{"type":"LineString","coordinates":[[112.99734,28.16623],[112.99725,28.1662],[112.99721,28.16614],[112.997,28.1658],[112.99695,28.16566],[112.99687,28.16558],[112.99607,28.16346],[112.99593,28.16313],[112.99558,28.16279],[112.99463,28.16192],[112.99456,28.16183],[112.99388,28.16077],[112.99349,28.16017],[112.99335,28.15974],[112.99328,28.15868],[112.99331,28.15856],[112.99335,28.15814],[112.99332,28.15721],[112.99333,28.15714],[112.99332,28.15621],[112.99332,28.15607],[112.99356,28.15552],[112.99456,28.15442],[112.99502,28.15365],[112.9955,28.15269],[112.99552,28.15266]]}},{"type":"Feature","properties":{"fclass":"residential"},"geometry":{"type":"LineString","coordinates":[[113.00048,28.16534],[112.99905,28.16532],[112.99865,28.16552],[112.99761,28.16614],[112.99734,28.16635],[112.99715,28.16661]]}},{"type":"Feature","properties":{"fclass":"trunk_link"},"geometry":{"type":"LineString","coordinates":[[112.99259,28.15194],[112.99213,28.15174]]}},{"type":"Feature","properties":{"fclass":"residential"},"geometry":{"type":"LineString","coordinates":[[112.98056,28.17514],[112.98152,28.1747],[112.98307,28.17395],[112.9836,28.17375],[112.98407,28.17361],[112.98407,28.17361],[112.9842,28.17356],[112.98424,28.17355],[112.98722,28.173],[112.98858,28.17271]]}},{"type":"Feature","properties":{"fclass":"secondary"},"geometry":{"type":"LineString","coordinates":[[112.99739,28.16616],[112.99734,28.16623],[112.99723,28.16636],[112.99699,28.1667],[112.99697,28.16672],[112.9969,28.16683],[112.99684,28.16694],[112.99572,28.1688],[112.99526,28.16939]]}},{"type":"Feature","properties":{"fclass":"residential"},"geometry":{"type":"LineString","coordinates":[[112.99249,28.16976],[112.99253,28.16738],[112.99453,28.16739]]}},{"type":"Feature","properties":{"fclass":"residential"},"geometry":{"type":"LineString","coordinates":[[112.98897,28.15885],[112.98897,28.15894],[112.989,28.16087],[112.98903,28.16288],[112.98902,28.1641],[112.98904,28.16556],[112.98904,28.16559],[112.98904,28.16563],[112.98907,28.16574]]}},{"type":"Feature","properties":{"fclass":"primary_link"},"geometry":{"type":"LineString","coordinates":[[112.9797,28.15148],[112.97969,28.15102],[112.98026,28.1487],[112.98036,28.1484],[112.98031,28.14789]]}},{"type":"Feature","properties":{"fclass":"primary"},"geometry":{"type":"LineString","coordinates":[[112.95861,28.16348],[112.95811,28.16091],[112.95785,28.15908],[112.95693,28.15648],[112.95586,28.15401],[112.95571,28.15274],[112.95578,28.1513],[112.9554,28.14787],[112.95507,28.14516],[112.95466,28.14388],[112.9543,28.14287],[112.9543,28.14268],[112.9543,28.14259],[112.95431,28.14194],[112.95431,28.14179],[112.95432,28.14166],[112.95437,28.1412]]}},{"type":"Feature","properties":{"fclass":"secondary"},"geometry":{"type":"LineString","coordinates":[[112.94602,28.15557],[112.94584,28.15554],[112.94367,28.15526],[112.94051,28.15478],[112.94028,28.15475],[112.94007,28.15472],[112.93988,28.1547],[112.93965,28.15468],[112.93943,28.15466],[112.93924,28.15465],[112.93904,28.15464],[112.93897,28.15464],[112.93874,28.15463],[112.93853,28.15463],[112.93614,28.15471],[112.93598,28.15472],[112.93577,28.15473],[112.93322,28.1548],[112.93317,28.1548],[112.93193,28.15483],[112.93172,28.15484],[112.9294,28.15491],[112.92726,28.15497],[112.92677,28.15499]]}},{"type":"Feature","properties":{"fclass":"cycleway"},"geometry":{"type":"LineString","coordinates":[[112.94642,28.15532],[112.94636,28.15286],[112.94594,28.14908],[112.94572,28.14671],[112.94564,28.14504],[112.94578,28.14112],[112.94581,28.1382],[112.94584,28.13781]]}},{"type":"Feature","properties":{"fclass":"trunk_link"},"geometry":{"type":"LineString","coordinates":[[112.92651,28.15329],[112.92675,28.15441]]}},{"type":"Feature","properties":{"fclass":"trunk_link"},"geometry":{"type":"LineString","coordinates":[[112.92607,28.15432],[112.92613,28.15416],[112.92638,28.15306]]}},{"type":"Feature","properties":{"fclass":"primary"},"geometry":{"type":"LineString","coordinates":[[112.95446,28.1412],[112.95442,28.14166],[112.95441,28.14178],[112.95441,28.14179],[112.95441,28.14194],[112.9544,28.14259],[112.9544,28.14267],[112.9544,28.14286],[112.95475,28.14386],[112.95517,28.14514],[112.95549,28.14786],[112.95572,28.14964],[112.95588,28.1513],[112.95583,28.15213],[112.9558,28.15274],[112.95595,28.15399],[112.95701,28.15641],[112.95702,28.15645],[112.95795,28.15906],[112.95821,28.1609],[112.9587,28.16347],[112.95905,28.16494]]}},{"type":"Feature","properties":{"fclass":"secondary"},"geometry":{"type":"LineString","coordinates":[[113.00175,28.2209],[113.00187,28.2208],[113.00295,28.22005],[113.00396,28.21929]]}},{"type":"Feature","properties":{"fclass":"secondary"},"geometry":{"type":"LineString","coordinates":[[113.00396,28.21942],[113.00302,28.22013],[113.00185,28.22101],[113.00173,28.22111]]}},{"type":"Feature","properties":{"fclass":"primary"},"geometry":{"type":"LineString","coordinates":[[112.98863,28.16988],[112.9887,28.17079],[112.98885,28.17159],[112.98904,28.17228],[112.98935,28.17311],[112.9895,28.17353],[112.98996,28.17465],[112.99023,28.17523]]}},{"type":"Feature","properties":{"fclass":"primary"},"geometry":{"type":"LineString","coordinates":[[112.99526,28.17388],[112.9954,28.1739],[112.99559,28.17392],[112.99743,28.17381],[113.00152,28.17359],[113.00224,28.17356]]}},{"type":"Feature","properties":{"fclass":"primary"},"geometry":{"type":"LineString","coordinates":[[112.99127,28.19747],[112.9911,28.19616]]}},{"type":"Feature","properties":{"fclass":"footway"},"geometry":{"type":"LineString","coordinates":[[112.94272,28.18855],[112.94171,28.1885]]}},{"type":"Feature","properties":{"fclass":"residential"},"geometry":{"type":"LineString","coordinates":[[112.9416,28.19109],[112.94161,28.19076],[112.94163,28.19024],[112.94164,28.18992],[112.94168,28.18913],[112.94171,28.1885],[112.94172,28.18845],[112.94172,28.18839],[112.94177,28.18682],[112.94216,28.18659]]}},{"type":"Feature","properties":{"fclass":"residential"},"geometry":{"type":"LineString","coordinates":[[112.94164,28.18992],[112.94264,28.18997]]}},{"type":"Feature","properties":{"fclass":"footway"},"geometry":{"type":"LineString","coordinates":[[112.9416,28.19109],[112.94159,28.19129]]}},{"type":"Feature","properties":{"fclass":"steps"},"geometry":{"type":"LineString","coordinates":[[112.94159,28.19129],[112.94157,28.19154]]}},{"type":"Feature","properties":{"fclass":"residential"},"geometry":{"type":"LineString","coordinates":[[112.94148,28.19176],[112.94145,28.19173],[112.94143,28.1917],[112.94143,28.19166],[112.94143,28.19162],[112.94146,28.19158],[112.94149,28.19156],[112.94153,28.19154],[112.94157,28.19154],[112.94162,28.19155],[112.94166,28.19157],[112.94169,28.1916],[112.9417,28.19164],[112.9417,28.19168],[112.94169,28.19172],[112.94165,28.19176],[112.94161,28.19178],[112.94157,28.19178],[112.94152,28.19178],[112.94148,28.19176]]}},{"type":"Feature","properties":{"fclass":"residential"},"geometry":{"type":"LineString","coordinates":[[112.94157,28.19178],[112.94156,28.19183]]}},{"type":"Feature","properties":{"fclass":"residential"},"geometry":{"type":"LineString","coordinates":[[112.93891,28.19248],[112.93933,28.1922],[112.93986,28.19227],[112.93991,28.19228],[112.94064,28.19231],[112.94153,28.19232],[112.94254,28.19235],[112.94257,28.19184],[112.94258,28.19162],[112.9427,28.19152]]}},{"type":"Feature","properties":{"fclass":"residential"},"geometry":{"type":"LineString","coordinates":[[112.94059,28.19325],[112.94061,28.19278],[112.94062,28.19261],[112.94064,28.19238],[112.94064,28.19231],[112.94067,28.19175],[112.94069,28.19135],[112.94067,28.19074],[112.94065,28.19022],[112.94064,28.18984],[112.94078,28.18952]]}},{"type":"Feature","properties":{"fclass":"footway"},"geometry":{"type":"LineString","coordinates":[[112.9395,28.19276],[112.93952,28.19268],[112.93954,28.19261],[112.93953,28.19258],[112.93955,28.19254],[112.93953,28.19247],[112.93934,28.19244]]}},{"type":"Feature","properties":{"fclass":"residential"},"geometry":{"type":"LineString","coordinates":[[112.94168,28.18913],[112.94135,28.18913],[112.94096,28.18944],[112.94078,28.18952],[112.94044,28.18967]]}},{"type":"Feature","properties":{"fclass":"residential"},"geometry":{"type":"LineString","coordinates":[[112.94135,28.18913],[112.94082,28.18908],[112.94045,28.18908],[112.94034,28.18908]]}},{"type":"Feature","properties":{"fclass":"footway"},"geometry":{"type":"LineString","coordinates":[[112.94172,28.18839],[112.94186,28.18816],[112.9426,28.18819],[112.94261,28.18795],[112.94257,28.18782],[112.94257,28.18777]]}},{"type":"Feature","properties":{"fclass":"residential"},"geometry":{"type":"LineString","coordinates":[[112.94177,28.18682],[112.94126,28.18602],[112.94156,28.18583]]}},{"type":"Feature","properties":{"fclass":"residential"},"geometry":{"type":"LineString","coordinates":[[112.94057,28.18602],[112.94126,28.18602]]}},{"type":"Feature","properties":{"fclass":"residential"},"geometry":{"type":"LineString","coordinates":[[112.94099,28.19181],[112.94156,28.19183],[112.94229,28.19185],[112.94257,28.19184]]}},{"type":"Feature","properties":{"fclass":"residential"},"geometry":{"type":"LineString","coordinates":[[112.94405,28.18766],[112.94401,28.18827],[112.944,28.18873],[112.94422,28.18875]]}},{"type":"Feature","properties":{"fclass":"footway"},"geometry":{"type":"LineString","coordinates":[[112.94597,28.18731],[112.946,28.18739],[112.94637,28.18761],[112.94618,28.18781],[112.9464,28.18804],[112.9465,28.1882],[112.94667,28.18881],[112.94716,28.1892],[112.94798,28.18904]]}},{"type":"Feature","properties":{"fclass":"footway"},"geometry":{"type":"LineString","coordinates":[[112.94476,28.18615],[112.94546,28.18633],[112.94563,28.18652]]}},{"type":"Feature","properties":{"fclass":"footway"},"geometry":{"type":"LineString","coordinates":[[112.94598,28.18723],[112.94584,28.18705]]}},{"type":"Feature","properties":{"fclass":"residential"},"geometry":{"type":"LineString","coordinates":[[112.94222,28.19397],[112.94223,28.19354],[112.94223,28.19339],[112.94231,28.19322],[112.94249,28.19282],[112.94254,28.19235],[112.94299,28.19234]]}},{"type":"Feature","properties":{"fclass":"residential"},"geometry":{"type":"LineString","coordinates":[[112.94223,28.19339],[112.94164,28.19344],[112.94149,28.19345],[112.9411,28.19348],[112.94097,28.19363],[112.94039,28.19368],[112.94038,28.19343],[112.94059,28.19325]]}},{"type":"Feature","properties":{"fclass":"residential"},"geometry":{"type":"LineString","coordinates":[[112.94325,28.19235],[112.94465,28.19235]]}},{"type":"Feature","properties":{"fclass":"footway"},"geometry":{"type":"LineString","coordinates":[[112.94546,28.18633],[112.94565,28.1862],[112.94559,28.18583],[112.94571,28.18561],[112.9458,28.18554],[112.94591,28.1855],[112.94598,28.18543],[112.946,28.18534],[112.94593,28.18488],[112.94601,28.18481],[112.94604,28.18473],[112.94599,28.18458],[112.94589,28.18451],[112.94586,28.18415],[112.9458,28.18394],[112.94589,28.18375],[112.94599,28.18366],[112.94596,28.18354],[112.94587,28.18346],[112.94591,28.18322],[112.94591,28.18294],[112.94589,28.18265]]}},{"type":"Feature","properties":{"fclass":"footway"},"geometry":{"type":"LineString","coordinates":[[112.94735,28.18258],[112.94736,28.18282]]}},{"type":"Feature","properties":{"fclass":"footway"},"geometry":{"type":"LineString","coordinates":[[112.94658,28.18262],[112.94659,28.18289]]}},{"type":"Feature","properties":{"fclass":"footway"},"geometry":{"type":"LineString","coordinates":[[112.94591,28.18294],[112.94613,28.18292],[112.94613,28.18287],[112.94705,28.18283],[112.94708,28.18278],[112.94743,28.18277],[112.94758,28.18288],[112.94769,28.18364],[112.94773,28.18385],[112.94812,28.18605],[112.94822,28.18651],[112.9477,28.18667],[112.94747,28.18667],[112.94729,28.18683],[112.94686,28.1869],[112.94636,28.18698],[112.94565,28.1862]]}},{"type":"Feature","properties":{"fclass":"steps"},"geometry":{"type":"LineString","coordinates":[[112.94893,28.18653],[112.94907,28.1865],[112.94924,28.18646]]}},{"type":"Feature","properties":{"fclass":"steps"},"geometry":{"type":"LineString","coordinates":[[112.9486,28.18471],[112.94875,28.1847],[112.9489,28.18468]]}},{"type":"Feature","properties":{"fclass":"steps"},"geometry":{"type":"LineString","coordinates":[[112.94829,28.18271],[112.94843,28.1827],[112.94857,28.18268]]}},{"type":"Feature","properties":{"fclass":"steps"},"geometry":{"type":"LineString","coordinates":[[112.94932,28.18787],[112.94946,28.18783],[112.94961,28.18779]]}},{"type":"Feature","properties":{"fclass":"steps"},"geometry":{"type":"LineString","coordinates":[[112.94985,28.1896],[112.95001,28.18956],[112.95016,28.18953]]}},{"type":"Feature","properties":{"fclass":"steps"},"geometry":{"type":"LineString","coordinates":[[112.95021,28.19138],[112.95038,28.19136],[112.95055,28.19133]]}},{"type":"Feature","properties":{"fclass":"footway"},"geometry":{"type":"LineString","coordinates":[[112.94898,28.18668],[112.94916,28.18665]]}},{"type":"Feature","properties":{"fclass":"footway"},"geometry":{"type":"LineString","coordinates":[[112.94946,28.18783],[112.94907,28.1865]]}},{"type":"Feature","properties":{"fclass":"footway"},"geometry":{"type":"LineString","coordinates":[[112.94946,28.18783],[112.95001,28.18956]]}},{"type":"Feature","properties":{"fclass":"steps"},"geometry":{"type":"LineString","coordinates":[[112.95046,28.19315],[112.95063,28.19314],[112.9508,28.19312]]}},{"type":"Feature","properties":{"fclass":"steps"},"geometry":{"type":"LineString","coordinates":[[112.95075,28.19517],[112.95089,28.19516],[112.95106,28.19514]]}},{"type":"Feature","properties":{"fclass":"steps"},"geometry":{"type":"LineString","coordinates":[[112.95086,28.19597],[112.951,28.19594]]}},{"type":"Feature","properties":{"fclass":"footway"},"geometry":{"type":"LineString","coordinates":[[112.951,28.19594],[112.95089,28.19516]]}},{"type":"Feature","properties":{"fclass":"footway"},"geometry":{"type":"LineString","coordinates":[[112.95089,28.19516],[112.95063,28.19314]]}},{"type":"Feature","properties":{"fclass":"footway"},"geometry":{"type":"LineString","coordinates":[[112.95059,28.19408],[112.9509,28.19407]]}},{"type":"Feature","properties":{"fclass":"footway"},"geometry":{"type":"LineString","coordinates":[[112.95063,28.19314],[112.95038,28.19136]]}},{"type":"Feature","properties":{"fclass":"footway"},"geometry":{"type":"LineString","coordinates":[[112.95038,28.19136],[112.95026,28.19056],[112.95001,28.18956]]}},{"type":"Feature","properties":{"fclass":"footway"},"geometry":{"type":"LineString","coordinates":[[112.95086,28.19597],[112.95129,28.19759],[112.95144,28.19894],[112.95148,28.19971]]}},{"type":"Feature","properties":{"fclass":"footway"},"geometry":{"type":"LineString","coordinates":[[112.94907,28.1865],[112.94875,28.1847]]}},{"type":"Feature","properties":{"fclass":"footway"},"geometry":{"type":"LineString","coordinates":[[112.94875,28.1847],[112.94843,28.1827]]}},{"type":"Feature","properties":{"fclass":"footway"},"geometry":{"type":"LineString","coordinates":[[112.94843,28.1827],[112.94818,28.18084],[112.94809,28.17899],[112.94801,28.17716],[112.94799,28.17636],[112.948,28.17509],[112.94824,28.17316]]}},{"type":"Feature","properties":{"fclass":"steps"},"geometry":{"type":"LineString","coordinates":[[112.94804,28.18084],[112.94818,28.18084],[112.94827,28.18083]]}},{"type":"Feature","properties":{"fclass":"footway"},"geometry":{"type":"LineString","coordinates":[[112.94826,28.18249],[112.94844,28.18248]]}},{"type":"Feature","properties":{"fclass":"steps"},"geometry":{"type":"LineString","coordinates":[[112.94866,28.18502],[112.94848,28.18504]]}},{"type":"Feature","properties":{"fclass":"secondary"},"geometry":{"type":"LineString","coordinates":[[112.94575,28.18735],[112.94568,28.18736],[112.94444,28.18759],[112.94433,28.18761],[112.94405,28.18766],[112.94398,28.18766],[112.94283,28.18763],[112.9427,28.1876]]}},{"type":"Feature","properties":{"fclass":"footway"},"geometry":{"type":"LineString","coordinates":[[112.94567,28.18711],[112.94534,28.18676],[112.94505,28.18696],[112.94473,28.18695],[112.94469,28.18697],[112.94442,28.18711],[112.94434,28.18728],[112.94441,28.18752]]}},{"type":"Feature","properties":{"fclass":"footway"},"geometry":{"type":"LineString","coordinates":[[112.94567,28.18711],[112.94572,28.18728]]}},{"type":"Feature","properties":{"fclass":"tertiary"},"geometry":{"type":"LineString","coordinates":[[112.99732,28.1661],[112.9974,28.16614]]}},{"type":"Feature","properties":{"fclass":"secondary"},"geometry":{"type":"LineString","coordinates":[[113.00298,28.1595],[113.00253,28.15926],[113.00185,28.1589],[113.00149,28.15879],[113.00107,28.15878],[113.00061,28.1589],[113.00007,28.15919],[113,28.15926],[112.99977,28.1595],[112.99944,28.1601],[112.99919,28.16076],[112.99905,28.16131],[112.99906,28.16183],[112.99933,28.16293],[112.99934,28.16344],[112.99912,28.16411],[112.99799,28.16534],[112.9974,28.16614],[112.99739,28.16616]]}},{"type":"Feature","properties":{"fclass":"tertiary"},"geometry":{"type":"LineString","coordinates":[[113.0008,28.13967],[113.00074,28.13979],[113.00057,28.14015],[113.00005,28.14127],[112.99963,28.14257],[112.99921,28.14586],[112.99841,28.14818],[112.99741,28.14961],[112.99565,28.1527]]}},{"type":"Feature","properties":{"fclass":"tertiary"},"geometry":{"type":"LineString","coordinates":[[112.99552,28.15266],[112.9973,28.14956],[112.99832,28.14809],[112.99904,28.14583],[112.9994,28.1427],[112.99983,28.1414],[113.00056,28.13979],[113.00062,28.13967]]}},{"type":"Feature","properties":{"fclass":"footway"},"geometry":{"type":"LineString","coordinates":[[112.94546,28.1856],[112.94547,28.18542],[112.94548,28.18512],[112.94545,28.18472],[112.9452,28.18472],[112.94514,28.18467]]}},{"type":"Feature","properties":{"fclass":"footway"},"geometry":{"type":"LineString","coordinates":[[112.94547,28.18542],[112.94561,28.18546],[112.94571,28.18561]]}},{"type":"Feature","properties":{"fclass":"footway"},"geometry":{"type":"LineString","coordinates":[[112.94593,28.18488],[112.94584,28.18481],[112.94582,28.18472],[112.94583,28.18462],[112.94589,28.18451]]}},{"type":"Feature","properties":{"fclass":"footway"},"geometry":{"type":"LineString","coordinates":[[112.94534,28.18676],[112.9452,28.1866]]}},{"type":"Feature","properties":{"fclass":"footway"},"geometry":{"type":"LineString","coordinates":[[112.94469,28.18697],[112.94469,28.18681]]}},{"type":"Feature","properties":{"fclass":"steps"},"geometry":{"type":"LineString","coordinates":[[112.94796,28.17899],[112.94809,28.17899],[112.94817,28.17899]]}},{"type":"Feature","properties":{"fclass":"steps"},"geometry":{"type":"LineString","coordinates":[[112.94788,28.17717],[112.94801,28.17716],[112.94817,28.17716]]}},{"type":"Feature","properties":{"fclass":"footway"},"geometry":{"type":"LineString","coordinates":[[112.94788,28.17717],[112.94786,28.17637],[112.94785,28.17509],[112.94838,28.1718]]}},{"type":"Feature","properties":{"fclass":"steps"},"geometry":{"type":"LineString","coordinates":[[112.94838,28.1718],[112.94824,28.17316]]}},{"type":"Feature","properties":{"fclass":"steps"},"geometry":{"type":"LineString","coordinates":[[112.94785,28.17509],[112.94792,28.17509],[112.948,28.17509]]}},{"type":"Feature","properties":{"fclass":"footway"},"geometry":{"type":"LineString","coordinates":[[112.94432,28.18754],[112.94433,28.18761]]}},{"type":"Feature","properties":{"fclass":"service"},"geometry":{"type":"LineString","coordinates":[[112.96037,28.21015],[112.9598,28.21291]]}},{"type":"Feature","properties":{"fclass":"residential"},"geometry":{"type":"LineString","coordinates":[[112.94833,28.19081],[112.94925,28.19066],[112.9495,28.19033],[112.94915,28.1901],[112.94822,28.19024]]}},{"type":"Feature","properties":{"fclass":"residential"},"geometry":{"type":"LineString","coordinates":[[112.94925,28.19066],[112.94915,28.1901]]}},{"type":"Feature","properties":{"fclass":"steps"},"geometry":{"type":"LineString","coordinates":[[112.94227,28.19724],[112.94232,28.19718],[112.94237,28.19713],[112.94242,28.19707]]}},{"type":"Feature","properties":{"fclass":"steps"},"geometry":{"type":"LineString","coordinates":[[112.94242,28.19707],[112.9425,28.19703],[112.94264,28.19697],[112.94275,28.19696]]}},{"type":"Feature","properties":{"fclass":"footway"},"geometry":{"type":"LineString","coordinates":[[112.94275,28.19696],[112.94288,28.19697],[112.94302,28.19695],[112.94309,28.19696],[112.9432,28.197]]}},{"type":"Feature","properties":{"fclass":"steps"},"geometry":{"type":"LineString","coordinates":[[112.9432,28.197],[112.94337,28.19702],[112.94354,28.197]]}},{"type":"Feature","properties":{"fclass":"footway"},"geometry":{"type":"LineString","coordinates":[[112.94354,28.197],[112.94378,28.197],[112.94412,28.19702],[112.94465,28.19709],[112.94499,28.19697]]}},{"type":"Feature","properties":{"fclass":"service"},"geometry":{"type":"LineString","coordinates":[[112.94223,28.19775],[112.94205,28.19758]]}},{"type":"Feature","properties":{"fclass":"footway"},"geometry":{"type":"LineString","coordinates":[[112.94172,28.18845],[112.94094,28.18843]]}},{"type":"Feature","properties":{"fclass":"steps"},"geometry":{"type":"LineString","coordinates":[[112.94083,28.18843],[112.94094,28.18843]]}},{"type":"Feature","properties":{"fclass":"footway"},"geometry":{"type":"LineString","coordinates":[[112.94045,28.18908],[112.94045,28.18881]]}},{"type":"Feature","properties":{"fclass":"residential"},"geometry":{"type":"LineString","coordinates":[[112.94082,28.18908],[112.94083,28.18824]]}},{"type":"Feature","properties":{"fclass":"living_street"},"geometry":{"type":"LineString","coordinates":[[112.91648,28.21986],[112.91594,28.21985],[112.91569,28.22006],[112.91558,28.22037],[112.91554,28.22046],[112.91552,28.22051],[112.91551,28.22085],[112.9155,28.22106],[112.91549,28.22141]]}},{"type":"Feature","properties":{"fclass":"unknown"},"geometry":{"type":"LineString","coordinates":[[112.91094,28.21715],[112.91072,28.21666],[112.91055,28.21573],[112.90957,28.21549],[112.90944,28.21545]]}},{"type":"Feature","properties":{"fclass":"unknown"},"geometry":{"type":"LineString","coordinates":[[112.91055,28.21573],[112.91093,28.21491],[112.91116,28.21442],[112.91174,28.21405]]}},{"type":"Feature","properties":{"fclass":"footway"},"geometry":{"type":"LineString","coordinates":[[112.94156,28.19183],[112.94154,28.19215]]}},{"type":"Feature","properties":{"fclass":"residential"},"geometry":{"type":"LineString","coordinates":[[112.94147,28.193],[112.9415,28.19267],[112.94153,28.19232],[112.94153,28.19223]]}},{"type":"Feature","properties":{"fclass":"steps"},"geometry":{"type":"LineString","coordinates":[[112.94154,28.19215],[112.94153,28.19223]]}},{"type":"Feature","properties":{"fclass":"steps"},"geometry":{"type":"LineString","coordinates":[[112.94067,28.19175],[112.9409,28.19176]]}},{"type":"Feature","properties":{"fclass":"steps"},"geometry":{"type":"LineString","coordinates":[[112.94067,28.19074],[112.94085,28.19074]]}},{"type":"Feature","properties":{"fclass":"steps"},"geometry":{"type":"LineString","coordinates":[[112.94065,28.19022],[112.94085,28.19022]]}},{"type":"Feature","properties":{"fclass":"residential"},"geometry":{"type":"LineString","coordinates":[[112.94249,28.19282],[112.9429,28.19242],[112.94299,28.19234]]}},{"type":"Feature","properties":{"fclass":"footway"},"geometry":{"type":"LineString","coordinates":[[112.94085,28.19022],[112.94163,28.19024]]}},{"type":"Feature","properties":{"fclass":"steps"},"geometry":{"type":"LineString","coordinates":[[112.94161,28.19076],[112.94144,28.19075]]}},{"type":"Feature","properties":{"fclass":"tertiary"},"geometry":{"type":"LineString","coordinates":[[112.99756,28.18494],[112.99819,28.18497],[112.99862,28.185],[112.99868,28.18501],[112.99906,28.1851],[112.99981,28.18528],[113.00053,28.18535],[113.00104,28.18543],[113.00142,28.18564],[113.00142,28.1857],[113.00141,28.18679],[113.00138,28.1885],[113.00138,28.18851],[113.00138,28.18861],[113.00138,28.18862],[113.00137,28.18881],[113.0014,28.19029],[113.00133,28.19242],[113.00138,28.19395],[113.00138,28.19403],[113.00142,28.19543],[113.00142,28.19553],[113.00145,28.19752],[113.00145,28.19766]]}},{"type":"Feature","properties":{"fclass":"trunk_link"},"geometry":{"type":"LineString","coordinates":[[112.96914,28.19885],[112.96873,28.19898]]}},{"type":"Feature","properties":{"fclass":"secondary"},"geometry":{"type":"LineString","coordinates":[[112.94462,28.21439],[112.9441,28.21512],[112.94383,28.21541],[112.94352,28.21566],[112.94321,28.21589],[112.94285,28.21608],[112.9425,28.2162],[112.94212,28.21626],[112.94167,28.21626],[112.94011,28.2161],[112.93877,28.21616],[112.93751,28.216],[112.93482,28.21565],[112.93398,28.21544],[112.93343,28.2152]]}},{"type":"Feature","properties":{"fclass":"trunk_link"},"geometry":{"type":"LineString","coordinates":[[112.96622,28.19908],[112.9659,28.19899]]}},{"type":"Feature","properties":{"fclass":"tertiary"},"geometry":{"type":"LineString","coordinates":[[112.98062,28.19368],[112.98091,28.19403],[112.98096,28.19409],[112.98111,28.19429],[112.98115,28.19433]]}},{"type":"Feature","properties":{"fclass":"secondary"},"geometry":{"type":"LineString","coordinates":[[112.97762,28.19426],[112.97911,28.19403],[112.97926,28.19402],[112.98002,28.19399],[112.98091,28.19403],[112.98096,28.19404]]}},{"type":"Feature","properties":{"fclass":"secondary"},"geometry":{"type":"LineString","coordinates":[[112.97331,28.22288],[112.97336,28.22245],[112.97326,28.22039],[112.97328,28.21983],[112.97329,28.21945],[112.97315,28.21879],[112.97288,28.21751],[112.97285,28.21741],[112.97283,28.21725],[112.97223,28.2151],[112.97175,28.21324],[112.97173,28.21316],[112.97145,28.21205],[112.97106,28.21071],[112.97041,28.20846],[112.97036,28.20827]]}},{"type":"Feature","properties":{"fclass":"secondary"},"geometry":{"type":"LineString","coordinates":[[112.95365,28.21558],[112.95348,28.21561],[112.95333,28.21566],[112.95271,28.2159],[112.95233,28.21635],[112.95179,28.21742],[112.95141,28.21821],[112.95014,28.22084],[112.94967,28.22185],[112.94955,28.22211],[112.94921,28.22311],[112.94919,28.2232],[112.94862,28.22605],[112.94811,28.22818],[112.94796,28.2288],[112.94788,28.22912]]}},{"type":"Feature","properties":{"fclass":"tertiary"},"geometry":{"type":"LineString","coordinates":[[112.98115,28.19433],[112.98137,28.19469],[112.98138,28.19498],[112.98134,28.19529],[112.98132,28.19551],[112.98121,28.19587],[112.98098,28.19622],[112.98069,28.19652],[112.9802,28.19693],[112.97993,28.19711],[112.97976,28.19723],[112.97959,28.19747],[112.97953,28.19757],[112.97938,28.19783],[112.97918,28.19823]]}},{"type":"Feature","properties":{"fclass":"secondary"},"geometry":{"type":"LineString","coordinates":[[112.90924,28.21691],[112.91094,28.21715],[112.91256,28.21738],[112.91418,28.21729],[112.91432,28.21728],[112.91525,28.21722],[112.92193,28.2165],[112.92202,28.21649],[112.92411,28.21631],[112.92651,28.21611],[112.92777,28.21595],[112.92807,28.21593],[112.92879,28.21574],[112.93049,28.215],[112.93116,28.21483],[112.93191,28.21474],[112.93238,28.21473],[112.93264,28.21477],[112.93303,28.21487],[112.93348,28.21502],[112.93367,28.21512]]}},{"type":"Feature","properties":{"fclass":"secondary"},"geometry":{"type":"LineString","coordinates":[[112.97052,28.20331],[112.97054,28.20282],[112.97056,28.20251],[112.97067,28.20095],[112.97072,28.20002],[112.97076,28.19921],[112.97077,28.19898],[112.97078,28.19879],[112.97078,28.19867],[112.97078,28.19854],[112.97073,28.19684],[112.9707,28.19574],[112.97074,28.19499]]}},{"type":"Feature","properties":{"fclass":"service"},"geometry":{"type":"LineString","coordinates":[[112.96501,28.19923],[112.96483,28.19963],[112.96466,28.1998],[112.96412,28.2001]]}},{"type":"Feature","properties":{"fclass":"tertiary"},"geometry":{"type":"LineString","coordinates":[[112.92193,28.2165],[112.92195,28.21663],[112.92223,28.21805],[112.92236,28.21856],[112.92254,28.21943],[112.92264,28.22057],[112.92272,28.22189]]}},{"type":"Feature","properties":{"fclass":"trunk_link"},"geometry":{"type":"LineString","coordinates":[[112.96663,28.19896],[112.96647,28.19902],[112.96635,28.19908]]}},{"type":"Feature","properties":{"fclass":"tertiary"},"geometry":{"type":"LineString","coordinates":[[112.90347,28.20045],[112.90348,28.20014],[112.90356,28.19969],[112.90374,28.19908],[112.90376,28.19897],[112.90372,28.19884],[112.90366,28.19879],[112.9035,28.1987],[112.90373,28.19872],[112.90387,28.19874],[112.90409,28.19881],[112.90416,28.19891],[112.90416,28.19903],[112.90376,28.2005]]}},{"type":"Feature","properties":{"fclass":"tertiary"},"geometry":{"type":"LineString","coordinates":[[112.90482,28.22191],[112.90483,28.22183],[112.90483,28.22176],[112.9049,28.2208],[112.90502,28.21921],[112.90511,28.21797],[112.90512,28.21789],[112.9055,28.21625],[112.90552,28.21616],[112.90554,28.21611],[112.90575,28.21519],[112.90623,28.21364],[112.90632,28.21335],[112.90641,28.21309],[112.90726,28.21068],[112.9078,28.20903]]}},{"type":"Feature","properties":{"fclass":"trunk"},"geometry":{"type":"LineString","coordinates":[[112.91352,28.21364],[112.91391,28.21357],[112.91495,28.21337],[112.91675,28.21305],[112.91732,28.21287],[112.91746,28.21283],[112.91762,28.21277],[112.91799,28.21265],[112.9192,28.21206],[112.92005,28.21159],[112.92197,28.21007]]}},{"type":"Feature","properties":{"fclass":"trunk"},"geometry":{"type":"LineString","coordinates":[[112.91356,28.21371],[112.91333,28.21375],[112.9124,28.21391],[112.91182,28.21398],[112.91121,28.21401],[112.91089,28.21401],[112.91003,28.21401],[112.90942,28.21394],[112.90875,28.21384],[112.90406,28.21268]]}},{"type":"Feature","properties":{"fclass":"trunk"},"geometry":{"type":"LineString","coordinates":[[112.90406,28.21268],[112.90318,28.21251]]}},{"type":"Feature","properties":{"fclass":"primary"},"geometry":{"type":"LineString","coordinates":[[112.92847,28.23966],[112.92844,28.2384],[112.92844,28.23832],[112.92856,28.23608],[112.92853,28.23409],[112.92852,28.23402],[112.92849,28.23393],[112.92857,28.23114],[112.92863,28.22925],[112.92863,28.22912],[112.92866,28.22886],[112.92866,28.22868],[112.92883,28.22567],[112.92891,28.22427],[112.92914,28.22139],[112.92913,28.22127],[112.92912,28.22117],[112.92779,28.21618],[112.92777,28.21595],[112.92769,28.21541],[112.92717,28.21394],[112.9268,28.21322],[112.92667,28.21297],[112.92401,28.20876],[112.92392,28.20862]]}},{"type":"Feature","properties":{"fclass":"primary"},"geometry":{"type":"MultiLineString","coordinates":[[[112.90019,28.20113],[112.89923,28.20109],[112.89801,28.201],[112.897,28.20082],[112.89584,28.20055],[112.8949,28.2002],[112.89475,28.20013],[112.89399,28.19978],[112.89316,28.19933],[112.8921,28.19856],[112.89202,28.19848],[112.89192,28.19838],[112.89034,28.19687],[112.8886,28.19549],[112.88732,28.19463],[112.8869,28.19441],[112.88671,28.19432],[112.88529,28.19372],[112.88433,28.19337],[112.88341,28.19311],[112.88287,28.19301]],[[112.88265,28.17974],[112.88282,28.17972],[112.88462,28.17971],[112.88579,28.17989],[112.88669,28.18005],[112.88848,28.18066],[112.88857,28.1807],[112.88964,28.18123],[112.89022,28.1816],[112.8908,28.18196],[112.89088,28.18203],[112.89176,28.1828],[112.89219,28.18317],[112.89361,28.18502],[112.89432,28.1863],[112.89454,28.1867],[112.89517,28.18759],[112.89575,28.18821],[112.89621,28.18861],[112.89687,28.18904],[112.89741,28.18933],[112.89768,28.18946],[112.8987,28.18994],[112.89937,28.19024],[112.8999,28.19049],[112.90046,28.19077],[112.90098,28.19104],[112.90189,28.19146],[112.90202,28.19153],[112.90212,28.19158],[112.90222,28.19163],[112.90241,28.19173],[112.90355,28.19246],[112.90452,28.1932],[112.90469,28.19337],[112.9049,28.19356],[112.90515,28.19384],[112.9056,28.19431],[112.90697,28.19546],[112.90781,28.19603],[112.90825,28.19625],[112.90848,28.19633],[112.90856,28.19636]]]}},{"type":"Feature","properties":{"fclass":"primary"},"geometry":{"type":"LineString","coordinates":[[112.90766,28.20229],[112.90729,28.2022],[112.90718,28.20218],[112.9034,28.20144],[112.90321,28.20139],[112.90246,28.20127],[112.90189,28.2012]]}},{"type":"Feature","properties":{"fclass":"secondary"},"geometry":{"type":"LineString","coordinates":[[112.90371,28.20012],[112.90362,28.20049]]}},{"type":"Feature","properties":{"fclass":"trunk"},"geometry":{"type":"LineString","coordinates":[[112.90409,28.21261],[112.906,28.21306],[112.90753,28.21346],[112.9077,28.2135],[112.90911,28.21381],[112.91007,28.21392],[112.91116,28.21394],[112.91174,28.21392],[112.91242,28.21383],[112.91352,28.21364]]}},{"type":"Feature","properties":{"fclass":"secondary"},"geometry":{"type":"LineString","coordinates":[[112.90215,28.20849],[112.90283,28.20487],[112.90318,28.20157],[112.90321,28.20139],[112.90335,28.20088]]}},{"type":"Feature","properties":{"fclass":"tertiary"},"geometry":{"type":"LineString","coordinates":[[112.9099,28.21424],[112.90981,28.21438],[112.90971,28.21488]]}},{"type":"Feature","properties":{"fclass":"unclassified"},"geometry":{"type":"LineString","coordinates":[[112.9097,28.21363],[112.90959,28.21329],[112.90942,28.2131],[112.90964,28.21135],[112.90984,28.20992],[112.90975,28.20975],[112.90894,28.20961]]}},{"type":"Feature","properties":{"fclass":"trunk_link"},"geometry":{"type":"LineString","coordinates":[[112.92633,28.15705],[112.92609,28.15582]]}},{"type":"Feature","properties":{"fclass":"trunk"},"geometry":{"type":"LineString","coordinates":[[112.92645,28.14554],[112.92646,28.14579],[112.92646,28.15117],[112.92651,28.15329],[112.92652,28.15497],[112.92653,28.15649],[112.92648,28.15706],[112.9263,28.15829]]}},{"type":"Feature","properties":{"fclass":"unclassified"},"geometry":{"type":"LineString","coordinates":[[112.9077,28.2135],[112.90815,28.21343],[112.90884,28.21349],[112.90911,28.21343],[112.90922,28.2133],[112.90942,28.2131]]}},{"type":"Feature","properties":{"fclass":"trunk_link"},"geometry":{"type":"LineString","coordinates":[[112.90931,28.21467],[112.90926,28.21444],[112.90913,28.21419],[112.9087,28.21391]]}},{"type":"Feature","properties":{"fclass":"unclassified"},"geometry":{"type":"LineString","coordinates":[[112.90975,28.20975],[112.90992,28.20979],[112.9102,28.20984],[112.91039,28.21004],[112.91048,28.21033],[112.91026,28.21207],[112.91,28.21341],[112.9098,28.21382]]}},{"type":"Feature","properties":{"fclass":"trunk_link"},"geometry":{"type":"LineString","coordinates":[[112.90934,28.21481],[112.90931,28.21467]]}},{"type":"Feature","properties":{"fclass":"trunk_link"},"geometry":{"type":"LineString","coordinates":[[112.90879,28.21363],[112.90912,28.21352],[112.90943,28.21338],[112.9096,28.21311]]}},{"type":"Feature","properties":{"fclass":"trunk_link"},"geometry":{"type":"LineString","coordinates":[[112.91032,28.20942],[112.91033,28.21024],[112.90996,28.21314],[112.90991,28.21354]]}},{"type":"Feature","properties":{"fclass":"trunk_link"},"geometry":{"type":"LineString","coordinates":[[112.92674,28.15611],[112.92663,28.15677],[112.92648,28.15706]]}},{"type":"Feature","properties":{"fclass":"trunk"},"geometry":{"type":"LineString","coordinates":[[112.91021,28.20939],[112.91023,28.20919],[112.91044,28.20742],[112.91051,28.20682],[112.91074,28.20489],[112.91082,28.20462]]}},{"type":"Feature","properties":{"fclass":"trunk_link"},"geometry":{"type":"LineString","coordinates":[[112.90996,28.21314],[112.9102,28.21351],[112.91054,28.21374],[112.91114,28.21389]]}},{"type":"Feature","properties":{"fclass":"trunk_link"},"geometry":{"type":"LineString","coordinates":[[112.90954,28.21355],[112.90955,28.21349],[112.9096,28.21311],[112.91,28.21035],[112.91021,28.20939]]}},{"type":"Feature","properties":{"fclass":"tertiary"},"geometry":{"type":"LineString","coordinates":[[112.91078,28.21409],[112.91039,28.21419],[112.90999,28.21445],[112.90971,28.21488],[112.90957,28.21549],[112.90937,28.2164],[112.90924,28.21691],[112.90921,28.21706],[112.90917,28.21726],[112.90917,28.21731],[112.90914,28.21757],[112.90909,28.21811],[112.9091,28.21826],[112.90912,28.21933],[112.90912,28.21954],[112.90918,28.22034],[112.9093,28.22102],[112.90933,28.22124],[112.90963,28.22221],[112.90971,28.22243],[112.90988,28.22274]]}},{"type":"Feature","properties":{"fclass":"trunk"},"geometry":{"type":"LineString","coordinates":[[112.91032,28.20942],[112.90999,28.21226]]}},{"type":"Feature","properties":{"fclass":"secondary"},"geometry":{"type":"LineString","coordinates":[[112.90481,28.19543],[112.90492,28.19481],[112.90504,28.19421],[112.90515,28.19384]]}},{"type":"Feature","properties":{"fclass":"secondary"},"geometry":{"type":"LineString","coordinates":[[112.89884,28.22163],[112.90022,28.21513],[112.90024,28.21506],[112.90112,28.21202],[112.90115,28.21193],[112.90215,28.20849]]}},{"type":"Feature","properties":{"fclass":"secondary"},"geometry":{"type":"LineString","coordinates":[[112.90493,28.19543],[112.90371,28.20012]]}},{"type":"Feature","properties":{"fclass":"secondary"},"geometry":{"type":"LineString","coordinates":[[112.9056,28.19431],[112.90537,28.19463],[112.90511,28.19517],[112.90493,28.19543]]}},{"type":"Feature","properties":{"fclass":"secondary"},"geometry":{"type":"LineString","coordinates":[[112.90226,28.20857],[112.90128,28.21197],[112.90126,28.21205],[112.90089,28.21337],[112.90041,28.21509],[112.90037,28.21515],[112.89906,28.22165]]}},{"type":"Feature","properties":{"fclass":"secondary"},"geometry":{"type":"LineString","coordinates":[[112.90362,28.20007],[112.90398,28.19872],[112.90481,28.19543]]}},{"type":"Feature","properties":{"fclass":"tertiary"},"geometry":{"type":"LineString","coordinates":[[112.9067,28.20513],[112.90523,28.20503],[112.90299,28.20487],[112.90283,28.20487],[112.90246,28.20485],[112.89843,28.2045],[112.89836,28.20449],[112.89538,28.20423],[112.8939,28.20395],[112.8926,28.2035],[112.89242,28.20343],[112.89078,28.20286],[112.88917,28.20179],[112.88368,28.1983],[112.88339,28.19813],[112.88295,28.19784]]}},{"type":"Feature","properties":{"fclass":"primary_link"},"geometry":{"type":"LineString","coordinates":[[112.9917,28.19986],[112.99169,28.20001],[112.99168,28.20016]]}},{"type":"Feature","properties":{"fclass":"tertiary"},"geometry":{"type":"LineString","coordinates":[[112.99167,28.20098],[112.99176,28.20134],[112.99186,28.20152],[112.99201,28.20169],[112.99259,28.20242],[112.99276,28.20262],[112.99411,28.20433],[112.99424,28.20465],[112.99422,28.20502]]}},{"type":"Feature","properties":{"fclass":"service"},"geometry":{"type":"LineString","coordinates":[[112.98629,28.21207],[112.98628,28.21231],[112.98622,28.21269],[112.98622,28.21302],[112.98651,28.21322],[112.98769,28.21353],[112.98892,28.21413],[112.98972,28.21463],[112.9908,28.21578],[112.99088,28.21589]]}},{"type":"Feature","properties":{"fclass":"primary_link"},"geometry":{"type":"LineString","coordinates":[[112.98876,28.15813],[112.98893,28.15839],[112.989,28.15846],[112.9891,28.15849],[112.98942,28.15857]]}},{"type":"Feature","properties":{"fclass":"steps"},"geometry":{"type":"LineString","coordinates":[[112.99007,28.21208],[112.98784,28.21223]]}},{"type":"Feature","properties":{"fclass":"residential"},"geometry":{"type":"LineString","coordinates":[[112.98889,28.20596],[112.98901,28.20679],[112.9889,28.20716],[112.98831,28.20699],[112.98827,28.20713]]}},{"type":"Feature","properties":{"fclass":"primary_link"},"geometry":{"type":"LineString","coordinates":[[112.98976,28.15865],[112.9892,28.15873],[112.98903,28.1588],[112.98897,28.15885],[112.98888,28.15895],[112.98876,28.15912]]}},{"type":"Feature","properties":{"fclass":"residential"},"geometry":{"type":"LineString","coordinates":[[112.99101,28.19606],[112.99093,28.19614],[112.9911,28.19763]]}},{"type":"Feature","properties":{"fclass":"service"},"geometry":{"type":"LineString","coordinates":[[112.99176,28.2103],[112.99086,28.21012],[112.98975,28.20984],[112.98968,28.20979],[112.98872,28.2097],[112.98874,28.20956],[112.98874,28.20817],[112.98758,28.20754],[112.98716,28.2075],[112.9862,28.20759],[112.98621,28.20799],[112.98628,28.20866],[112.98624,28.20942],[112.9862,28.2099],[112.98617,28.21024],[112.98626,28.21067],[112.98661,28.21167],[112.98629,28.21207]]}},{"type":"Feature","properties":{"fclass":"service"},"geometry":{"type":"LineString","coordinates":[[112.9948,28.20649],[112.99483,28.20562],[112.99473,28.20529],[112.99465,28.20521]]}},{"type":"Feature","properties":{"fclass":"service"},"geometry":{"type":"LineString","coordinates":[[112.99863,28.20853],[113.00024,28.20885],[113.00047,28.2089],[113.00108,28.20913]]}},{"type":"Feature","properties":{"fclass":"service"},"geometry":{"type":"LineString","coordinates":[[112.99407,28.20512],[112.99367,28.20532],[112.99353,28.2058],[112.99349,28.20637],[112.9948,28.20649]]}},{"type":"Feature","properties":{"fclass":"residential"},"geometry":{"type":"LineString","coordinates":[[112.99151,28.19754],[112.99139,28.19656],[112.99133,28.19626],[112.9912,28.1961]]}},{"type":"Feature","properties":{"fclass":"footway"},"geometry":{"type":"LineString","coordinates":[[112.99504,28.21042],[112.9945,28.21072],[112.99421,28.21099],[112.99413,28.21161]]}},{"type":"Feature","properties":{"fclass":"tertiary"},"geometry":{"type":"LineString","coordinates":[[112.99317,28.20759],[112.99228,28.20774],[112.9907,28.20755],[112.9888,28.20726],[112.98827,28.20713],[112.98781,28.20714]]}},{"type":"Feature","properties":{"fclass":"footway"},"geometry":{"type":"LineString","coordinates":[[112.98736,28.20947],[112.98716,28.2075],[112.98715,28.20742]]}},{"type":"Feature","properties":{"fclass":"tertiary"},"geometry":{"type":"LineString","coordinates":[[112.99201,28.20169],[112.99183,28.2012],[112.99179,28.20098]]}},{"type":"Feature","properties":{"fclass":"primary"},"geometry":{"type":"LineString","coordinates":[[112.99156,28.2002],[112.99138,28.19846]]}},{"type":"Feature","properties":{"fclass":"residential"},"geometry":{"type":"LineString","coordinates":[[112.98843,28.15889],[112.98845,28.1604],[112.98848,28.16197],[112.98845,28.16318],[112.98848,28.16485],[112.9885,28.16567],[112.98848,28.16576]]}},{"type":"Feature","properties":{"fclass":"service"},"geometry":{"type":"LineString","coordinates":[[112.99493,28.2065],[112.99485,28.20799]]}},{"type":"Feature","properties":{"fclass":"unclassified"},"geometry":{"type":"LineString","coordinates":[[113.00247,28.20995],[113.00189,28.20978],[113.00138,28.20959],[113.00108,28.20947],[113.00093,28.20944],[113.00034,28.20929],[113.00028,28.20926],[113.00023,28.20923],[113.00023,28.20919],[113.00027,28.2091],[113.00033,28.20904],[113.0004,28.20902],[113.00049,28.20903],[113.00056,28.20904],[113.00131,28.20926],[113.00236,28.20968],[113.00273,28.20993]]}},{"type":"Feature","properties":{"fclass":"residential"},"geometry":{"type":"LineString","coordinates":[[112.98857,28.15468],[112.98858,28.15479],[112.98862,28.1555],[112.98872,28.15642],[112.98878,28.15679],[112.98898,28.15799],[112.989,28.15836],[112.98903,28.15844],[112.9891,28.15849]]}},{"type":"Feature","properties":{"fclass":"residential"},"geometry":{"type":"LineString","coordinates":[[112.98852,28.15833],[112.98843,28.15827],[112.98839,28.15757],[112.98813,28.156],[112.98811,28.15574]]}},{"type":"Feature","properties":{"fclass":"residential"},"geometry":{"type":"LineString","coordinates":[[112.9884,28.20587],[112.98708,28.20584],[112.98702,28.20584],[112.98686,28.20584],[112.98674,28.20584]]}},{"type":"Feature","properties":{"fclass":"service"},"geometry":{"type":"LineString","coordinates":[[112.99802,28.20575],[112.99493,28.2065],[112.9948,28.20649]]}},{"type":"Feature","properties":{"fclass":"service"},"geometry":{"type":"LineString","coordinates":[[112.99349,28.20637],[112.99334,28.20656],[112.99329,28.20726]]}},{"type":"Feature","properties":{"fclass":"footway"},"geometry":{"type":"LineString","coordinates":[[112.99413,28.21161],[112.99416,28.21195]]}},{"type":"Feature","properties":{"fclass":"service"},"geometry":{"type":"LineString","coordinates":[[113.00024,28.20885],[113.00016,28.20921],[113.00023,28.2093],[113.00098,28.2095],[113.00121,28.20958],[113.00138,28.20959]]}},{"type":"Feature","properties":{"fclass":"primary_link"},"geometry":{"type":"LineString","coordinates":[[112.99146,28.19993],[112.99139,28.19936],[112.99128,28.19838],[112.99123,28.19828],[112.99118,28.19823],[112.99108,28.19815],[112.99098,28.1981],[112.99085,28.19805]]}},{"type":"Feature","properties":{"fclass":"service"},"geometry":{"type":"LineString","coordinates":[[112.99817,28.21761],[112.99861,28.21778],[113.0005,28.21603],[113.00117,28.21567],[113.00118,28.2154],[113.00119,28.21531],[113.00111,28.21505],[113.00055,28.21465],[112.99962,28.21424],[112.99892,28.21415],[112.99845,28.21415],[112.99815,28.21426]]}},{"type":"Feature","properties":{"fclass":"secondary"},"geometry":{"type":"LineString","coordinates":[[113.00143,28.20069],[112.99844,28.20068],[112.99506,28.20098],[112.99386,28.20102],[112.99218,28.20097],[112.99179,28.20098],[112.99167,28.20098],[112.99018,28.20107],[112.98742,28.20125],[112.98587,28.20132],[112.98576,28.20132],[112.98574,28.20132],[112.9833,28.20153],[112.98268,28.20158],[112.98264,28.20158],[112.98231,28.20155]]}},{"type":"Feature","properties":{"fclass":"steps"},"geometry":{"type":"LineString","coordinates":[[112.98735,28.21225],[112.98628,28.21231],[112.98579,28.21233]]}},{"type":"Feature","properties":{"fclass":"residential"},"geometry":{"type":"LineString","coordinates":[[112.98746,28.20701],[112.98741,28.2068],[112.98708,28.20584],[112.98683,28.20541]]}},{"type":"Feature","properties":{"fclass":"footway"},"geometry":{"type":"LineString","coordinates":[[112.9943,28.21254],[112.99416,28.21195]]}},{"type":"Feature","properties":{"fclass":"tertiary"},"geometry":{"type":"LineString","coordinates":[[112.98499,28.20688],[112.98544,28.20678],[112.98696,28.20682],[112.9871,28.20687],[112.98746,28.20701],[112.98781,28.20714]]}},{"type":"Feature","properties":{"fclass":"steps"},"geometry":{"type":"LineString","coordinates":[[112.98759,28.21203],[112.98757,28.21178]]}},{"type":"Feature","properties":{"fclass":"tertiary"},"geometry":{"type":"LineString","coordinates":[[112.98693,28.20713],[112.9864,28.20713],[112.98557,28.20709],[112.98498,28.20697]]}},{"type":"Feature","properties":{"fclass":"service"},"geometry":{"type":"LineString","coordinates":[[113.00265,28.20706],[113.00267,28.20761],[113.00267,28.2082],[113.00232,28.20898],[113.00233,28.20952]]}},{"type":"Feature","properties":{"fclass":"tertiary"},"geometry":{"type":"LineString","coordinates":[[112.98781,28.20714],[112.98708,28.20713],[112.98693,28.20713]]}},{"type":"Feature","properties":{"fclass":"residential"},"geometry":{"type":"LineString","coordinates":[[112.99133,28.19626],[112.99134,28.19558],[112.99136,28.19531]]}},{"type":"Feature","properties":{"fclass":"primary"},"geometry":{"type":"LineString","coordinates":[[112.99144,28.19848],[112.99168,28.20016],[112.99168,28.20022],[112.99178,28.20087],[112.99179,28.20098]]}},{"type":"Feature","properties":{"fclass":"primary_link"},"geometry":{"type":"LineString","coordinates":[[112.98813,28.15852],[112.98832,28.15847],[112.98852,28.15833],[112.98861,28.15812]]}},{"type":"Feature","properties":{"fclass":"footway"},"geometry":{"type":"LineString","coordinates":[[112.99504,28.21042],[112.99741,28.2098],[112.99739,28.20942],[112.99728,28.20891]]}},{"type":"Feature","properties":{"fclass":"primary_link"},"geometry":{"type":"LineString","coordinates":[[112.98861,28.15915],[112.98854,28.15891],[112.98847,28.15883],[112.98829,28.15871],[112.98801,28.1586]]}},{"type":"Feature","properties":{"fclass":"primary_link"},"geometry":{"type":"LineString","coordinates":[[112.9912,28.1961],[112.9913,28.19651],[112.99145,28.19762],[112.99147,28.19766],[112.9915,28.19772],[112.99157,28.19779],[112.99163,28.19783],[112.99168,28.19786],[112.99175,28.19788],[112.99192,28.1979]]}},{"type":"Feature","properties":{"fclass":"primary"},"geometry":{"type":"LineString","coordinates":[[112.99138,28.19846],[112.99127,28.19747]]}},{"type":"Feature","properties":{"fclass":"residential"},"geometry":{"type":"LineString","coordinates":[[112.99084,28.19485],[112.99081,28.19558],[112.99084,28.19604],[112.99093,28.19614]]}},{"type":"Feature","properties":{"fclass":"footway"},"geometry":{"type":"LineString","coordinates":[[112.99421,28.21099],[112.99402,28.2109]]}},{"type":"Feature","properties":{"fclass":"service"},"geometry":{"type":"LineString","coordinates":[[112.9928,28.20936],[112.99219,28.20994],[112.99176,28.2103],[112.99164,28.2104],[112.99085,28.21081],[112.99002,28.21105],[112.99007,28.21208]]}},{"type":"Feature","properties":{"fclass":"service"},"geometry":{"type":"LineString","coordinates":[[112.92615,28.18141],[112.92657,28.18076],[112.92675,28.1806],[112.92691,28.18058],[112.927,28.18068],[112.92707,28.18074],[112.92715,28.1807],[112.92731,28.18053],[112.92752,28.18032],[112.92764,28.1802],[112.92773,28.18012],[112.92794,28.18004],[112.92814,28.18001],[112.9283,28.17998],[112.9284,28.17992],[112.92869,28.1797],[112.92883,28.17961],[112.929,28.17958]]}},{"type":"Feature","properties":{"fclass":"service"},"geometry":{"type":"LineString","coordinates":[[112.93002,28.18041],[112.93017,28.18057],[112.93039,28.18087],[112.93053,28.18101],[112.93075,28.18117],[112.93082,28.18136],[112.93076,28.18146],[112.93048,28.18166],[112.93011,28.18181],[112.92979,28.18205],[112.92973,28.18224],[112.92971,28.18243],[112.92964,28.18261],[112.92945,28.18275],[112.9291,28.18289],[112.92896,28.18297],[112.92887,28.18307],[112.92899,28.1831],[112.9292,28.18314],[112.92944,28.18313],[112.92965,28.18309],[112.93007,28.18296],[112.93049,28.18278],[112.93085,28.18254],[112.93109,28.18245],[112.93126,28.18243],[112.93177,28.18244]]}},{"type":"Feature","properties":{"fclass":"service"},"geometry":{"type":"LineString","coordinates":[[112.93177,28.18244],[112.9323,28.18244],[112.93273,28.1825],[112.93336,28.18274],[112.93359,28.1828],[112.93383,28.1828],[112.93431,28.1827],[112.9348,28.18244],[112.93515,28.18213],[112.9354,28.18197]]}},{"type":"Feature","properties":{"fclass":"service"},"geometry":{"type":"LineString","coordinates":[[112.92869,28.1797],[112.9287,28.17952],[112.92871,28.17937]]}},{"type":"Feature","properties":{"fclass":"residential"},"geometry":{"type":"LineString","coordinates":[[112.94128,28.19533],[112.94104,28.19521],[112.94106,28.19493],[112.94144,28.19454],[112.94175,28.19397],[112.94222,28.19397]]}},{"type":"Feature","properties":{"fclass":"residential"},"geometry":{"type":"LineString","coordinates":[[112.94191,28.19578],[112.94191,28.19574],[112.94193,28.19552],[112.94199,28.19477],[112.94196,28.19423],[112.94222,28.19397]]}},{"type":"Feature","properties":{"fclass":"residential"},"geometry":{"type":"LineString","coordinates":[[112.94301,28.19487],[112.943,28.19453],[112.94222,28.19397]]}},{"type":"Feature","properties":{"fclass":"residential"},"geometry":{"type":"LineString","coordinates":[[112.94246,28.19576],[112.94191,28.19574]]}},{"type":"Feature","properties":{"fclass":"residential"},"geometry":{"type":"LineString","coordinates":[[112.94078,28.19266],[112.9415,28.19267]]}},{"type":"Feature","properties":{"fclass":"path"},"geometry":{"type":"LineString","coordinates":[[112.93891,28.19248],[112.93883,28.19248],[112.9387,28.19246],[112.93861,28.19238],[112.93845,28.19231],[112.93829,28.19226],[112.93817,28.19221],[112.93813,28.1923],[112.93803,28.19222],[112.93785,28.1921],[112.9376,28.19219],[112.93735,28.19224],[112.93698,28.19222],[112.9367,28.19216],[112.9364,28.19199],[112.93613,28.19167],[112.93588,28.19163],[112.93555,28.19154],[112.93505,28.1914],[112.93475,28.19124],[112.93439,28.19116],[112.93412,28.19113],[112.93396,28.19092],[112.93385,28.19074],[112.93394,28.19054]]}},{"type":"Feature","properties":{"fclass":"service"},"geometry":{"type":"LineString","coordinates":[[112.92764,28.18082],[112.92767,28.18088],[112.92769,28.18098],[112.92768,28.18114],[112.92766,28.1812],[112.92759,28.18127],[112.92751,28.18127],[112.92737,28.18116],[112.9272,28.18107],[112.92697,28.18093],[112.92688,28.18085],[112.92707,28.18074]]}},{"type":"Feature","properties":{"fclass":"path"},"geometry":{"type":"LineString","coordinates":[[112.9307,28.17712],[112.9309,28.17724],[112.93092,28.17765],[112.9311,28.17771],[112.93157,28.1775],[112.9319,28.1775],[112.93213,28.17765],[112.93222,28.1778],[112.93214,28.17797]]}},{"type":"Feature","properties":{"fclass":"path"},"geometry":{"type":"LineString","coordinates":[[112.93273,28.17751],[112.93237,28.17754],[112.93213,28.17765]]}},{"type":"Feature","properties":{"fclass":"service"},"geometry":{"type":"LineString","coordinates":[[112.92974,28.18012],[112.93014,28.18035],[112.9307,28.18027],[112.93082,28.17991],[112.9313,28.17963],[112.93211,28.1797],[112.93247,28.18],[112.93276,28.18045],[112.93268,28.18073]]}},{"type":"Feature","properties":{"fclass":"service"},"geometry":{"type":"LineString","coordinates":[[112.93515,28.18213],[112.93516,28.18224],[112.93517,28.18237],[112.93512,28.18255],[112.93502,28.18276],[112.93491,28.18296],[112.93466,28.18321],[112.93419,28.18354],[112.93398,28.18371],[112.93352,28.18411]]}},{"type":"Feature","properties":{"fclass":"footway"},"geometry":{"type":"LineString","coordinates":[[112.9313,28.17963],[112.93146,28.17952],[112.93163,28.17907],[112.93201,28.17873],[112.93202,28.1785],[112.93186,28.17841],[112.93146,28.17848],[112.93097,28.17858],[112.93065,28.17884],[112.93058,28.17931],[112.93042,28.17966],[112.93045,28.17974],[112.93071,28.17964],[112.93081,28.17956],[112.93099,28.17964],[112.9313,28.17963]]}},{"type":"Feature","properties":{"fclass":"footway"},"geometry":{"type":"LineString","coordinates":[[112.93225,28.17629],[112.932,28.17563],[112.93179,28.17523],[112.93185,28.17507],[112.93205,28.17487],[112.9322,28.17451],[112.93222,28.17447],[112.93223,28.17444],[112.93225,28.17441],[112.93227,28.1744],[112.93229,28.17438],[112.93231,28.17439],[112.93233,28.17439],[112.93236,28.17432],[112.93236,28.1743],[112.93235,28.1741],[112.93235,28.1741],[112.93237,28.17407],[112.93237,28.17407],[112.93238,28.174],[112.93238,28.174],[112.93242,28.17395],[112.93244,28.17391],[112.93244,28.17391],[112.93247,28.17385],[112.9327,28.17359],[112.9328,28.17332],[112.9328,28.17332],[112.9328,28.17331],[112.9328,28.17331],[112.9328,28.17331],[112.9328,28.17331],[112.9328,28.17331],[112.9328,28.17331],[112.9328,28.1733],[112.93281,28.1733],[112.93288,28.17299],[112.93334,28.17266],[112.93361,28.17234],[112.93367,28.17198],[112.93341,28.17152],[112.93341,28.17152],[112.93332,28.17098],[112.93288,28.17038]]}},{"type":"Feature","properties":{"fclass":"service"},"geometry":{"type":"LineString","coordinates":[[112.92871,28.17937],[112.92885,28.17916],[112.92931,28.17869],[112.92937,28.17853],[112.92934,28.17832],[112.92938,28.17816],[112.92972,28.1778],[112.9304,28.17724],[112.9306,28.17714],[112.9307,28.17712],[112.9309,28.17707],[112.93115,28.177],[112.93174,28.1767],[112.93225,28.17629]]}},{"type":"Feature","properties":{"fclass":"service"},"geometry":{"type":"LineString","coordinates":[[112.93002,28.18041],[112.92991,28.18031],[112.92974,28.18012],[112.92954,28.17992],[112.92928,28.17973],[112.929,28.17958],[112.92871,28.17937]]}},{"type":"Feature","properties":{"fclass":"footway"},"geometry":{"type":"LineString","coordinates":[[112.92816,28.18273],[112.92808,28.18267],[112.92806,28.18259],[112.92799,28.1825],[112.92792,28.18237],[112.92785,28.18229],[112.92779,28.18218],[112.92793,28.18216],[112.92805,28.18207],[112.92815,28.18199],[112.92818,28.18186],[112.92827,28.18178],[112.92839,28.18166],[112.92852,28.1815],[112.9286,28.18124],[112.92868,28.18113],[112.92877,28.18105],[112.92875,28.18096],[112.92863,28.181],[112.92848,28.18102],[112.92833,28.18107],[112.92821,28.18103],[112.92814,28.18099],[112.92805,28.18092],[112.92801,28.18085],[112.92783,28.18084],[112.92767,28.18088]]}},{"type":"Feature","properties":{"fclass":"footway"},"geometry":{"type":"LineString","coordinates":[[112.92764,28.1802],[112.92734,28.17993]]}},{"type":"Feature","properties":{"fclass":"footway"},"geometry":{"type":"LineString","coordinates":[[112.94061,28.19278],[112.9401,28.19277],[112.94002,28.19268],[112.93996,28.19265],[112.94002,28.19263],[112.94008,28.19253]]}},{"type":"Feature","properties":{"fclass":"steps"},"geometry":{"type":"LineString","coordinates":[[112.93996,28.19265],[112.93977,28.19262]]}},{"type":"Feature","properties":{"fclass":"footway"},"geometry":{"type":"LineString","coordinates":[[112.93977,28.19262],[112.93974,28.1927],[112.93962,28.19276],[112.9395,28.19276],[112.93904,28.19274],[112.93899,28.19262],[112.939,28.19251],[112.93891,28.19248]]}},{"type":"Feature","properties":{"fclass":"footway"},"geometry":{"type":"LineString","coordinates":[[112.93977,28.19262],[112.93986,28.19227]]}},{"type":"Feature","properties":{"fclass":"footway"},"geometry":{"type":"LineString","coordinates":[[112.94193,28.19552],[112.94244,28.19551],[112.94251,28.19543],[112.94259,28.19564],[112.9426,28.19591],[112.94321,28.19592],[112.94334,28.19548],[112.94332,28.19516],[112.94326,28.19507],[112.94324,28.19489],[112.94313,28.19483],[112.94301,28.19487],[112.94296,28.19493],[112.94258,28.19493],[112.94258,28.19513],[112.94251,28.19524],[112.94251,28.19543]]}},{"type":"Feature","properties":{"fclass":"footway"},"geometry":{"type":"LineString","coordinates":[[112.9429,28.19242],[112.94294,28.19259],[112.94298,28.19269],[112.9431,28.19267],[112.94316,28.19276],[112.94316,28.19325],[112.9428,28.19325],[112.9427,28.1933],[112.94258,28.19331],[112.94237,28.19342],[112.94234,28.19347],[112.94223,28.19354]]}},{"type":"Feature","properties":{"fclass":"residential"},"geometry":{"type":"LineString","coordinates":[[112.94231,28.19322],[112.94176,28.19327]]}},{"type":"Feature","properties":{"fclass":"residential"},"geometry":{"type":"LineString","coordinates":[[112.94157,28.19305],[112.94147,28.193],[112.94137,28.19307]]}},{"type":"Feature","properties":{"fclass":"footway"},"geometry":{"type":"LineString","coordinates":[[112.94147,28.19323],[112.94148,28.19329],[112.94149,28.19345]]}},{"type":"Feature","properties":{"fclass":"footway"},"geometry":{"type":"LineString","coordinates":[[112.94176,28.19327],[112.94148,28.19329]]}},{"type":"Feature","properties":{"fclass":"steps"},"geometry":{"type":"LineString","coordinates":[[112.94164,28.19352],[112.94164,28.19344]]}},{"type":"Feature","properties":{"fclass":"path"},"geometry":{"type":"LineString","coordinates":[[112.93121,28.1887],[112.9312,28.18872],[112.93126,28.18881],[112.93122,28.18885]]}},{"type":"Feature","properties":{"fclass":"service"},"geometry":{"type":"LineString","coordinates":[[112.92615,28.18141],[112.92606,28.18155],[112.92587,28.18202],[112.92584,28.18219],[112.92599,28.18258],[112.92601,28.18272],[112.92594,28.18303],[112.92589,28.18322],[112.92588,28.18342],[112.92588,28.18366],[112.92589,28.18389],[112.92581,28.18405],[112.92573,28.18421],[112.9257,28.18437],[112.9257,28.18438],[112.92571,28.18461],[112.92584,28.18498],[112.92602,28.18538],[112.92627,28.18573],[112.9269,28.18632],[112.92704,28.18655],[112.92708,28.18673],[112.92705,28.18735],[112.92704,28.18746],[112.92711,28.18783],[112.92742,28.18836],[112.92757,28.18879],[112.92773,28.18914],[112.9278,28.18925],[112.92804,28.18933],[112.92824,28.18944],[112.92894,28.18993],[112.92947,28.19034],[112.93023,28.19076],[112.93049,28.19087],[112.93084,28.19087],[112.93122,28.19078],[112.93153,28.19066],[112.93177,28.19059],[112.93201,28.19062],[112.93215,28.19072],[112.93218,28.19099],[112.93231,28.19124],[112.93253,28.19137],[112.93267,28.1915],[112.93272,28.19168],[112.93281,28.19188],[112.93307,28.19211],[112.93346,28.1925],[112.93363,28.19262],[112.93376,28.19277],[112.93379,28.19292],[112.93392,28.19312],[112.93397,28.19349],[112.93411,28.19368],[112.93437,28.19389],[112.93469,28.19404],[112.9355,28.19453],[112.9357,28.19473],[112.93606,28.19511],[112.93632,28.19532],[112.9366,28.1955],[112.93707,28.19558],[112.93729,28.19562],[112.93759,28.19579],[112.93774,28.1963],[112.93777,28.19656],[112.93813,28.19677],[112.93836,28.1969],[112.93848,28.19715],[112.93854,28.19746],[112.93866,28.19765],[112.93889,28.19778],[112.93912,28.19785],[112.93931,28.1979],[112.93944,28.19803],[112.93945,28.19812],[112.93943,28.19826],[112.93939,28.19841],[112.93936,28.19852],[112.93936,28.19861],[112.93936,28.1987],[112.93936,28.1988],[112.93935,28.19898],[112.93935,28.19934],[112.93936,28.19977],[112.93943,28.20024],[112.93949,28.20046],[112.93952,28.20069],[112.93958,28.20085],[112.93969,28.20094],[112.93985,28.20104],[112.94024,28.20121],[112.94051,28.20134],[112.94082,28.20149],[112.94148,28.20172],[112.94162,28.20171],[112.94169,28.20166],[112.94175,28.20156],[112.9418,28.20137],[112.94188,28.20122],[112.942,28.20111],[112.94208,28.20098],[112.9421,28.20084],[112.94208,28.20071],[112.94203,28.20055],[112.94196,28.20036],[112.94188,28.20025],[112.9418,28.20019],[112.94165,28.20013],[112.94153,28.20009],[112.94142,28.19997],[112.94135,28.19987],[112.94131,28.19973],[112.94129,28.19958],[112.94124,28.1994],[112.94124,28.19932],[112.94137,28.19912],[112.94141,28.19902],[112.94143,28.19883],[112.94147,28.19871],[112.94161,28.19858],[112.94169,28.19847],[112.94173,28.19832],[112.94176,28.19816],[112.9418,28.19796],[112.94184,28.19785],[112.94192,28.19779],[112.94223,28.19775],[112.94238,28.19773],[112.94244,28.19772],[112.94248,28.1977],[112.9425,28.19769],[112.94252,28.19768],[112.94254,28.19764],[112.94255,28.1976],[112.94255,28.19757],[112.94252,28.19751],[112.94247,28.19748],[112.94245,28.19747],[112.94247,28.19746],[112.94249,28.19744],[112.94248,28.19742],[112.94241,28.1974],[112.94232,28.19737],[112.94226,28.19734],[112.94226,28.19729],[112.94227,28.19724],[112.94182,28.19712],[112.94179,28.19697],[112.94197,28.19695],[112.94231,28.19693],[112.94253,28.19684],[112.94286,28.19661],[112.94309,28.19658],[112.94319,28.1966],[112.94411,28.19688],[112.94461,28.19697],[112.94493,28.19686]]}},{"type":"Feature","properties":{"fclass":"footway"},"geometry":{"type":"LineString","coordinates":[[112.94008,28.19253],[112.94064,28.19238]]}},{"type":"Feature","properties":{"fclass":"footway"},"geometry":{"type":"LineString","coordinates":[[112.94078,28.19261],[112.94078,28.19266]]}},{"type":"Feature","properties":{"fclass":"steps"},"geometry":{"type":"LineString","coordinates":[[112.94078,28.19261],[112.94062,28.19261]]}},{"type":"Feature","properties":{"fclass":"steps"},"geometry":{"type":"LineString","coordinates":[[112.94136,28.19316],[112.94147,28.19323],[112.94159,28.19315],[112.94157,28.19305]]}},{"type":"Feature","properties":{"fclass":"steps"},"geometry":{"type":"LineString","coordinates":[[112.94137,28.19307],[112.94136,28.19316]]}},{"type":"Feature","properties":{"fclass":"footway"},"geometry":{"type":"LineString","coordinates":[[112.9458,28.18394],[112.94568,28.18388],[112.94557,28.18374],[112.94541,28.18348],[112.94543,28.18326],[112.94552,28.18303],[112.94568,28.18295],[112.94591,28.18294]]}},{"type":"Feature","properties":{"fclass":"steps"},"geometry":{"type":"LineString","coordinates":[[112.94674,28.18698],[112.94687,28.18696],[112.94686,28.1869]]}},{"type":"Feature","properties":{"fclass":"secondary_link"},"geometry":{"type":"LineString","coordinates":[[112.94605,28.2133],[112.94595,28.21313]]}},{"type":"Feature","properties":{"fclass":"secondary_link"},"geometry":{"type":"LineString","coordinates":[[112.94497,28.2116],[112.94466,28.21123],[112.94439,28.21091],[112.94363,28.21001],[112.94268,28.20919],[112.94248,28.20902],[112.94146,28.20835],[112.94108,28.20809],[112.94097,28.20801],[112.94036,28.20727],[112.94012,28.20668],[112.94006,28.20604],[112.9401,28.20551],[112.94009,28.20525],[112.94008,28.20498],[112.93987,28.20473],[112.93946,28.20462],[112.93909,28.2046]]}},{"type":"Feature","properties":{"fclass":"secondary_link"},"geometry":{"type":"LineString","coordinates":[[112.94603,28.2131],[112.94612,28.21326]]}},{"type":"Feature","properties":{"fclass":"secondary_link"},"geometry":{"type":"LineString","coordinates":[[112.94084,28.2039],[112.9405,28.20422],[112.9402,28.20493],[112.9402,28.20646],[112.94033,28.20698],[112.94079,28.20768],[112.94139,28.20825],[112.94253,28.20898],[112.94364,28.20996],[112.94473,28.21122],[112.94503,28.21157]]}},{"type":"Feature","properties":{"fclass":"unclassified"},"geometry":{"type":"LineString","coordinates":[[112.94569,28.21238],[112.945,28.21138],[112.94473,28.21122]]}},{"type":"Feature","properties":{"fclass":"secondary_link"},"geometry":{"type":"LineString","coordinates":[[112.94503,28.21157],[112.94517,28.21172],[112.94603,28.2131]]}},{"type":"Feature","properties":{"fclass":"secondary_link"},"geometry":{"type":"LineString","coordinates":[[112.94595,28.21313],[112.94579,28.21288],[112.94497,28.2116]]}},{"type":"Feature","properties":{"fclass":"tertiary"},"geometry":{"type":"LineString","coordinates":[[112.98264,28.20158],[112.98129,28.20171],[112.98019,28.20182],[112.98006,28.20184]]}},{"type":"Feature","properties":{"fclass":"tertiary"},"geometry":{"type":"LineString","coordinates":[[112.98003,28.20154],[112.98258,28.20141]]}},{"type":"Feature","properties":{"fclass":"secondary"},"geometry":{"type":"LineString","coordinates":[[112.97063,28.20331],[112.97075,28.20362]]}},{"type":"Feature","properties":{"fclass":"unclassified"},"geometry":{"type":"LineString","coordinates":[[112.99369,28.19796],[112.9918,28.19812],[112.99162,28.19831]]}},{"type":"Feature","properties":{"fclass":"tertiary"},"geometry":{"type":"LineString","coordinates":[[112.98643,28.19808],[112.98642,28.19821],[112.98621,28.19953],[112.98589,28.2012],[112.98587,28.20132],[112.98585,28.20138],[112.98586,28.20176],[112.98602,28.20302],[112.98615,28.20396],[112.98629,28.20461],[112.98653,28.2052],[112.98684,28.2058],[112.98686,28.20584],[112.98705,28.20619],[112.9871,28.20655],[112.9871,28.20687],[112.98708,28.20713]]}},{"type":"Feature","properties":{"fclass":"primary"},"geometry":{"type":"LineString","coordinates":[[112.90797,28.20246],[112.90766,28.20229]]}},{"type":"Feature","properties":{"fclass":"footway"},"geometry":{"type":"LineString","coordinates":[[112.92878,28.20665],[112.9288,28.20667],[112.92881,28.20669],[112.92881,28.2067],[112.92881,28.20671],[112.92881,28.20671],[112.92879,28.20672],[112.92879,28.20674],[112.92878,28.20676],[112.92877,28.20678]]}},{"type":"Feature","properties":{"fclass":"footway"},"geometry":{"type":"LineString","coordinates":[[112.92881,28.20681],[112.9288,28.2068],[112.92878,28.20679],[112.92877,28.20678],[112.92876,28.20678],[112.92874,28.20678],[112.92873,28.20677],[112.92872,28.20675],[112.9287,28.20673],[112.92869,28.20672]]}},{"type":"Feature","properties":{"fclass":"footway"},"geometry":{"type":"LineString","coordinates":[[112.92881,28.20671],[112.92884,28.20671],[112.92886,28.2067],[112.92887,28.20669],[112.92887,28.20667],[112.92888,28.20666],[112.92888,28.20664],[112.92888,28.20663],[112.92888,28.20662],[112.92888,28.20661]]}},{"type":"Feature","properties":{"fclass":"footway"},"geometry":{"type":"LineString","coordinates":[[112.92863,28.20679],[112.92865,28.20682],[112.92867,28.20687],[112.92868,28.20689],[112.92866,28.2069],[112.92866,28.20692],[112.92867,28.20694],[112.92869,28.20694],[112.92871,28.20693],[112.92872,28.20691],[112.92872,28.20691]]}},{"type":"Feature","properties":{"fclass":"residential"},"geometry":{"type":"LineString","coordinates":[[112.92906,28.20603],[112.92908,28.20613],[112.92912,28.20635],[112.92916,28.20643],[112.92924,28.20647],[112.92941,28.20648],[112.92955,28.20648],[112.92967,28.20649],[112.92978,28.20655],[112.92983,28.2066],[112.92988,28.20668],[112.9299,28.20674]]}},{"type":"Feature","properties":{"fclass":"footway"},"geometry":{"type":"LineString","coordinates":[[112.93162,28.20808],[112.93169,28.20795],[112.9318,28.20782],[112.93188,28.20775],[112.93192,28.20768],[112.93194,28.20752]]}},{"type":"Feature","properties":{"fclass":"residential"},"geometry":{"type":"LineString","coordinates":[[112.92707,28.2079],[112.92698,28.208],[112.92688,28.20817],[112.9269,28.20839],[112.92702,28.20856]]}},{"type":"Feature","properties":{"fclass":"residential"},"geometry":{"type":"LineString","coordinates":[[112.92949,28.2069],[112.92971,28.2068],[112.9299,28.20674],[112.93009,28.20671],[112.93029,28.2067],[112.93052,28.20671],[112.93068,28.20674],[112.93086,28.20679],[112.93105,28.20687],[112.93121,28.20696],[112.93144,28.20711],[112.9316,28.20722],[112.93182,28.20732],[112.93201,28.20738],[112.93218,28.20742],[112.93243,28.20746],[112.9327,28.20747],[112.93282,28.20746]]}},{"type":"Feature","properties":{"fclass":"footway"},"geometry":{"type":"LineString","coordinates":[[112.92868,28.20689],[112.92872,28.20691],[112.92874,28.20691],[112.92876,28.2069],[112.92878,28.20688],[112.92879,28.20686],[112.92879,28.20684],[112.9288,28.20683],[112.92881,28.20681],[112.92883,28.20681],[112.92884,28.20681],[112.92886,28.20681],[112.92887,28.20681],[112.92888,28.2068],[112.92889,28.20678],[112.9289,28.20677],[112.92891,28.20675],[112.92892,28.20674],[112.92893,28.20673]]}},{"type":"Feature","properties":{"fclass":"residential"},"geometry":{"type":"LineString","coordinates":[[112.93353,28.20731],[112.93366,28.20726],[112.93377,28.20723],[112.934,28.20719],[112.93421,28.20717],[112.93448,28.20718],[112.93466,28.20719],[112.93494,28.20727],[112.93535,28.20731],[112.93571,28.20731],[112.9361,28.20726],[112.93645,28.20717],[112.93677,28.20705],[112.93678,28.20705],[112.93708,28.2069],[112.93734,28.20671],[112.93756,28.20652],[112.93785,28.20623],[112.93802,28.20599],[112.93818,28.20585],[112.93833,28.20575]]}},{"type":"Feature","properties":{"fclass":"footway"},"geometry":{"type":"LineString","coordinates":[[112.92892,28.20666],[112.92888,28.20664]]}},{"type":"Feature","properties":{"fclass":"residential"},"geometry":{"type":"LineString","coordinates":[[112.93282,28.20746],[112.93353,28.20731]]}},{"type":"Feature","properties":{"fclass":"residential"},"geometry":{"type":"LineString","coordinates":[[112.93833,28.20575],[112.93889,28.20562]]}},{"type":"Feature","properties":{"fclass":"residential"},"geometry":{"type":"LineString","coordinates":[[112.92903,28.20723],[112.92949,28.2069]]}},{"type":"Feature","properties":{"fclass":"residential"},"geometry":{"type":"LineString","coordinates":[[112.93889,28.20562],[112.9391,28.20564],[112.93943,28.20573],[112.93964,28.20586],[112.93984,28.20607],[112.93994,28.2063],[112.94,28.2065],[112.94012,28.20691],[112.94025,28.2072],[112.94048,28.20757],[112.94057,28.20768],[112.94079,28.20793],[112.94105,28.20815],[112.94133,28.20834],[112.94158,28.20852],[112.9418,28.20867],[112.94233,28.20904],[112.94276,28.20938],[112.94325,28.20981],[112.94392,28.21049],[112.94442,28.21104],[112.9445,28.21114],[112.94481,28.21153],[112.94544,28.21242],[112.94547,28.21248]]}},{"type":"Feature","properties":{"fclass":"footway"},"geometry":{"type":"LineString","coordinates":[[112.92902,28.20661],[112.929,28.2066],[112.92899,28.20658]]}},{"type":"Feature","properties":{"fclass":"residential"},"geometry":{"type":"LineString","coordinates":[[112.92806,28.20749],[112.92844,28.20744],[112.92871,28.20739],[112.92903,28.20723]]}},{"type":"Feature","properties":{"fclass":"footway"},"geometry":{"type":"LineString","coordinates":[[112.92879,28.20686],[112.92881,28.20686],[112.92884,28.20686],[112.92887,28.20687],[112.92889,28.20687],[112.92891,28.20688],[112.92892,28.20688],[112.92894,28.20687],[112.92894,28.20686],[112.92893,28.20685],[112.92893,28.20683],[112.92894,28.20682],[112.92896,28.20682],[112.92898,28.20683],[112.92899,28.20684],[112.929,28.20684],[112.92901,28.20684],[112.92903,28.20683],[112.92903,28.20681],[112.92903,28.20678],[112.92903,28.20676],[112.92904,28.20675],[112.92905,28.20674],[112.92907,28.20672],[112.92909,28.20671],[112.92911,28.2067],[112.92912,28.20668],[112.92914,28.20666],[112.92914,28.20664],[112.92914,28.20662],[112.92912,28.20661],[112.9291,28.20661],[112.92908,28.20661],[112.92906,28.2066],[112.92905,28.2066],[112.92903,28.20661],[112.92902,28.20661],[112.92901,28.20661],[112.92899,28.20663],[112.92897,28.20664],[112.92894,28.20665],[112.92892,28.20666],[112.92892,28.20667],[112.92892,28.20669],[112.92892,28.20671],[112.92893,28.20673],[112.92894,28.20673],[112.92897,28.20673],[112.92899,28.20674],[112.92901,28.20676],[112.92903,28.20676]]}},{"type":"Feature","properties":{"fclass":"residential"},"geometry":{"type":"LineString","coordinates":[[112.92806,28.20749],[112.92798,28.20756],[112.92779,28.2076],[112.9276,28.20764],[112.9274,28.20773],[112.92707,28.2079]]}},{"type":"Feature","properties":{"fclass":"residential"},"geometry":{"type":"LineString","coordinates":[[112.92696,28.20784],[112.92726,28.20768],[112.92758,28.20755],[112.92783,28.2075],[112.92798,28.20748],[112.92806,28.20749]]}},{"type":"Feature","properties":{"fclass":"residential"},"geometry":{"type":"LineString","coordinates":[[112.92692,28.20859],[112.92685,28.20847],[112.92678,28.20832],[112.92678,28.20816],[112.92683,28.20803],[112.92692,28.2079],[112.92696,28.20784]]}},{"type":"Feature","properties":{"fclass":"path"},"geometry":{"type":"LineString","coordinates":[[112.93751,28.15394],[112.93763,28.15387],[112.93771,28.15384],[112.9378,28.15381],[112.93788,28.15378],[112.93794,28.15375],[112.938,28.15372],[112.93803,28.1537],[112.93807,28.15368],[112.9381,28.15367],[112.93814,28.15364],[112.93817,28.15359],[112.93824,28.15352],[112.93827,28.1535]]}},{"type":"Feature","properties":{"fclass":"footway"},"geometry":{"type":"LineString","coordinates":[[112.93133,28.20901],[112.93147,28.20905],[112.93152,28.20909],[112.93155,28.20912],[112.93154,28.20916],[112.93149,28.20919],[112.93145,28.20921],[112.93143,28.20924],[112.93144,28.20928],[112.93145,28.20934],[112.93143,28.2094],[112.93138,28.20947],[112.93133,28.20952],[112.93128,28.20954]]}},{"type":"Feature","properties":{"fclass":"service"},"geometry":{"type":"LineString","coordinates":[[112.93405,28.21449],[112.93417,28.2143],[112.93422,28.21421],[112.93429,28.21417],[112.93436,28.21416],[112.93445,28.21418],[112.93455,28.21421],[112.93465,28.21421],[112.93471,28.21418],[112.93488,28.21409],[112.93499,28.21405],[112.93512,28.21403],[112.93524,28.21402],[112.93536,28.21398],[112.93549,28.2139],[112.93559,28.21381],[112.93567,28.21369],[112.9357,28.21361],[112.93572,28.21349]]}},{"type":"Feature","properties":{"fclass":"residential"},"geometry":{"type":"LineString","coordinates":[[112.92734,28.20922],[112.92692,28.20859]]}},{"type":"Feature","properties":{"fclass":"footway"},"geometry":{"type":"LineString","coordinates":[[112.93139,28.20881],[112.93162,28.20808]]}},{"type":"Feature","properties":{"fclass":"residential"},"geometry":{"type":"LineString","coordinates":[[112.92958,28.21144],[112.92912,28.21123]]}},{"type":"Feature","properties":{"fclass":"footway"},"geometry":{"type":"LineString","coordinates":[[112.93154,28.21308],[112.93159,28.21303]]}},{"type":"Feature","properties":{"fclass":"footway"},"geometry":{"type":"LineString","coordinates":[[112.93131,28.21025],[112.93131,28.21008]]}},{"type":"Feature","properties":{"fclass":"residential"},"geometry":{"type":"LineString","coordinates":[[112.92702,28.20856],[112.92737,28.20909],[112.92743,28.20917]]}},{"type":"Feature","properties":{"fclass":"footway"},"geometry":{"type":"LineString","coordinates":[[112.93131,28.21008],[112.9313,28.20986]]}},{"type":"Feature","properties":{"fclass":"footway"},"geometry":{"type":"LineString","coordinates":[[112.93194,28.21259],[112.93213,28.21236]]}},{"type":"Feature","properties":{"fclass":"footway"},"geometry":{"type":"LineString","coordinates":[[112.93159,28.21303],[112.93194,28.21259]]}},{"type":"Feature","properties":{"fclass":"residential"},"geometry":{"type":"LineString","coordinates":[[112.92917,28.21116],[112.92962,28.21137]]}},{"type":"Feature","properties":{"fclass":"residential"},"geometry":{"type":"LineString","coordinates":[[112.93224,28.21213],[112.93248,28.21235],[112.93297,28.21294],[112.93376,28.21389],[112.93405,28.21411],[112.93437,28.21429],[112.93476,28.2144],[112.93511,28.21441],[112.93547,28.21436],[112.93586,28.21425],[112.93648,28.21407],[112.93678,28.21402],[112.93709,28.21401],[112.93855,28.2141],[112.93952,28.21417],[112.93995,28.21424],[112.94039,28.21436],[112.94084,28.21454],[112.94128,28.21465],[112.94155,28.21467],[112.94193,28.21461],[112.94228,28.21447],[112.94263,28.2142],[112.943,28.21387],[112.94326,28.21358],[112.94348,28.21338],[112.94413,28.21304],[112.94433,28.21295],[112.94464,28.2128],[112.94484,28.21271],[112.94544,28.21242]]}},{"type":"Feature","properties":{"fclass":"residential"},"geometry":{"type":"LineString","coordinates":[[112.94547,28.21248],[112.9449,28.21278],[112.94418,28.21312],[112.94351,28.21348],[112.9433,28.2137],[112.94306,28.21398],[112.94243,28.21449],[112.94218,28.21465],[112.94177,28.21477],[112.94142,28.21479],[112.9411,28.21473],[112.94061,28.21455],[112.94025,28.21442],[112.93988,28.21432],[112.9395,28.21427],[112.93854,28.21419],[112.93744,28.21413],[112.93725,28.21412],[112.93686,28.21411],[112.93657,28.21415],[112.93582,28.21437],[112.93566,28.21441],[112.93535,28.21449],[112.935,28.21451],[112.93474,28.21448],[112.93433,28.21436],[112.934,28.21419],[112.93374,28.21402],[112.93355,28.21382],[112.9324,28.21237],[112.93215,28.21217]]}},{"type":"Feature","properties":{"fclass":"residential"},"geometry":{"type":"LineString","coordinates":[[112.93135,28.21187],[112.93179,28.21196],[112.93224,28.21213]]}},{"type":"Feature","properties":{"fclass":"residential"},"geometry":{"type":"LineString","coordinates":[[112.93215,28.21217],[112.93179,28.21203],[112.93131,28.21196]]}},{"type":"Feature","properties":{"fclass":"residential"},"geometry":{"type":"LineString","coordinates":[[112.92962,28.21137],[112.93046,28.2117],[112.93097,28.21182],[112.93135,28.21187]]}},{"type":"Feature","properties":{"fclass":"residential"},"geometry":{"type":"LineString","coordinates":[[112.92743,28.20917],[112.92759,28.20942],[112.92797,28.20997],[112.92825,28.21039],[112.92846,28.21063],[112.9288,28.21093],[112.92917,28.21116]]}},{"type":"Feature","properties":{"fclass":"residential"},"geometry":{"type":"LineString","coordinates":[[112.93131,28.21196],[112.93077,28.21187],[112.93043,28.21179],[112.93016,28.21169],[112.92958,28.21144]]}},{"type":"Feature","properties":{"fclass":"residential"},"geometry":{"type":"LineString","coordinates":[[112.92912,28.21123],[112.92888,28.2111],[112.92857,28.21089],[112.92837,28.2107],[112.92816,28.21046],[112.92734,28.20922]]}},{"type":"Feature","properties":{"fclass":"footway"},"geometry":{"type":"LineString","coordinates":[[112.9313,28.20986],[112.93129,28.20977],[112.93128,28.20954],[112.93128,28.20938],[112.9313,28.20914],[112.9313,28.20911],[112.93133,28.20901],[112.93135,28.20895],[112.93139,28.20881]]}},{"type":"Feature","properties":{"fclass":"service"},"geometry":{"type":"LineString","coordinates":[[112.93332,28.20728],[112.9331,28.20747],[112.93307,28.20749],[112.93291,28.20758],[112.93269,28.20764],[112.93246,28.20763],[112.93216,28.20758],[112.93194,28.20752],[112.93161,28.2074],[112.93136,28.20726],[112.93116,28.20711],[112.93097,28.207],[112.93078,28.20693],[112.93062,28.20689],[112.93041,28.20687],[112.93016,28.20687],[112.93013,28.20687],[112.93005,28.20688],[112.9299,28.20691],[112.92966,28.20698],[112.92945,28.207],[112.92916,28.20702],[112.92883,28.20707],[112.9284,28.20714],[112.92792,28.20726],[112.92751,28.20738],[112.92703,28.20759],[112.9267,28.20777],[112.92654,28.20788],[112.92648,28.20799],[112.92646,28.20814],[112.92648,28.20824],[112.92655,28.20842],[112.92777,28.21025],[112.92806,28.21063],[112.92837,28.21096],[112.92865,28.21116],[112.92911,28.21145],[112.92949,28.21163],[112.93016,28.21188],[112.93066,28.21204],[112.93102,28.21211],[112.93136,28.21217],[112.93193,28.21228],[112.93213,28.21236],[112.93229,28.2125],[112.93287,28.21324],[112.93353,28.21406],[112.93373,28.21428],[112.93392,28.21442],[112.93405,28.21449],[112.93417,28.21456],[112.93445,28.21467],[112.9347,28.21473],[112.93501,28.21474],[112.9353,28.21474],[112.93577,28.21469],[112.93604,28.21461],[112.93691,28.21434],[112.93739,28.21432],[112.93859,28.21437],[112.93951,28.21442],[112.93999,28.21452],[112.94065,28.21478],[112.9411,28.21494],[112.9412,28.21498],[112.9415,28.21503],[112.94183,28.21503],[112.94211,28.21495],[112.94237,28.21483],[112.94265,28.21466],[112.94286,28.21449],[112.94308,28.21432],[112.94338,28.21401],[112.94374,28.21365],[112.94387,28.21351],[112.94411,28.21336],[112.94555,28.21267],[112.9465,28.21222],[112.9477,28.21166],[112.94785,28.21162],[112.94798,28.2116],[112.94813,28.21159],[112.94875,28.21156],[112.95081,28.21148],[112.95118,28.21149],[112.95217,28.21149]]}},{"type":"Feature","properties":{"fclass":"cycleway"},"geometry":{"type":"LineString","coordinates":[[112.9378,28.20584],[112.93791,28.20571],[112.93805,28.2056],[112.93818,28.20556],[112.9382,28.20556],[112.93832,28.20554],[112.93847,28.20556],[112.93857,28.20559],[112.93859,28.2056],[112.9388,28.20573],[112.93897,28.20581],[112.93925,28.20588],[112.93943,28.20596],[112.93957,28.20605],[112.93964,28.20616],[112.93967,28.20628],[112.93967,28.2063],[112.93966,28.20658],[112.93967,28.20687],[112.9397,28.20701],[112.93976,28.20725],[112.93982,28.20743],[112.93997,28.20773],[112.9403,28.20813],[112.94056,28.20842],[112.94063,28.2085],[112.94085,28.20876],[112.94094,28.20886],[112.94135,28.20921],[112.94149,28.20932],[112.94176,28.20955],[112.94181,28.20957],[112.942,28.20967],[112.94236,28.20981],[112.94244,28.20985],[112.94256,28.20991],[112.94258,28.20992],[112.94281,28.2101],[112.94292,28.21023],[112.94297,28.2103],[112.94302,28.21038],[112.94307,28.21046],[112.94316,28.21069],[112.94323,28.21093],[112.94324,28.21094],[112.94336,28.21114],[112.94339,28.21119],[112.94349,28.21133],[112.94366,28.21164],[112.94374,28.21184],[112.94378,28.21204],[112.94381,28.21216],[112.94384,28.21241],[112.94381,28.2126],[112.94371,28.21277],[112.94355,28.21304],[112.94342,28.21316],[112.94316,28.21329],[112.94298,28.21336],[112.94282,28.21352],[112.94269,28.21369],[112.94251,28.21393],[112.94234,28.21408],[112.94214,28.21419],[112.94191,28.21428],[112.94164,28.21432],[112.94135,28.21432],[112.94104,28.21425],[112.94077,28.2141],[112.94062,28.21397],[112.94042,28.21375],[112.94022,28.21354],[112.94001,28.21339],[112.93975,28.21325],[112.93963,28.21321],[112.93937,28.21313],[112.93907,28.21308],[112.93903,28.21307],[112.93876,28.21307],[112.93845,28.2131],[112.93827,28.21315],[112.93811,28.21325],[112.93797,28.21341],[112.93792,28.21346],[112.93772,28.21362],[112.93751,28.21372],[112.93722,28.21376],[112.93692,28.21377],[112.93671,28.21372],[112.9365,28.21361],[112.93645,28.21359],[112.93614,28.21349],[112.93592,28.21347],[112.93572,28.21349],[112.935,28.21354]]}},{"type":"Feature","properties":{"fclass":"tertiary"},"geometry":{"type":"LineString","coordinates":[[112.98187,28.19146],[112.982,28.19155],[112.98212,28.19169],[112.98235,28.19204],[112.9826,28.19242],[112.98286,28.19287],[112.98295,28.193],[112.98309,28.19323],[112.98325,28.1935],[112.98339,28.1938],[112.98343,28.19411],[112.98344,28.19419]]}},{"type":"Feature","properties":{"fclass":"residential"},"geometry":{"type":"LineString","coordinates":[[112.98923,28.17367],[112.9882,28.17388],[112.98829,28.17428],[112.98833,28.17444],[112.98841,28.1745],[112.98851,28.17451],[112.98951,28.17453],[112.98958,28.17452],[112.9897,28.1745]]}},{"type":"Feature","properties":{"fclass":"footway"},"geometry":{"type":"LineString","coordinates":[[112.92792,28.16766],[112.92726,28.16755],[112.92718,28.16758],[112.92711,28.16768],[112.92707,28.16777],[112.92694,28.16785],[112.92687,28.16805],[112.92686,28.1681],[112.92684,28.16814],[112.92682,28.16825],[112.92679,28.16843],[112.92676,28.1686],[112.92672,28.16881],[112.92663,28.16971],[112.92671,28.16975],[112.92685,28.16982],[112.92687,28.16998]]}},{"type":"Feature","properties":{"fclass":"path"},"geometry":{"type":"LineString","coordinates":[[112.92789,28.16782],[112.9276,28.16789],[112.92741,28.16808],[112.92737,28.16812],[112.92686,28.1681]]}},{"type":"Feature","properties":{"fclass":"path"},"geometry":{"type":"LineString","coordinates":[[112.92737,28.16812],[112.92735,28.16829],[112.92733,28.16847],[112.92731,28.16866],[112.92728,28.16888],[112.92672,28.16881]]}},{"type":"Feature","properties":{"fclass":"path"},"geometry":{"type":"LineString","coordinates":[[112.92728,28.16888],[112.92768,28.16893],[112.9277,28.16893]]}},{"type":"Feature","properties":{"fclass":"path"},"geometry":{"type":"LineString","coordinates":[[112.92676,28.1686],[112.92731,28.16866],[112.92774,28.1687]]}},{"type":"Feature","properties":{"fclass":"path"},"geometry":{"type":"LineString","coordinates":[[112.92679,28.16843],[112.92733,28.16847],[112.92777,28.16851]]}},{"type":"Feature","properties":{"fclass":"path"},"geometry":{"type":"LineString","coordinates":[[112.92682,28.16825],[112.92735,28.16829],[112.9278,28.16833]]}},{"type":"Feature","properties":{"fclass":"path"},"geometry":{"type":"LineString","coordinates":[[112.92777,28.16851],[112.92821,28.16855],[112.92814,28.16897],[112.92774,28.16893],[112.9277,28.16893]]}},{"type":"Feature","properties":{"fclass":"path"},"geometry":{"type":"LineString","coordinates":[[112.92821,28.16855],[112.92837,28.16853],[112.92858,28.16873],[112.92899,28.16888],[112.92915,28.16897]]}},{"type":"Feature","properties":{"fclass":"residential"},"geometry":{"type":"LineString","coordinates":[[112.96894,28.20861],[112.96898,28.20891],[112.969,28.20906],[112.96896,28.20939],[112.96906,28.21001],[112.969,28.21031],[112.96896,28.21048],[112.96895,28.2105],[112.96896,28.21067]]}},{"type":"Feature","properties":{"fclass":"residential"},"geometry":{"type":"LineString","coordinates":[[112.96896,28.21067],[112.96896,28.21149],[112.96909,28.2115],[112.97034,28.21152],[112.97037,28.21158],[112.97056,28.21159],[112.97067,28.21178],[112.97143,28.21159]]}},{"type":"Feature","properties":{"fclass":"residential"},"geometry":{"type":"LineString","coordinates":[[112.97056,28.2132],[112.97063,28.21283],[112.97049,28.2127],[112.97049,28.21235],[112.97067,28.21235],[112.97065,28.21206],[112.97118,28.21209],[112.97145,28.21205]]}},{"type":"Feature","properties":{"fclass":"unknown"},"geometry":{"type":"LineString","coordinates":[[112.96977,28.21317],[112.96992,28.21284],[112.96995,28.21284],[112.96999,28.21285],[112.97001,28.21277],[112.97004,28.2127],[112.97002,28.2126],[112.9691,28.21223],[112.96909,28.2115]]}},{"type":"Feature","properties":{"fclass":"footway"},"geometry":{"type":"LineString","coordinates":[[112.982,28.1929],[112.98156,28.19297]]}},{"type":"Feature","properties":{"fclass":"footway"},"geometry":{"type":"LineString","coordinates":[[112.98156,28.19297],[112.98161,28.19326],[112.98153,28.19327],[112.9814,28.19329],[112.98112,28.19269],[112.98077,28.19275],[112.98058,28.19245],[112.98042,28.19249],[112.98031,28.19249],[112.98023,28.19245],[112.98016,28.19238],[112.97973,28.19256]]}},{"type":"Feature","properties":{"fclass":"footway"},"geometry":{"type":"LineString","coordinates":[[112.97752,28.18785],[112.97757,28.18794]]}},{"type":"Feature","properties":{"fclass":"footway"},"geometry":{"type":"LineString","coordinates":[[112.97757,28.18794],[112.9776,28.18801]]}},{"type":"Feature","properties":{"fclass":"footway"},"geometry":{"type":"LineString","coordinates":[[112.97679,28.18814],[112.97692,28.18808],[112.97751,28.18783],[112.97752,28.18785]]}},{"type":"Feature","properties":{"fclass":"footway"},"geometry":{"type":"LineString","coordinates":[[112.98209,28.19345],[112.98203,28.19312],[112.982,28.1929]]}},{"type":"Feature","properties":{"fclass":"residential"},"geometry":{"type":"LineString","coordinates":[[112.98577,28.19287],[112.98573,28.19409],[112.98566,28.19409]]}},{"type":"Feature","properties":{"fclass":"footway"},"geometry":{"type":"LineString","coordinates":[[112.98016,28.19238],[112.98091,28.19209],[112.98136,28.19207],[112.98153,28.19327]]}},{"type":"Feature","properties":{"fclass":"service"},"geometry":{"type":"LineString","coordinates":[[112.98187,28.19315],[112.98203,28.19312],[112.98238,28.19306],[112.9826,28.19302],[112.98286,28.19287]]}},{"type":"Feature","properties":{"fclass":"service"},"geometry":{"type":"LineString","coordinates":[[112.98309,28.19323],[112.9829,28.19331],[112.98273,28.19336],[112.98209,28.19345],[112.98192,28.19348]]}},{"type":"Feature","properties":{"fclass":"residential"},"geometry":{"type":"LineString","coordinates":[[112.90714,28.21909],[112.90731,28.21845],[112.9078,28.21658],[112.90819,28.21515],[112.9082,28.21512],[112.90853,28.21389]]}},{"type":"Feature","properties":{"fclass":"residential"},"geometry":{"type":"LineString","coordinates":[[112.90552,28.21616],[112.90563,28.21616],[112.90774,28.21657],[112.9078,28.21658],[112.90861,28.21674],[112.9088,28.21678]]}},{"type":"Feature","properties":{"fclass":"tertiary"},"geometry":{"type":"LineString","coordinates":[[112.90867,28.21963],[112.90861,28.21885],[112.90862,28.21868],[112.90863,28.21863],[112.9087,28.21726],[112.9088,28.21678],[112.90898,28.21591],[112.90912,28.21538],[112.90913,28.21535],[112.90931,28.21467],[112.90945,28.21418]]}},{"type":"Feature","properties":{"fclass":"residential"},"geometry":{"type":"LineString","coordinates":[[112.90243,28.22169],[112.90245,28.22137],[112.90249,28.21871],[112.9025,28.21858],[112.90256,28.21832],[112.90289,28.21691],[112.90313,28.21591],[112.90317,28.21573]]}},{"type":"Feature","properties":{"fclass":"tertiary"},"geometry":{"type":"LineString","coordinates":[[112.88313,28.20903],[112.88346,28.20916],[112.88385,28.20932],[112.88621,28.21032],[112.88707,28.21069],[112.88715,28.21073],[112.88725,28.21077],[112.88779,28.21101],[112.89089,28.21256],[112.89214,28.21312],[112.89291,28.21337],[112.89379,28.21356],[112.895,28.21377],[112.89623,28.21405],[112.89631,28.21407],[112.89632,28.21407],[112.89985,28.21497],[112.90024,28.21506],[112.90024,28.21506],[112.90038,28.21509],[112.90041,28.21509],[112.90294,28.21562],[112.90319,28.21567],[112.90554,28.21611],[112.90563,28.21616]]}},{"type":"Feature","properties":{"fclass":"trunk"},"geometry":{"type":"LineString","coordinates":[[112.98583,28.15016],[112.98645,28.1503],[112.98713,28.15045],[112.98765,28.15052],[112.98776,28.15054]]}},{"type":"Feature","properties":{"fclass":"trunk"},"geometry":{"type":"LineString","coordinates":[[112.98774,28.15062],[112.98761,28.15061],[112.9871,28.15052],[112.98641,28.15037],[112.98581,28.1502]]}},{"type":"Feature","properties":{"fclass":"trunk_link"},"geometry":{"type":"LineString","coordinates":[[112.98938,28.14995],[112.98983,28.15012],[112.99027,28.15026],[112.99054,28.15033],[112.99073,28.15036],[112.99098,28.15038],[112.99121,28.15039],[112.99241,28.15029]]}},{"type":"Feature","properties":{"fclass":"trunk"},"geometry":{"type":"LineString","coordinates":[[112.98895,28.15063],[112.98942,28.15064],[112.99008,28.15061],[112.99064,28.15056],[112.99117,28.15048],[112.99122,28.15047],[112.99183,28.15037],[112.99241,28.15029],[112.99289,28.15027],[112.99332,28.15029],[112.99368,28.15037],[112.99391,28.15045],[112.99697,28.1514],[113,28.1524],[113.00204,28.15309],[113.00253,28.15325],[113.00288,28.15338]]}},{"type":"Feature","properties":{"fclass":"trunk_link"},"geometry":{"type":"LineString","coordinates":[[112.98841,28.15262],[112.98839,28.1531],[112.98837,28.15374]]}},{"type":"Feature","properties":{"fclass":"trunk_link"},"geometry":{"type":"LineString","coordinates":[[112.98773,28.14979],[112.98725,28.1499],[112.98711,28.14998],[112.98705,28.15009],[112.98704,28.15019],[112.98707,28.15027],[112.98714,28.15032],[112.98725,28.15038],[112.98765,28.15052]]}},{"type":"Feature","properties":{"fclass":"tertiary"},"geometry":{"type":"LineString","coordinates":[[112.98863,28.14927],[112.98863,28.14939],[112.98867,28.14947],[112.98874,28.14959],[112.98884,28.14967],[112.98872,28.15007],[112.98869,28.15017],[112.98871,28.15029],[112.98872,28.15042],[112.98876,28.15052]]}},{"type":"Feature","properties":{"fclass":"service"},"geometry":{"type":"LineString","coordinates":[[112.98791,28.15044],[112.98779,28.15071]]}},{"type":"Feature","properties":{"fclass":"tertiary"},"geometry":{"type":"LineString","coordinates":[[112.98771,28.15089],[112.98783,28.15119],[112.98793,28.15151],[112.98803,28.15185],[112.98807,28.15289]]}},{"type":"Feature","properties":{"fclass":"trunk_link"},"geometry":{"type":"LineString","coordinates":[[112.9891,28.14994],[112.98885,28.14987],[112.9887,28.14988],[112.9886,28.14993],[112.98852,28.15001],[112.98848,28.15008],[112.98846,28.15016],[112.98846,28.15027],[112.98848,28.15035],[112.98852,28.15045]]}},{"type":"Feature","properties":{"fclass":"trunk_link"},"geometry":{"type":"LineString","coordinates":[[112.98891,28.15059],[112.98935,28.15057],[112.98943,28.15055],[112.98954,28.1505],[112.9896,28.15043],[112.98964,28.15033],[112.98963,28.15025],[112.9896,28.15017],[112.9895,28.15007],[112.98939,28.15003],[112.9891,28.14994]]}},{"type":"Feature","properties":{"fclass":"tertiary"},"geometry":{"type":"LineString","coordinates":[[112.98876,28.15052],[112.98883,28.15075]]}},{"type":"Feature","properties":{"fclass":"trunk_link"},"geometry":{"type":"LineString","coordinates":[[112.98813,28.15234],[112.98808,28.15184],[112.98804,28.1516],[112.98795,28.15125],[112.98789,28.15106]]}},{"type":"Feature","properties":{"fclass":"service"},"geometry":{"type":"LineString","coordinates":[[112.98783,28.14957],[112.98796,28.14986],[112.98799,28.14996],[112.988,28.15012],[112.98797,28.15031],[112.98791,28.15044]]}},{"type":"Feature","properties":{"fclass":"tertiary"},"geometry":{"type":"LineString","coordinates":[[112.99233,28.15043],[112.99195,28.15058],[112.9911,28.15075],[112.98994,28.15095],[112.98895,28.15102],[112.98878,28.15122],[112.98851,28.15187],[112.98849,28.15216],[112.98849,28.15314]]}},{"type":"Feature","properties":{"fclass":"trunk"},"geometry":{"type":"LineString","coordinates":[[112.98581,28.1502],[112.98513,28.15],[112.98475,28.14984],[112.9847,28.14982],[112.9842,28.1496],[112.98374,28.14936]]}},{"type":"Feature","properties":{"fclass":"trunk"},"geometry":{"type":"LineString","coordinates":[[112.98776,28.15054],[112.98811,28.15057],[112.98842,28.1506],[112.98891,28.15063],[112.98895,28.15063]]}},{"type":"Feature","properties":{"fclass":"tertiary"},"geometry":{"type":"LineString","coordinates":[[112.98883,28.15075],[112.98895,28.15102]]}},{"type":"Feature","properties":{"fclass":"trunk"},"geometry":{"type":"LineString","coordinates":[[112.98895,28.1507],[112.98842,28.15068],[112.9881,28.15065],[112.98774,28.15062]]}},{"type":"Feature","properties":{"fclass":"trunk_link"},"geometry":{"type":"LineString","coordinates":[[112.98574,28.15024],[112.98561,28.1502],[112.98513,28.15]]}},{"type":"Feature","properties":{"fclass":"footway"},"geometry":{"type":"LineString","coordinates":[[112.92961,28.18394],[112.92966,28.18396],[112.92966,28.18398],[112.92968,28.18398],[112.92969,28.18397],[112.92971,28.18396],[112.92972,28.18395],[112.92973,28.18392],[112.92974,28.18389],[112.92976,28.18387],[112.92979,28.18387],[112.92982,28.18386],[112.92989,28.18384],[112.92989,28.18383],[112.92993,28.18378],[112.92998,28.18376],[112.92999,28.18374],[112.93014,28.18375],[112.93017,28.18374],[112.93024,28.18369],[112.93028,28.18364],[112.93033,28.18362],[112.93037,28.18358],[112.93043,28.18352],[112.93046,28.18349],[112.93049,28.18347],[112.93051,28.18346],[112.93054,28.18344],[112.93055,28.18343],[112.93058,28.18341],[112.9306,28.1834],[112.93063,28.1834],[112.93066,28.18338],[112.93069,28.18337],[112.93072,28.18339],[112.93076,28.1834],[112.93079,28.18342],[112.93083,28.18341],[112.93093,28.18346],[112.93096,28.18348],[112.93097,28.18351],[112.93101,28.18353],[112.93108,28.18354],[112.93114,28.18357],[112.93119,28.1836],[112.93123,28.18364],[112.93126,28.18367],[112.93127,28.1837],[112.93124,28.18371],[112.93121,28.18372],[112.93118,28.18373],[112.93116,28.18372],[112.93114,28.18372],[112.93114,28.18374],[112.93117,28.18375],[112.93119,28.18378],[112.93127,28.18382],[112.93137,28.18386],[112.93145,28.18386],[112.93151,28.18383],[112.93158,28.18374],[112.93164,28.18368],[112.9317,28.18364],[112.93176,28.18366],[112.93181,28.1837],[112.93188,28.18374],[112.93194,28.18376],[112.93201,28.18376],[112.93202,28.18374],[112.93204,28.18372],[112.93206,28.18371],[112.93209,28.18372],[112.93214,28.1837],[112.93219,28.18369],[112.93223,28.18368],[112.93224,28.18366],[112.93224,28.18365],[112.93225,28.18364],[112.93228,28.18366],[112.93228,28.18369],[112.93228,28.18373],[112.93226,28.18378],[112.93224,28.18383],[112.93223,28.18386],[112.93222,28.18389],[112.93227,28.18392],[112.9323,28.18396],[112.93233,28.18397],[112.93234,28.18396],[112.93242,28.18397],[112.93242,28.18407],[112.93242,28.18413],[112.93241,28.18418],[112.9324,28.18419],[112.93239,28.18417],[112.93239,28.18423],[112.93246,28.18431],[112.93253,28.18436],[112.93263,28.18438],[112.93277,28.18437],[112.93301,28.18436],[112.93321,28.1844],[112.93336,28.18441],[112.93349,28.18433],[112.93346,28.18429],[112.93346,28.18422],[112.93343,28.18422],[112.9334,28.18415],[112.93343,28.18415],[112.93346,28.1841],[112.93356,28.18401],[112.93364,28.18393],[112.93371,28.18386],[112.93385,28.1838],[112.93396,28.18386],[112.93397,28.18378],[112.93399,28.18372],[112.93398,28.18371]]}},{"type":"Feature","properties":{"fclass":"service"},"geometry":{"type":"LineString","coordinates":[[112.9826,28.19242],[112.9832,28.19195],[112.98327,28.19195],[112.98411,28.19196],[112.98452,28.19197]]}},{"type":"Feature","properties":{"fclass":"service"},"geometry":{"type":"LineString","coordinates":[[112.98235,28.19204],[112.98263,28.19188],[112.98265,28.19175],[112.98327,28.19175],[112.98327,28.19195]]}},{"type":"Feature","properties":{"fclass":"pedestrian"},"geometry":{"type":"LineString","coordinates":[[112.9663,28.19885],[112.9663,28.19879],[112.96629,28.19765],[112.96629,28.19719],[112.96624,28.19655],[112.96621,28.19622],[112.96616,28.19582],[112.9661,28.19537]]}},{"type":"Feature","properties":{"fclass":"residential"},"geometry":{"type":"LineString","coordinates":[[112.94299,28.19234],[112.94316,28.19222]]}},{"type":"Feature","properties":{"fclass":"residential"},"geometry":{"type":"LineString","coordinates":[[112.94034,28.18908],[112.9401,28.18923],[112.93988,28.18999]]}},{"type":"Feature","properties":{"fclass":"residential"},"geometry":{"type":"LineString","coordinates":[[112.94044,28.18967],[112.94032,28.19006]]}},{"type":"Feature","properties":{"fclass":"footway"},"geometry":{"type":"LineString","coordinates":[[112.92705,28.18398],[112.92661,28.18408],[112.92637,28.1841],[112.92611,28.18402],[112.92585,28.18415],[112.9257,28.18437]]}},{"type":"Feature","properties":{"fclass":"footway"},"geometry":{"type":"LineString","coordinates":[[112.95603,28.17965],[112.956,28.17948],[112.95583,28.17948],[112.95562,28.17943],[112.95563,28.17929],[112.95573,28.17917],[112.95568,28.17899],[112.95567,28.17875]]}},{"type":"Feature","properties":{"fclass":"footway"},"geometry":{"type":"LineString","coordinates":[[112.95512,28.17986],[112.95521,28.17984],[112.95536,28.1798],[112.95531,28.17965],[112.9554,28.17952],[112.95562,28.17943]]}},{"type":"Feature","properties":{"fclass":"footway"},"geometry":{"type":"LineString","coordinates":[[112.95521,28.17984],[112.95551,28.18015],[112.95584,28.18025],[112.95628,28.18029]]}},{"type":"Feature","properties":{"fclass":"footway"},"geometry":{"type":"LineString","coordinates":[[112.95524,28.18572],[112.95649,28.18573]]}},{"type":"Feature","properties":{"fclass":"footway"},"geometry":{"type":"LineString","coordinates":[[112.95446,28.17653],[112.95486,28.17657],[112.9551,28.17655],[112.95534,28.17642],[112.95567,28.17638],[112.95613,28.17633]]}},{"type":"Feature","properties":{"fclass":"footway"},"geometry":{"type":"LineString","coordinates":[[112.9548,28.18078],[112.95504,28.18082],[112.95509,28.18065],[112.95515,28.18033],[112.95508,28.18004],[112.95512,28.17986],[112.95506,28.17968],[112.95507,28.17926],[112.95521,28.17902],[112.95546,28.17882],[112.95566,28.17874],[112.95567,28.17875],[112.95585,28.1788],[112.95606,28.17894],[112.95614,28.17915],[112.95613,28.17954],[112.95616,28.17994]]}},{"type":"Feature","properties":{"fclass":"tertiary"},"geometry":{"type":"LineString","coordinates":[[112.96828,28.19875],[112.96829,28.19863],[112.96833,28.19814],[112.96829,28.19712]]}},{"type":"Feature","properties":{"fclass":"footway"},"geometry":{"type":"LineString","coordinates":[[112.96942,28.22838],[112.96923,28.22679],[112.96904,28.22553],[112.96874,28.22364],[112.96856,28.22254],[112.96823,28.22071],[112.9678,28.21828],[112.96752,28.21783],[112.96744,28.21761],[112.96728,28.21653],[112.96728,28.2157],[112.96689,28.21444],[112.96708,28.21406],[112.96671,28.21345],[112.96714,28.2135],[112.96726,28.21327]]}},{"type":"Feature","properties":{"fclass":"primary_link"},"geometry":{"type":"LineString","coordinates":[[112.95568,28.19705],[112.95565,28.19719],[112.95565,28.19737],[112.95612,28.19925]]}},{"type":"Feature","properties":{"fclass":"service"},"geometry":{"type":"LineString","coordinates":[[112.95568,28.19705],[112.95595,28.19819],[112.95629,28.19944],[112.95663,28.20076],[112.95691,28.20197],[112.95706,28.20263],[112.95718,28.20331],[112.95722,28.2035],[112.9573,28.20367],[112.95748,28.20381],[112.95767,28.20392],[112.95801,28.20393],[112.9583,28.20389],[112.95876,28.20377],[112.95937,28.2036]]}},{"type":"Feature","properties":{"fclass":"secondary"},"geometry":{"type":"LineString","coordinates":[[112.94316,28.19222],[112.94286,28.19179],[112.9427,28.19152],[112.94266,28.19144],[112.94258,28.19116],[112.94259,28.19072],[112.94264,28.18997],[112.94272,28.18855],[112.94273,28.18774],[112.9427,28.1876],[112.94266,28.18741],[112.94241,28.18691],[112.94216,28.18659],[112.94156,28.18583]]}},{"type":"Feature","properties":{"fclass":"footway"},"geometry":{"type":"LineString","coordinates":[[112.94065,28.20906],[112.94061,28.20916],[112.9406,28.20924],[112.94061,28.20931],[112.94066,28.20938],[112.94073,28.20944],[112.94077,28.2095],[112.94081,28.20958]]}},{"type":"Feature","properties":{"fclass":"footway"},"geometry":{"type":"LineString","coordinates":[[112.94059,28.20966],[112.94073,28.2096],[112.94081,28.20958],[112.94088,28.20957],[112.94102,28.20955],[112.94119,28.20957],[112.94137,28.20963],[112.94153,28.20969],[112.94164,28.20977],[112.94173,28.20985],[112.94179,28.20992],[112.94182,28.20996]]}},{"type":"Feature","properties":{"fclass":"footway"},"geometry":{"type":"LineString","coordinates":[[112.94013,28.20912],[112.94012,28.20918],[112.94009,28.20924],[112.94005,28.2093],[112.94002,28.20934],[112.93999,28.2094],[112.93996,28.20944],[112.93993,28.20951],[112.93992,28.20956],[112.93994,28.20961],[112.93997,28.20966],[112.93999,28.20969],[112.94003,28.20973],[112.94009,28.20977],[112.94017,28.20979],[112.94026,28.20979],[112.94034,28.20977]]}},{"type":"Feature","properties":{"fclass":"footway"},"geometry":{"type":"LineString","coordinates":[[112.94119,28.20957],[112.94149,28.20932]]}},{"type":"Feature","properties":{"fclass":"footway"},"geometry":{"type":"LineString","coordinates":[[112.94034,28.20977],[112.94045,28.20974],[112.94054,28.20968],[112.94059,28.20966]]}},{"type":"Feature","properties":{"fclass":"footway"},"geometry":{"type":"LineString","coordinates":[[112.94061,28.20931],[112.94053,28.20932],[112.94049,28.20933],[112.94043,28.20933],[112.94037,28.20934],[112.9403,28.20934],[112.94026,28.20934],[112.94021,28.20934],[112.94015,28.20933],[112.94009,28.20931],[112.94005,28.2093]]}},{"type":"Feature","properties":{"fclass":"footway"},"geometry":{"type":"LineString","coordinates":[[112.94181,28.20957],[112.94179,28.20968],[112.94179,28.20972],[112.9418,28.20977],[112.94181,28.20982],[112.94181,28.20987],[112.94179,28.20992]]}},{"type":"Feature","properties":{"fclass":"footway"},"geometry":{"type":"LineString","coordinates":[[112.94045,28.20853],[112.94034,28.20855],[112.94027,28.20858],[112.94021,28.20861],[112.94017,28.20865],[112.94013,28.2087],[112.94011,28.20875],[112.94011,28.20881],[112.94012,28.20891],[112.94013,28.209],[112.94013,28.20905],[112.94013,28.20912]]}},{"type":"Feature","properties":{"fclass":"footway"},"geometry":{"type":"LineString","coordinates":[[112.93993,28.20951],[112.93987,28.20958],[112.93976,28.20971]]}},{"type":"Feature","properties":{"fclass":"footway"},"geometry":{"type":"LineString","coordinates":[[112.93765,28.20727],[112.93809,28.20733],[112.93809,28.20749],[112.93848,28.20752],[112.93847,28.20733],[112.93886,28.20731],[112.93886,28.20743],[112.93918,28.20743]]}},{"type":"Feature","properties":{"fclass":"footway"},"geometry":{"type":"LineString","coordinates":[[112.93918,28.20743],[112.93918,28.20736],[112.93921,28.20731],[112.93925,28.20726],[112.9393,28.20721],[112.93938,28.20715],[112.93947,28.2071],[112.93956,28.20705],[112.93964,28.20703],[112.9397,28.20701]]}},{"type":"Feature","properties":{"fclass":"footway"},"geometry":{"type":"LineString","coordinates":[[112.93677,28.20705],[112.93681,28.20707],[112.93686,28.20709],[112.93692,28.2071],[112.93698,28.2071],[112.93702,28.2071],[112.93707,28.20711],[112.93713,28.20713],[112.93717,28.20714],[112.93721,28.20717],[112.93724,28.20718],[112.93727,28.2072],[112.93731,28.2072],[112.93737,28.20719],[112.93743,28.20718],[112.93749,28.20718],[112.93752,28.20722],[112.93754,28.20725],[112.93758,28.20726],[112.93765,28.20727]]}},{"type":"Feature","properties":{"fclass":"footway"},"geometry":{"type":"LineString","coordinates":[[112.93169,28.20795],[112.93183,28.20798],[112.93195,28.20799],[112.93205,28.20798],[112.93215,28.20795],[112.93225,28.20791],[112.93235,28.20786],[112.93244,28.20782],[112.93253,28.2078],[112.93264,28.2078],[112.93277,28.2078],[112.93287,28.20781],[112.93296,28.2078],[112.93305,28.20777],[112.93324,28.2077],[112.93341,28.20763],[112.93352,28.20763],[112.93357,28.20763],[112.93362,28.20761],[112.93362,28.20748],[112.93366,28.20726]]}},{"type":"Feature","properties":{"fclass":"footway"},"geometry":{"type":"LineString","coordinates":[[112.93352,28.20763],[112.93353,28.20752],[112.93346,28.20752],[112.93311,28.20754],[112.93307,28.20749]]}},{"type":"Feature","properties":{"fclass":"footway"},"geometry":{"type":"LineString","coordinates":[[112.93016,28.20687],[112.93022,28.20694],[112.93027,28.20699],[112.93033,28.20703],[112.93042,28.20706],[112.93051,28.20708],[112.93064,28.2071],[112.93076,28.20712],[112.93087,28.20716],[112.93095,28.20721],[112.93102,28.20728],[112.93106,28.20737],[112.9311,28.20746],[112.93114,28.20752],[112.93121,28.20762],[112.93131,28.20773],[112.9314,28.20781],[112.93148,28.20787],[112.93159,28.20792],[112.93169,28.20795]]}},{"type":"Feature","properties":{"fclass":"footway"},"geometry":{"type":"LineString","coordinates":[[112.93013,28.20687],[112.93009,28.20671]]}},{"type":"Feature","properties":{"fclass":"footway"},"geometry":{"type":"LineString","coordinates":[[112.93129,28.20977],[112.93123,28.20973],[112.93119,28.20969],[112.93118,28.20965],[112.93118,28.20961],[112.93116,28.20958],[112.93109,28.20951],[112.93103,28.20945],[112.931,28.20941],[112.93099,28.20938],[112.93099,28.20935],[112.93099,28.20932],[112.931,28.20929],[112.93111,28.20917],[112.93112,28.20916],[112.9312,28.20915],[112.9313,28.20911]]}},{"type":"Feature","properties":{"fclass":"footway"},"geometry":{"type":"LineString","coordinates":[[112.93967,28.2063],[112.93977,28.20634],[112.93983,28.20639],[112.93987,28.20643],[112.93989,28.20648],[112.93998,28.20681],[112.94002,28.20694],[112.94011,28.20719],[112.9402,28.20738],[112.94028,28.20753],[112.94039,28.20768],[112.9405,28.20781],[112.94063,28.20793],[112.94074,28.20802]]}},{"type":"Feature","properties":{"fclass":"footway"},"geometry":{"type":"LineString","coordinates":[[112.94182,28.20996],[112.94187,28.21006],[112.94192,28.21014],[112.94199,28.21024],[112.94211,28.21033],[112.94222,28.21042],[112.94231,28.21052],[112.94237,28.21063],[112.9424,28.21073],[112.94244,28.21081],[112.9425,28.21089],[112.9426,28.21094],[112.9427,28.21097],[112.94281,28.21099],[112.94294,28.21099],[112.94303,28.21099],[112.94314,28.21097],[112.94324,28.21094]]}},{"type":"Feature","properties":{"fclass":"footway"},"geometry":{"type":"LineString","coordinates":[[112.94256,28.20991],[112.94251,28.21001],[112.94249,28.21003],[112.94245,28.21005],[112.94241,28.21007],[112.94239,28.21009],[112.94237,28.21011],[112.94234,28.2102],[112.94231,28.21027],[112.94228,28.21026],[112.94224,28.21027],[112.94211,28.21033]]}},{"type":"Feature","properties":{"fclass":"footway"},"geometry":{"type":"LineString","coordinates":[[112.94231,28.21027],[112.94238,28.21028],[112.94241,28.21029],[112.94243,28.2103],[112.94244,28.21031],[112.94247,28.21039],[112.94256,28.21055],[112.94256,28.21056],[112.94261,28.21065],[112.94263,28.21069],[112.94268,28.21078],[112.94273,28.21085],[112.94275,28.2109],[112.9428,28.21094],[112.94281,28.21099]]}},{"type":"Feature","properties":{"fclass":"footway"},"geometry":{"type":"LineString","coordinates":[[112.94292,28.21023],[112.94285,28.21028],[112.94282,28.21033],[112.94279,28.2104],[112.94277,28.21042],[112.94269,28.21044],[112.94268,28.21046],[112.94262,28.21052],[112.94261,28.21053],[112.94256,28.21056]]}},{"type":"Feature","properties":{"fclass":"footway"},"geometry":{"type":"LineString","coordinates":[[112.94282,28.21033],[112.94278,28.2103],[112.94277,28.21029],[112.94273,28.21026],[112.94272,28.21026],[112.94257,28.21023],[112.94256,28.21024],[112.94252,28.21024],[112.9425,28.21024],[112.94234,28.2102]]}},{"type":"Feature","properties":{"fclass":"footway"},"geometry":{"type":"LineString","coordinates":[[112.94244,28.20985],[112.94246,28.20979],[112.94246,28.20978],[112.94249,28.20972],[112.9425,28.20971],[112.94256,28.20967],[112.94258,28.20967],[112.94263,28.20966],[112.94265,28.20966],[112.94269,28.20967],[112.9427,28.20969],[112.94277,28.20979],[112.94279,28.20981],[112.94282,28.20984],[112.94285,28.20985],[112.94294,28.20986],[112.94296,28.20987],[112.94302,28.20993],[112.94303,28.20995],[112.94305,28.21],[112.94307,28.21009],[112.94307,28.21011],[112.9431,28.21014],[112.94313,28.21016],[112.94319,28.21018],[112.9432,28.2102],[112.94322,28.21022],[112.94324,28.21025],[112.94324,28.21027],[112.94322,28.21032],[112.9432,28.21034],[112.94318,28.21035],[112.94302,28.21038]]}},{"type":"Feature","properties":{"fclass":"service"},"geometry":{"type":"LineString","coordinates":[[112.94339,28.21119],[112.94392,28.21115],[112.944,28.21114],[112.94428,28.21119],[112.94433,28.2112],[112.9445,28.21114]]}},{"type":"Feature","properties":{"fclass":"footway"},"geometry":{"type":"LineString","coordinates":[[112.93963,28.21321],[112.9397,28.21305],[112.93971,28.21301],[112.9397,28.21297],[112.93969,28.21293],[112.93966,28.21289],[112.93963,28.21286],[112.93958,28.21283],[112.93952,28.2128],[112.93929,28.21271]]}},{"type":"Feature","properties":{"fclass":"footway"},"geometry":{"type":"LineString","coordinates":[[112.93907,28.21308],[112.93911,28.21294],[112.93912,28.2129],[112.93914,28.21287],[112.93923,28.21279],[112.93929,28.21271],[112.93932,28.21263],[112.93932,28.21258],[112.93931,28.21254],[112.93928,28.2125]]}},{"type":"Feature","properties":{"fclass":"footway"},"geometry":{"type":"LineString","coordinates":[[112.93914,28.21287],[112.93906,28.21284],[112.9389,28.2128],[112.93865,28.21281],[112.93852,28.2128],[112.93849,28.21279],[112.9384,28.21275],[112.93834,28.21273],[112.93826,28.21271],[112.9382,28.21271],[112.93812,28.21272],[112.93803,28.21276],[112.93797,28.21279],[112.93789,28.21285],[112.93785,28.2129],[112.9378,28.21295],[112.93771,28.21299],[112.93762,28.21302],[112.93752,28.21304],[112.93739,28.21306],[112.93733,28.21307],[112.93731,28.21307],[112.93723,28.21307],[112.93709,28.21308],[112.93701,28.21307],[112.93692,28.21304],[112.93683,28.21302],[112.93672,28.21296],[112.93665,28.21293],[112.93659,28.2129],[112.93653,28.21288],[112.93646,28.21288],[112.93635,28.21288],[112.9362,28.2129],[112.93617,28.21292],[112.93614,28.21296],[112.93612,28.21303],[112.93609,28.21305],[112.93605,28.21305],[112.936,28.21305],[112.93596,28.21303],[112.93591,28.21301],[112.93587,28.213],[112.93578,28.21299],[112.93567,28.21301]]}},{"type":"Feature","properties":{"fclass":"footway"},"geometry":{"type":"LineString","coordinates":[[112.93797,28.21341],[112.9379,28.21336],[112.93787,28.21337],[112.93782,28.21337],[112.93778,28.21336],[112.93775,28.21333],[112.93771,28.21333],[112.93768,28.21334],[112.93763,28.21334],[112.93761,28.21332],[112.93757,28.21331],[112.93755,28.21329],[112.93751,28.21328],[112.93748,28.21327],[112.93744,28.21327],[112.93741,28.21327],[112.93737,28.21327],[112.93734,28.21326],[112.93734,28.21321],[112.93733,28.21317],[112.93733,28.21313],[112.93731,28.21307],[112.93733,28.21307]]}},{"type":"Feature","properties":{"fclass":"footway"},"geometry":{"type":"LineString","coordinates":[[112.93734,28.21326],[112.93729,28.21327],[112.93726,28.21328],[112.93723,28.2133],[112.93719,28.21331],[112.93716,28.21331],[112.93713,28.21331]]}},{"type":"Feature","properties":{"fclass":"footway"},"geometry":{"type":"LineString","coordinates":[[112.9365,28.21361],[112.93655,28.21354],[112.93658,28.21349],[112.9366,28.21343],[112.93662,28.21336],[112.93663,28.21333],[112.93666,28.2133],[112.93671,28.21327],[112.93675,28.21325],[112.93677,28.21322],[112.93676,28.21318],[112.93674,28.21311],[112.9367,28.21304],[112.93667,28.213],[112.93663,28.21297]]}},{"type":"Feature","properties":{"fclass":"footway"},"geometry":{"type":"LineString","coordinates":[[112.93675,28.21325],[112.9368,28.21328],[112.93684,28.21329],[112.93695,28.2133]]}},{"type":"Feature","properties":{"fclass":"footway"},"geometry":{"type":"LineString","coordinates":[[112.94378,28.21204],[112.94388,28.21203],[112.94397,28.21203],[112.94404,28.21204],[112.94409,28.21206],[112.94416,28.2121],[112.9442,28.21213],[112.94424,28.21217],[112.94464,28.2128]]}},{"type":"Feature","properties":{"fclass":"footway"},"geometry":{"type":"LineString","coordinates":[[112.94371,28.21277],[112.94433,28.21295]]}},{"type":"Feature","properties":{"fclass":"footway"},"geometry":{"type":"LineString","coordinates":[[112.94065,28.20906],[112.9407,28.20896],[112.94075,28.20886],[112.94085,28.20876],[112.94095,28.2087],[112.94107,28.20867],[112.94115,28.20864],[112.94122,28.20859]]}},{"type":"Feature","properties":{"fclass":"footway"},"geometry":{"type":"LineString","coordinates":[[112.94045,28.20853],[112.94063,28.2085]]}},{"type":"Feature","properties":{"fclass":"footway"},"geometry":{"type":"LineString","coordinates":[[112.94074,28.20802],[112.94079,28.20807],[112.94084,28.20814],[112.94086,28.20823],[112.94086,28.20832],[112.94084,28.2084],[112.94079,28.20845],[112.94072,28.20847],[112.94063,28.2085]]}},{"type":"Feature","properties":{"fclass":"footway"},"geometry":{"type":"LineString","coordinates":[[112.94086,28.20832],[112.94092,28.20839],[112.94103,28.20843],[112.94119,28.20853],[112.94122,28.20859],[112.94124,28.20867],[112.94133,28.20872]]}},{"type":"Feature","properties":{"fclass":"footway"},"geometry":{"type":"LineString","coordinates":[[112.94122,28.20859],[112.94124,28.20852],[112.94126,28.20846],[112.94128,28.20841],[112.94133,28.20834]]}},{"type":"Feature","properties":{"fclass":"footway"},"geometry":{"type":"LineString","coordinates":[[112.9382,28.20556],[112.93821,28.20541],[112.9382,28.20538],[112.93819,28.20534],[112.9382,28.20531],[112.93824,28.20528],[112.9383,28.20527],[112.93837,28.20526],[112.93843,28.20526],[112.93848,28.20525],[112.9385,28.20525],[112.93853,28.20523],[112.93857,28.20522],[112.93862,28.20523],[112.93867,28.20524],[112.9387,28.20526],[112.93871,28.20529],[112.93871,28.20532],[112.9387,28.20534],[112.93869,28.20535],[112.93861,28.20542],[112.9386,28.20552],[112.93859,28.20556],[112.93857,28.20559]]}},{"type":"Feature","properties":{"fclass":"footway"},"geometry":{"type":"LineString","coordinates":[[112.93821,28.20541],[112.93827,28.20538],[112.93831,28.20537],[112.93835,28.20536],[112.93841,28.20536],[112.93845,28.20536],[112.93849,28.20536],[112.93854,28.20535],[112.93857,28.20533],[112.93861,28.20532],[112.93864,28.20532],[112.93867,28.20532],[112.9387,28.20534]]}},{"type":"Feature","properties":{"fclass":"footway"},"geometry":{"type":"LineString","coordinates":[[112.93841,28.20536],[112.93849,28.20527],[112.9385,28.20526],[112.9385,28.20525]]}},{"type":"Feature","properties":{"fclass":"residential"},"geometry":{"type":"LineString","coordinates":[[112.94976,28.19187],[112.94775,28.1922],[112.94599,28.19249]]}},{"type":"Feature","properties":{"fclass":"residential"},"geometry":{"type":"LineString","coordinates":[[112.94599,28.19249],[112.94579,28.19261],[112.94541,28.19374],[112.94528,28.19393],[112.94454,28.19428]]}},{"type":"Feature","properties":{"fclass":"steps"},"geometry":{"type":"LineString","coordinates":[[112.96653,28.21428],[112.96653,28.21428],[112.96658,28.2144]]}},{"type":"Feature","properties":{"fclass":"footway"},"geometry":{"type":"LineString","coordinates":[[112.96708,28.21406],[112.9673,28.21407],[112.96758,28.21407]]}},{"type":"Feature","properties":{"fclass":"footway"},"geometry":{"type":"LineString","coordinates":[[112.96671,28.21345],[112.96654,28.2135],[112.96641,28.21354]]}},{"type":"Feature","properties":{"fclass":"footway"},"geometry":{"type":"LineString","coordinates":[[112.96671,28.21345],[112.96656,28.21291],[112.9663,28.21232],[112.96603,28.21184],[112.96588,28.21191]]}},{"type":"Feature","properties":{"fclass":"footway"},"geometry":{"type":"LineString","coordinates":[[112.96728,28.21653],[112.96708,28.21582],[112.96675,28.21469],[112.96658,28.2144]]}},{"type":"Feature","properties":{"fclass":"footway"},"geometry":{"type":"LineString","coordinates":[[112.96653,28.21428],[112.96633,28.21401],[112.96608,28.21385],[112.96598,28.21365],[112.96597,28.2135],[112.96605,28.21314],[112.96595,28.21245],[112.96576,28.21173]]}},{"type":"Feature","properties":{"fclass":"steps"},"geometry":{"type":"LineString","coordinates":[[112.96598,28.21365],[112.96641,28.21354]]}},{"type":"Feature","properties":{"fclass":"footway"},"geometry":{"type":"LineString","coordinates":[[112.96654,28.2135],[112.96588,28.21191],[112.96574,28.21158]]}},{"type":"Feature","properties":{"fclass":"service"},"geometry":{"type":"LineString","coordinates":[[112.98338,28.19166],[112.98341,28.19163],[112.98362,28.19164],[112.9838,28.19142],[112.98341,28.19141],[112.98341,28.19163]]}},{"type":"Feature","properties":{"fclass":"tertiary"},"geometry":{"type":"LineString","coordinates":[[112.90403,28.21275],[112.90406,28.21268],[112.90408,28.2126],[112.90411,28.21251],[112.90465,28.21047],[112.90469,28.21034],[112.90477,28.21013],[112.90491,28.20976],[112.90499,28.20958],[112.9051,28.20939],[112.90526,28.20916],[112.90552,28.20885],[112.9058,28.2085],[112.90586,28.20841],[112.90592,28.20832],[112.90598,28.20821],[112.90606,28.20804],[112.90611,28.20791],[112.90617,28.20766],[112.90629,28.20711],[112.9067,28.20513],[112.90673,28.205],[112.90729,28.2022]]}},{"type":"Feature","properties":{"fclass":"trunk_link"},"geometry":{"type":"LineString","coordinates":[[112.99044,28.15075],[112.98997,28.15084]]}},{"type":"Feature","properties":{"fclass":"trunk_link"},"geometry":{"type":"LineString","coordinates":[[112.98997,28.15084],[112.98916,28.15088],[112.98897,28.15089],[112.98884,28.15095],[112.98878,28.15097],[112.9887,28.15104],[112.98863,28.15114]]}},{"type":"Feature","properties":{"fclass":"trunk_link"},"geometry":{"type":"LineString","coordinates":[[112.99001,28.15077],[112.99029,28.15081]]}},{"type":"Feature","properties":{"fclass":"trunk_link"},"geometry":{"type":"LineString","coordinates":[[112.98859,28.15067],[112.98872,28.15076],[112.98879,28.1508],[112.98892,28.15081],[112.9892,28.1508],[112.99001,28.15077]]}},{"type":"Feature","properties":{"fclass":"tertiary"},"geometry":{"type":"LineString","coordinates":[[112.98771,28.15089],[112.98761,28.1508],[112.98751,28.15074],[112.98734,28.1507],[112.98659,28.15055],[112.98579,28.15033],[112.98514,28.15008],[112.98458,28.14985],[112.984,28.1496]]}},{"type":"Feature","properties":{"fclass":"service"},"geometry":{"type":"LineString","coordinates":[[112.98779,28.15071],[112.98771,28.15089]]}},{"type":"Feature","properties":{"fclass":"tertiary"},"geometry":{"type":"LineString","coordinates":[[112.99394,28.15031],[112.99466,28.15055],[112.9951,28.15068],[112.9959,28.15093],[112.99662,28.15114],[112.99745,28.15142],[112.99761,28.15147],[112.99775,28.15153],[112.99831,28.15171],[112.99863,28.15181],[113.00172,28.15284],[113.00244,28.15308],[113.00265,28.15315],[113.00288,28.15324]]}},{"type":"Feature","properties":{"fclass":"tertiary"},"geometry":{"type":"LineString","coordinates":[[112.99394,28.15031],[112.99427,28.14836],[112.9941,28.1481],[112.9916,28.14817],[112.99066,28.14804],[112.98903,28.14783],[112.98883,28.1478]]}},{"type":"Feature","properties":{"fclass":"primary"},"geometry":{"type":"LineString","coordinates":[[113.00224,28.17356],[113.00321,28.17351]]}},{"type":"Feature","properties":{"fclass":"primary"},"geometry":{"type":"LineString","coordinates":[[113.00321,28.1736],[113.00243,28.17365]]}},{"type":"Feature","properties":{"fclass":"secondary_link"},"geometry":{"type":"LineString","coordinates":[[112.98909,28.17219],[112.98923,28.17234],[112.98945,28.17247],[112.98957,28.1725]]}},{"type":"Feature","properties":{"fclass":"secondary_link"},"geometry":{"type":"LineString","coordinates":[[112.98869,28.17277],[112.98874,28.17272],[112.98894,28.17233]]}},{"type":"Feature","properties":{"fclass":"primary_link"},"geometry":{"type":"LineString","coordinates":[[112.99083,28.18342],[112.99092,28.1833],[112.99098,28.18323],[112.99104,28.18315],[112.99108,28.18308],[112.99115,28.18297],[112.9912,28.18286],[112.99121,28.18279]]}},{"type":"Feature","properties":{"fclass":"primary_link"},"geometry":{"type":"LineString","coordinates":[[112.99135,28.18388],[112.99129,28.18374],[112.99125,28.18368],[112.9912,28.18364],[112.99115,28.1836],[112.99108,28.18357],[112.99101,28.18355],[112.99093,28.18354],[112.99081,28.18353]]}},{"type":"Feature","properties":{"fclass":"primary_link"},"geometry":{"type":"LineString","coordinates":[[112.99117,28.19769],[112.99121,28.1978],[112.99125,28.19787],[112.9913,28.19793],[112.99135,28.19798],[112.9914,28.19803],[112.99146,28.19811],[112.99151,28.19819],[112.99154,28.19829]]}},{"type":"Feature","properties":{"fclass":"primary_link"},"geometry":{"type":"LineString","coordinates":[[112.99123,28.19828],[112.99125,28.1982],[112.99129,28.19808],[112.99132,28.19803],[112.99135,28.19798],[112.99139,28.19793],[112.99142,28.19786],[112.99146,28.19776],[112.99147,28.19766]]}},{"type":"Feature","properties":{"fclass":"primary_link"},"geometry":{"type":"LineString","coordinates":[[112.98049,28.20639],[112.98056,28.20652],[112.98059,28.20658],[112.98065,28.20666],[112.9807,28.20671],[112.98075,28.20675],[112.98081,28.20679],[112.98089,28.20682],[112.98096,28.20684],[112.98109,28.20685]]}},{"type":"Feature","properties":{"fclass":"primary_link"},"geometry":{"type":"LineString","coordinates":[[112.98113,28.20699],[112.98096,28.20702],[112.9809,28.20704],[112.98083,28.20708],[112.98077,28.20712],[112.98071,28.20719],[112.98067,28.20724],[112.98064,28.20733],[112.98061,28.20744],[112.98058,28.20762]]}},{"type":"Feature","properties":{"fclass":"primary_link"},"geometry":{"type":"LineString","coordinates":[[112.98043,28.20762],[112.98039,28.20747],[112.98035,28.20736],[112.98032,28.20729],[112.98028,28.20723],[112.98023,28.20718],[112.98015,28.20712],[112.98005,28.20708],[112.97994,28.20707],[112.97972,28.20705]]}},{"type":"Feature","properties":{"fclass":"tertiary"},"geometry":{"type":"LineString","coordinates":[[112.98133,28.21676],[112.98145,28.2168]]}},{"type":"Feature","properties":{"fclass":"residential"},"geometry":{"type":"LineString","coordinates":[[112.96953,28.18855],[112.97009,28.18846]]}},{"type":"Feature","properties":{"fclass":"living_street"},"geometry":{"type":"LineString","coordinates":[[112.96953,28.18855],[112.96938,28.1875],[112.96931,28.18706]]}},{"type":"Feature","properties":{"fclass":"residential"},"geometry":{"type":"LineString","coordinates":[[112.97009,28.18846],[112.97016,28.18924],[112.97034,28.19081],[112.96995,28.19115],[112.96967,28.19116],[112.9697,28.19167]]}},{"type":"Feature","properties":{"fclass":"service"},"geometry":{"type":"LineString","coordinates":[[112.98404,28.17343],[112.98399,28.17152]]}},{"type":"Feature","properties":{"fclass":"service"},"geometry":{"type":"LineString","coordinates":[[112.98405,28.17355],[112.98404,28.17352],[112.98404,28.17343]]}},{"type":"Feature","properties":{"fclass":"service"},"geometry":{"type":"LineString","coordinates":[[112.98333,28.1917],[112.98338,28.19166]]}},{"type":"Feature","properties":{"fclass":"service"},"geometry":{"type":"LineString","coordinates":[[112.98327,28.19175],[112.98333,28.1917]]}},{"type":"Feature","properties":{"fclass":"tertiary"},"geometry":{"type":"LineString","coordinates":[[112.97935,28.18962],[112.9796,28.18989]]}},{"type":"Feature","properties":{"fclass":"tertiary"},"geometry":{"type":"LineString","coordinates":[[112.9796,28.18989],[112.98011,28.19033],[112.98048,28.19063],[112.98117,28.19106]]}},{"type":"Feature","properties":{"fclass":"footway"},"geometry":{"type":"LineString","coordinates":[[112.98475,28.19273],[112.98409,28.19271],[112.98415,28.19279],[112.98414,28.19287]]}},{"type":"Feature","properties":{"fclass":"residential"},"geometry":{"type":"LineString","coordinates":[[112.97067,28.2148],[112.97078,28.21486],[112.97128,28.21485],[112.97174,28.2148],[112.97192,28.21477],[112.97228,28.21469]]}},{"type":"Feature","properties":{"fclass":"footway"},"geometry":{"type":"LineString","coordinates":[[112.98523,28.19409],[112.98507,28.19409]]}},{"type":"Feature","properties":{"fclass":"footway"},"geometry":{"type":"LineString","coordinates":[[112.98474,28.19369],[112.98496,28.19369],[112.98496,28.19365],[112.98524,28.19364]]}},{"type":"Feature","properties":{"fclass":"footway"},"geometry":{"type":"LineString","coordinates":[[112.98473,28.19391],[112.98496,28.19391],[112.98496,28.19387],[112.98524,28.19386]]}},{"type":"Feature","properties":{"fclass":"tertiary"},"geometry":{"type":"LineString","coordinates":[[112.98306,28.19821],[112.9832,28.19775],[112.98328,28.19732],[112.98336,28.19614],[112.98346,28.19476],[112.98348,28.1944],[112.98348,28.19438]]}},{"type":"Feature","properties":{"fclass":"tertiary"},"geometry":{"type":"LineString","coordinates":[[112.98344,28.19419],[112.98348,28.19438]]}},{"type":"Feature","properties":{"fclass":"footway"},"geometry":{"type":"LineString","coordinates":[[112.98475,28.19296],[112.98449,28.19296]]}},{"type":"Feature","properties":{"fclass":"footway"},"geometry":{"type":"LineString","coordinates":[[112.98475,28.19287],[112.98414,28.19287]]}},{"type":"Feature","properties":{"fclass":"footway"},"geometry":{"type":"LineString","coordinates":[[112.98474,28.19314],[112.98413,28.19314]]}},{"type":"Feature","properties":{"fclass":"footway"},"geometry":{"type":"LineString","coordinates":[[112.98474,28.19325],[112.98526,28.19324]]}},{"type":"Feature","properties":{"fclass":"footway"},"geometry":{"type":"LineString","coordinates":[[112.98474,28.19334],[112.98413,28.19334]]}},{"type":"Feature","properties":{"fclass":"residential"},"geometry":{"type":"LineString","coordinates":[[112.98474,28.19345],[112.98525,28.19343]]}},{"type":"Feature","properties":{"fclass":"footway"},"geometry":{"type":"LineString","coordinates":[[112.97682,28.18705],[112.97695,28.18699]]}},{"type":"Feature","properties":{"fclass":"footway"},"geometry":{"type":"LineString","coordinates":[[112.97718,28.18792],[112.97719,28.18762],[112.9772,28.18745],[112.97721,28.18722],[112.97689,28.1872],[112.97688,28.18743]]}},{"type":"Feature","properties":{"fclass":"footway"},"geometry":{"type":"LineString","coordinates":[[112.97754,28.18776],[112.97749,28.18765],[112.97719,28.18762],[112.97688,28.18759],[112.97688,28.18743]]}},{"type":"Feature","properties":{"fclass":"service"},"geometry":{"type":"LineString","coordinates":[[112.97697,28.18791],[112.97701,28.18799],[112.97676,28.18809]]}},{"type":"Feature","properties":{"fclass":"footway"},"geometry":{"type":"LineString","coordinates":[[112.97724,28.18753],[112.97774,28.18756]]}},{"type":"Feature","properties":{"fclass":"footway"},"geometry":{"type":"LineString","coordinates":[[112.97699,28.18751],[112.97706,28.18751]]}},{"type":"Feature","properties":{"fclass":"footway"},"geometry":{"type":"LineString","coordinates":[[112.97748,28.18747],[112.9777,28.18749]]}},{"type":"Feature","properties":{"fclass":"footway"},"geometry":{"type":"LineString","coordinates":[[112.97646,28.1874],[112.97688,28.18743],[112.9772,28.18745],[112.97724,28.18745]]}},{"type":"Feature","properties":{"fclass":"footway"},"geometry":{"type":"LineString","coordinates":[[112.97706,28.18751],[112.97724,28.18753]]}},{"type":"Feature","properties":{"fclass":"service"},"geometry":{"type":"LineString","coordinates":[[112.97778,28.18763],[112.97767,28.18768]]}},{"type":"Feature","properties":{"fclass":"steps"},"geometry":{"type":"LineString","coordinates":[[112.97724,28.18745],[112.97748,28.18747]]}},{"type":"Feature","properties":{"fclass":"residential"},"geometry":{"type":"LineString","coordinates":[[112.97734,28.18675],[112.97631,28.18705]]}},{"type":"Feature","properties":{"fclass":"residential"},"geometry":{"type":"LineString","coordinates":[[112.978,28.18662],[112.97828,28.18734],[112.97851,28.18782],[112.97862,28.18803],[112.97873,28.18821],[112.97885,28.18842],[112.97896,28.1887],[112.97904,28.18884],[112.9791,28.1889],[112.97918,28.18895],[112.97932,28.18899],[112.97942,28.18902],[112.97963,28.18909],[112.97973,28.18919],[112.97982,28.18928]]}},{"type":"Feature","properties":{"fclass":"residential"},"geometry":{"type":"LineString","coordinates":[[112.98346,28.19476],[112.98497,28.19485],[112.98599,28.19491]]}},{"type":"Feature","properties":{"fclass":"footway"},"geometry":{"type":"LineString","coordinates":[[112.98259,28.19407],[112.98264,28.19411]]}},{"type":"Feature","properties":{"fclass":"footway"},"geometry":{"type":"LineString","coordinates":[[112.98258,28.19431],[112.98263,28.19429]]}},{"type":"Feature","properties":{"fclass":"steps"},"geometry":{"type":"LineString","coordinates":[[112.98228,28.19396],[112.98232,28.19399],[112.98236,28.19401],[112.98242,28.19404],[112.98248,28.19406],[112.98252,28.19407],[112.98259,28.19407]]}},{"type":"Feature","properties":{"fclass":"steps"},"geometry":{"type":"LineString","coordinates":[[112.98223,28.1941],[112.98238,28.19411]]}},{"type":"Feature","properties":{"fclass":"footway"},"geometry":{"type":"LineString","coordinates":[[112.98238,28.19411],[112.98239,28.19409],[112.98242,28.19404]]}},{"type":"Feature","properties":{"fclass":"footway"},"geometry":{"type":"LineString","coordinates":[[112.98162,28.19405],[112.98223,28.1941]]}},{"type":"Feature","properties":{"fclass":"steps"},"geometry":{"type":"LineString","coordinates":[[112.98148,28.19403],[112.98162,28.19405]]}},{"type":"Feature","properties":{"fclass":"footway"},"geometry":{"type":"LineString","coordinates":[[112.98144,28.19396],[112.98148,28.19403]]}},{"type":"Feature","properties":{"fclass":"steps"},"geometry":{"type":"LineString","coordinates":[[112.98126,28.19395],[112.9813,28.19396],[112.98137,28.19397],[112.98144,28.19396],[112.98149,28.19394],[112.98153,28.19391],[112.98158,28.19387],[112.98161,28.19383]]}},{"type":"Feature","properties":{"fclass":"footway"},"geometry":{"type":"LineString","coordinates":[[112.98148,28.19418],[112.98146,28.19424]]}},{"type":"Feature","properties":{"fclass":"steps"},"geometry":{"type":"LineString","coordinates":[[112.98161,28.19419],[112.98148,28.19418]]}},{"type":"Feature","properties":{"fclass":"footway"},"geometry":{"type":"LineString","coordinates":[[112.98221,28.19423],[112.98161,28.19419]]}},{"type":"Feature","properties":{"fclass":"steps"},"geometry":{"type":"LineString","coordinates":[[112.98239,28.19425],[112.98221,28.19423]]}},{"type":"Feature","properties":{"fclass":"footway"},"geometry":{"type":"LineString","coordinates":[[112.9824,28.19431],[112.9824,28.19428],[112.98239,28.19425]]}},{"type":"Feature","properties":{"fclass":"footway"},"geometry":{"type":"LineString","coordinates":[[112.98142,28.19703],[112.98156,28.19693],[112.98176,28.19641],[112.98193,28.196],[112.98204,28.19552],[112.98216,28.19491],[112.9822,28.19441],[112.98227,28.19436],[112.98234,28.19433],[112.9824,28.19431]]}},{"type":"Feature","properties":{"fclass":"steps"},"geometry":{"type":"LineString","coordinates":[[112.98146,28.19424],[112.98151,28.19425],[112.98157,28.19427],[112.98159,28.1943],[112.98163,28.19434]]}},{"type":"Feature","properties":{"fclass":"cycleway"},"geometry":{"type":"LineString","coordinates":[[112.98207,28.19446],[112.98204,28.1949],[112.982,28.19514],[112.98188,28.19562],[112.98177,28.19598],[112.98163,28.19638],[112.98142,28.19703],[112.98106,28.19792],[112.98108,28.19803],[112.98113,28.1981],[112.98119,28.19815],[112.98129,28.1982],[112.98132,28.19825]]}},{"type":"Feature","properties":{"fclass":"service"},"geometry":{"type":"LineString","coordinates":[[112.98265,28.19495],[112.98261,28.19546]]}},{"type":"Feature","properties":{"fclass":"service"},"geometry":{"type":"LineString","coordinates":[[112.98204,28.1949],[112.98216,28.19491],[112.98218,28.19491],[112.9823,28.19492],[112.98265,28.19495],[112.98267,28.19491],[112.98277,28.19487],[112.98292,28.19484],[112.98313,28.19484],[112.98334,28.19485]]}},{"type":"Feature","properties":{"fclass":"service"},"geometry":{"type":"LineString","coordinates":[[112.9855,28.19127],[112.98567,28.19133],[112.98623,28.19134]]}},{"type":"Feature","properties":{"fclass":"footway"},"geometry":{"type":"LineString","coordinates":[[112.98452,28.19197],[112.98484,28.19197]]}},{"type":"Feature","properties":{"fclass":"footway"},"geometry":{"type":"LineString","coordinates":[[112.98484,28.19197],[112.98536,28.19213],[112.98588,28.19225],[112.98622,28.1923]]}},{"type":"Feature","properties":{"fclass":"service"},"geometry":{"type":"LineString","coordinates":[[112.98484,28.19224],[112.9851,28.19235],[112.98512,28.19239],[112.98512,28.19254]]}},{"type":"Feature","properties":{"fclass":"residential"},"geometry":{"type":"LineString","coordinates":[[112.98442,28.19254],[112.98411,28.19196]]}},{"type":"Feature","properties":{"fclass":"service"},"geometry":{"type":"LineString","coordinates":[[112.98399,28.19277],[112.9841,28.19299]]}},{"type":"Feature","properties":{"fclass":"residential"},"geometry":{"type":"LineString","coordinates":[[112.98372,28.19289],[112.98365,28.1927],[112.98353,28.1925],[112.98342,28.1924],[112.98311,28.19215]]}},{"type":"Feature","properties":{"fclass":"service"},"geometry":{"type":"LineString","coordinates":[[112.98349,28.1929],[112.98355,28.19304],[112.98349,28.19314]]}},{"type":"Feature","properties":{"fclass":"service"},"geometry":{"type":"LineString","coordinates":[[112.98453,28.19143],[112.98504,28.19142],[112.98511,28.19141]]}},{"type":"Feature","properties":{"fclass":"service"},"geometry":{"type":"LineString","coordinates":[[112.98653,28.19224],[112.98654,28.19157],[112.98628,28.19156],[112.98613,28.19168],[112.98608,28.19184],[112.98606,28.19208],[112.98626,28.19221]]}},{"type":"Feature","properties":{"fclass":"residential"},"geometry":{"type":"LineString","coordinates":[[112.9336,28.15801],[112.93364,28.15813],[112.93382,28.15859],[112.93385,28.15873],[112.93394,28.15901],[112.93405,28.15942],[112.93418,28.15985]]}},{"type":"Feature","properties":{"fclass":"residential"},"geometry":{"type":"LineString","coordinates":[[112.93418,28.15985],[112.9342,28.15992],[112.93423,28.16008]]}},{"type":"Feature","properties":{"fclass":"residential"},"geometry":{"type":"LineString","coordinates":[[112.93423,28.16008],[112.93426,28.16015],[112.93515,28.15985]]}},{"type":"Feature","properties":{"fclass":"unclassified"},"geometry":{"type":"LineString","coordinates":[[112.9204,28.21143],[112.92085,28.21196],[112.92129,28.21257],[112.92155,28.21318],[112.92167,28.21343],[112.92168,28.21355],[112.92174,28.21436],[112.92175,28.21445],[112.92176,28.21452],[112.92177,28.21465],[112.92178,28.21523],[112.92179,28.21598],[112.92186,28.21628],[112.92193,28.2165]]}},{"type":"Feature","properties":{"fclass":"service"},"geometry":{"type":"LineString","coordinates":[[112.98612,28.19472],[112.98608,28.19546],[112.98606,28.19602],[112.98596,28.19625],[112.9859,28.19661],[112.98591,28.19681],[112.98599,28.19691],[112.98602,28.19706],[112.98617,28.19731],[112.98619,28.19782]]}},{"type":"Feature","properties":{"fclass":"secondary"},"geometry":{"type":"LineString","coordinates":[[112.99336,28.1587],[112.99328,28.15868],[112.98976,28.15865]]}},{"type":"Feature","properties":{"fclass":"secondary"},"geometry":{"type":"LineString","coordinates":[[112.98942,28.15857],[112.99331,28.15856],[112.9934,28.15858]]}},{"type":"Feature","properties":{"fclass":"secondary"},"geometry":{"type":"LineString","coordinates":[[112.98813,28.15852],[112.9886,28.15854],[112.98876,28.15856],[112.98876,28.15856],[112.98942,28.15857]]}},{"type":"Feature","properties":{"fclass":"secondary"},"geometry":{"type":"LineString","coordinates":[[112.98976,28.15865],[112.98875,28.15865],[112.98861,28.15864],[112.98801,28.1586]]}},{"type":"Feature","properties":{"fclass":"tertiary"},"geometry":{"type":"LineString","coordinates":[[112.98343,28.16366],[112.9848,28.16448],[112.98665,28.16563],[112.98714,28.16577],[112.98763,28.16578],[112.98848,28.16576],[112.9886,28.16576]]}},{"type":"Feature","properties":{"fclass":"tertiary"},"geometry":{"type":"LineString","coordinates":[[112.98859,28.16583],[112.98759,28.16585],[112.98712,28.16584],[112.98662,28.16569],[112.98615,28.1654],[112.98476,28.16454],[112.98338,28.16372]]}},{"type":"Feature","properties":{"fclass":"tertiary"},"geometry":{"type":"LineString","coordinates":[[112.98296,28.16369],[112.98314,28.16394]]}},{"type":"Feature","properties":{"fclass":"tertiary"},"geometry":{"type":"LineString","coordinates":[[112.97701,28.16921],[112.97697,28.16742],[112.97696,28.16659],[112.97701,28.1648],[112.97704,28.16373]]}},{"type":"Feature","properties":{"fclass":"tertiary"},"geometry":{"type":"LineString","coordinates":[[112.97388,28.15619],[112.97413,28.15581],[112.97459,28.15547],[112.97481,28.15483],[112.97501,28.15472],[112.97566,28.15491],[112.97784,28.1566],[112.97907,28.15694]]}},{"type":"Feature","properties":{"fclass":"living_street"},"geometry":{"type":"LineString","coordinates":[[112.97219,28.15814],[112.97204,28.15881],[112.9718,28.15924],[112.97147,28.15974],[112.97105,28.16062],[112.96959,28.16048]]}},{"type":"Feature","properties":{"fclass":"living_street"},"geometry":{"type":"LineString","coordinates":[[112.96881,28.16048],[112.96855,28.16049],[112.96853,28.16115]]}},{"type":"Feature","properties":{"fclass":"living_street"},"geometry":{"type":"LineString","coordinates":[[112.96959,28.16048],[112.96961,28.16113],[112.96853,28.16115],[112.96817,28.16115],[112.96777,28.16139]]}},{"type":"Feature","properties":{"fclass":"living_street"},"geometry":{"type":"LineString","coordinates":[[112.97013,28.1583],[112.96921,28.15987],[112.96882,28.15993],[112.96881,28.16048]]}},{"type":"Feature","properties":{"fclass":"living_street"},"geometry":{"type":"LineString","coordinates":[[112.97203,28.15791],[112.97125,28.15896],[112.96959,28.16048],[112.96881,28.16048]]}},{"type":"Feature","properties":{"fclass":"living_street"},"geometry":{"type":"LineString","coordinates":[[112.97395,28.15948],[112.9718,28.15924]]}},{"type":"Feature","properties":{"fclass":"living_street"},"geometry":{"type":"LineString","coordinates":[[112.97267,28.1557],[112.97258,28.15713],[112.97258,28.15736],[112.97203,28.15791],[112.97179,28.1579],[112.97126,28.15789],[112.97105,28.15788]]}},{"type":"Feature","properties":{"fclass":"living_street"},"geometry":{"type":"LineString","coordinates":[[112.97027,28.15704],[112.97139,28.15709],[112.97258,28.15713],[112.97356,28.1573],[112.97374,28.15734],[112.97417,28.15754],[112.97413,28.15821],[112.97395,28.15948]]}},{"type":"Feature","properties":{"fclass":"living_street"},"geometry":{"type":"LineString","coordinates":[[112.97034,28.15465],[112.97033,28.15499],[112.97032,28.15537],[112.9703,28.15608],[112.97028,28.1567],[112.97027,28.15704],[112.97024,28.15792],[112.97013,28.1583],[112.97068,28.15847]]}},{"type":"Feature","properties":{"fclass":"residential"},"geometry":{"type":"LineString","coordinates":[[112.97148,28.15501],[112.97101,28.1547],[112.97088,28.15464],[112.97034,28.15465],[112.96975,28.15466],[112.96951,28.15524]]}},{"type":"Feature","properties":{"fclass":"living_street"},"geometry":{"type":"LineString","coordinates":[[112.97171,28.15476],[112.97159,28.15489],[112.97148,28.15501],[112.97147,28.15541],[112.97146,28.1561],[112.97145,28.15692],[112.97139,28.15709],[112.97122,28.15765],[112.97105,28.15788],[112.97078,28.15821],[112.97068,28.15847]]}},{"type":"Feature","properties":{"fclass":"tertiary"},"geometry":{"type":"LineString","coordinates":[[112.99081,28.17756],[112.99226,28.17751],[112.99314,28.17752],[112.9958,28.17757]]}},{"type":"Feature","properties":{"fclass":"secondary"},"geometry":{"type":"LineString","coordinates":[[112.97459,28.18671],[112.97466,28.18759],[112.9747,28.18821],[112.97473,28.18869],[112.97474,28.18938],[112.97489,28.19128],[112.97489,28.19136],[112.97488,28.19137],[112.9749,28.19145],[112.97495,28.19175],[112.97503,28.19223],[112.97507,28.19249],[112.97518,28.1934],[112.97532,28.19464]]}},{"type":"Feature","properties":{"fclass":"secondary"},"geometry":{"type":"LineString","coordinates":[[112.97519,28.19466],[112.97504,28.19343],[112.97504,28.1934],[112.97494,28.19256],[112.97493,28.1925],[112.97476,28.1914],[112.97476,28.19132],[112.9746,28.18939],[112.97459,28.18869],[112.97456,28.18821],[112.97452,28.1876],[112.97446,28.18672]]}},{"type":"Feature","properties":{"fclass":"service"},"geometry":{"type":"LineString","coordinates":[[112.96602,28.14975],[112.96596,28.15001],[112.96564,28.15042],[112.96503,28.15118],[112.96476,28.15164]]}},{"type":"Feature","properties":{"fclass":"residential"},"geometry":{"type":"LineString","coordinates":[[112.9667,28.14925],[112.96602,28.14975],[112.96557,28.15004],[112.9653,28.14992],[112.96466,28.14989],[112.96467,28.14921]]}},{"type":"Feature","properties":{"fclass":"service"},"geometry":{"type":"LineString","coordinates":[[112.9642,28.1526],[112.96463,28.15175],[112.96428,28.15176]]}},{"type":"Feature","properties":{"fclass":"service"},"geometry":{"type":"LineString","coordinates":[[112.96428,28.15265],[112.9642,28.15306]]}},{"type":"Feature","properties":{"fclass":"residential"},"geometry":{"type":"LineString","coordinates":[[112.95917,28.15204],[112.9592,28.15235],[112.95928,28.15268],[112.9594,28.15304],[112.95964,28.1534],[112.95999,28.15378],[112.96044,28.154],[112.96123,28.15419]]}},{"type":"Feature","properties":{"fclass":"service"},"geometry":{"type":"LineString","coordinates":[[112.96588,28.15454],[112.96574,28.15447],[112.96555,28.15427],[112.96538,28.15414],[112.96519,28.15406],[112.96491,28.15407],[112.96413,28.15437],[112.96384,28.15449]]}},{"type":"Feature","properties":{"fclass":"residential"},"geometry":{"type":"LineString","coordinates":[[112.96623,28.15468],[112.96588,28.15454],[112.96574,28.15433],[112.96554,28.15413],[112.965,28.15383],[112.9647,28.15366],[112.96475,28.15327],[112.9642,28.15306],[112.96402,28.15299],[112.96329,28.15278],[112.96259,28.15248],[112.96186,28.15228],[112.96091,28.15221],[112.95985,28.15209]]}},{"type":"Feature","properties":{"fclass":"footway"},"geometry":{"type":"LineString","coordinates":[[112.95924,28.15147],[112.96016,28.15151]]}},{"type":"Feature","properties":{"fclass":"footway"},"geometry":{"type":"LineString","coordinates":[[112.9591,28.15163],[112.95938,28.15162],[112.9595,28.15176],[112.95989,28.15176],[112.96016,28.15151],[112.96047,28.15115]]}},{"type":"Feature","properties":{"fclass":"footway"},"geometry":{"type":"LineString","coordinates":[[112.9606,28.15115],[112.96047,28.15115],[112.95952,28.15117],[112.95883,28.15119],[112.95873,28.15126],[112.95873,28.15156],[112.9588,28.15163],[112.9591,28.15163],[112.95924,28.15147],[112.95952,28.15117]]}},{"type":"Feature","properties":{"fclass":"residential"},"geometry":{"type":"LineString","coordinates":[[112.96077,28.15082],[112.96089,28.15083],[112.96105,28.15084],[112.96133,28.15089],[112.96169,28.15099],[112.96213,28.15122],[112.96237,28.15139],[112.9626,28.15159],[112.96277,28.15176],[112.96301,28.152],[112.96323,28.15215],[112.96348,28.15231],[112.96369,28.15242],[112.96414,28.15256],[112.9642,28.1526],[112.96428,28.15265],[112.96447,28.15265],[112.96482,28.15265],[112.96521,28.15264],[112.96568,28.15263],[112.96589,28.15279],[112.96609,28.15294],[112.96633,28.1532],[112.96682,28.1537]]}},{"type":"Feature","properties":{"fclass":"residential"},"geometry":{"type":"LineString","coordinates":[[112.95583,28.15213],[112.95619,28.15211],[112.95644,28.1521],[112.95703,28.15204],[112.95721,28.15204],[112.95756,28.15202],[112.95781,28.15202],[112.95832,28.15202],[112.95874,28.15204],[112.95917,28.15204],[112.95949,28.15206],[112.95985,28.15209],[112.95998,28.15193],[112.96017,28.15169],[112.96043,28.15138],[112.9606,28.15115],[112.96077,28.15082],[112.9608,28.15069],[112.96082,28.15051],[112.96085,28.15011]]}},{"type":"Feature","properties":{"fclass":"residential"},"geometry":{"type":"LineString","coordinates":[[112.97244,28.201],[112.97278,28.20107],[112.97364,28.20116]]}},{"type":"Feature","properties":{"fclass":"residential"},"geometry":{"type":"LineString","coordinates":[[112.97362,28.19979],[112.97394,28.19981],[112.97428,28.19981],[112.97456,28.19983],[112.9748,28.1999],[112.97496,28.19993],[112.97518,28.19994],[112.9754,28.19993],[112.97546,28.19993]]}},{"type":"Feature","properties":{"fclass":"residential"},"geometry":{"type":"LineString","coordinates":[[112.97384,28.20295],[112.97398,28.20305],[112.97415,28.20314],[112.97446,28.20329]]}},{"type":"Feature","properties":{"fclass":"service"},"geometry":{"type":"LineString","coordinates":[[112.9815,28.1906],[112.98174,28.1909],[112.98208,28.19141],[112.98235,28.19204]]}},{"type":"Feature","properties":{"fclass":"residential"},"geometry":{"type":"LineString","coordinates":[[112.98903,28.17947],[112.98912,28.17926],[112.98929,28.17905],[112.98953,28.17879]]}},{"type":"Feature","properties":{"fclass":"residential"},"geometry":{"type":"LineString","coordinates":[[112.98824,28.17938],[112.98828,28.17912],[112.98831,28.17895],[112.98827,28.17887],[112.98817,28.17879],[112.98809,28.17872],[112.98809,28.17864],[112.98813,28.17821]]}},{"type":"Feature","properties":{"fclass":"residential"},"geometry":{"type":"LineString","coordinates":[[112.98833,28.17444],[112.98792,28.17724]]}},{"type":"Feature","properties":{"fclass":"residential"},"geometry":{"type":"LineString","coordinates":[[112.98829,28.17428],[112.98694,28.17456]]}},{"type":"Feature","properties":{"fclass":"residential"},"geometry":{"type":"LineString","coordinates":[[112.98454,28.17375],[112.98458,28.17396],[112.98467,28.17425],[112.98474,28.17439],[112.98484,28.17453],[112.98492,28.17475],[112.98497,28.17483],[112.98504,28.17485],[112.98517,28.17482],[112.98564,28.17471],[112.98598,28.17465],[112.98642,28.17459],[112.98673,28.1746],[112.98694,28.17456]]}},{"type":"Feature","properties":{"fclass":"residential"},"geometry":{"type":"LineString","coordinates":[[112.9868,28.17329],[112.98683,28.17344],[112.98686,28.17361],[112.98694,28.17394],[112.98696,28.17413],[112.98694,28.17456]]}},{"type":"Feature","properties":{"fclass":"residential"},"geometry":{"type":"LineString","coordinates":[[112.98694,28.17456],[112.98691,28.17482],[112.98698,28.17507],[112.98702,28.17532],[112.98696,28.17561],[112.98691,28.17583],[112.98685,28.17617],[112.98676,28.17639],[112.98668,28.17654],[112.98657,28.17669],[112.98637,28.17691]]}},{"type":"Feature","properties":{"fclass":"residential"},"geometry":{"type":"LineString","coordinates":[[112.98637,28.17691],[112.9864,28.17707],[112.98644,28.17723],[112.98646,28.17742],[112.98644,28.17775],[112.98641,28.17818],[112.98636,28.17839],[112.98635,28.17847],[112.98639,28.17863],[112.98635,28.17876],[112.98629,28.17907],[112.98629,28.17925],[112.98688,28.17928],[112.9881,28.17937],[112.98824,28.17938],[112.98844,28.17939],[112.98903,28.17947],[112.98966,28.17956],[112.99015,28.1796],[112.99089,28.17964]]}},{"type":"Feature","properties":{"fclass":"residential"},"geometry":{"type":"LineString","coordinates":[[112.9825,28.1765],[112.98314,28.17644],[112.98373,28.17644],[112.98408,28.17647]]}},{"type":"Feature","properties":{"fclass":"unclassified"},"geometry":{"type":"LineString","coordinates":[[112.97633,28.17299],[112.97559,28.17275],[112.97549,28.17294],[112.97524,28.17337]]}},{"type":"Feature","properties":{"fclass":"unclassified"},"geometry":{"type":"LineString","coordinates":[[112.97361,28.17296],[112.97398,28.17306],[112.97434,28.17311],[112.97467,28.17319],[112.97502,28.17332],[112.97524,28.17337]]}},{"type":"Feature","properties":{"fclass":"tertiary"},"geometry":{"type":"LineString","coordinates":[[112.97939,28.1733],[112.97882,28.17317],[112.97804,28.17308],[112.97757,28.17303],[112.97679,28.17299],[112.97633,28.17299]]}},{"type":"Feature","properties":{"fclass":"secondary_link"},"geometry":{"type":"LineString","coordinates":[[112.97902,28.17591],[112.97918,28.17573],[112.9793,28.17557],[112.97938,28.17546],[112.97952,28.17519]]}},{"type":"Feature","properties":{"fclass":"secondary_link"},"geometry":{"type":"LineString","coordinates":[[112.98047,28.17545],[112.98042,28.17551],[112.9803,28.17564],[112.98018,28.17578],[112.9801,28.17593],[112.98003,28.17606],[112.97995,28.1762],[112.9799,28.17629]]}},{"type":"Feature","properties":{"fclass":"secondary_link"},"geometry":{"type":"LineString","coordinates":[[112.9798,28.17501],[112.97987,28.17512],[112.97993,28.17519],[112.98007,28.17527],[112.98022,28.1753],[112.98042,28.17531]]}},{"type":"Feature","properties":{"fclass":"tertiary"},"geometry":{"type":"LineString","coordinates":[[112.97961,28.17299],[112.97966,28.17329]]}},{"type":"Feature","properties":{"fclass":"primary"},"geometry":{"type":"LineString","coordinates":[[112.97961,28.17299],[112.97954,28.17326]]}},{"type":"Feature","properties":{"fclass":"service"},"geometry":{"type":"LineString","coordinates":[[112.97232,28.19695],[112.97233,28.1966],[112.97235,28.19657],[112.97238,28.19656],[112.97241,28.19655],[112.97245,28.19655],[112.97291,28.19655],[112.97294,28.19655],[112.97296,28.19656],[112.97298,28.19658],[112.97299,28.19661],[112.97299,28.19663],[112.97298,28.19695]]}},{"type":"Feature","properties":{"fclass":"residential"},"geometry":{"type":"LineString","coordinates":[[112.97773,28.19604],[112.97907,28.19549],[112.97961,28.19523],[112.98012,28.19496],[112.98025,28.19488],[112.98115,28.19433]]}},{"type":"Feature","properties":{"fclass":"residential"},"geometry":{"type":"LineString","coordinates":[[112.97787,28.19656],[112.97773,28.19604],[112.97764,28.19568],[112.97714,28.19454],[112.97701,28.19443]]}},{"type":"Feature","properties":{"fclass":"residential"},"geometry":{"type":"LineString","coordinates":[[112.97787,28.19656],[112.97805,28.19725],[112.97808,28.19817],[112.97804,28.19839]]}},{"type":"Feature","properties":{"fclass":"residential"},"geometry":{"type":"LineString","coordinates":[[112.97098,28.1968],[112.97143,28.19679],[112.972,28.19694],[112.97232,28.19695],[112.97298,28.19695],[112.97346,28.19701],[112.97445,28.197],[112.97537,28.19698],[112.97551,28.19698]]}},{"type":"Feature","properties":{"fclass":"residential"},"geometry":{"type":"LineString","coordinates":[[112.99682,28.18767],[112.9973,28.18767],[112.99732,28.18759],[112.99739,28.18759],[112.99741,28.18754],[112.9978,28.18759],[112.99819,28.18767]]}},{"type":"Feature","properties":{"fclass":"residential"},"geometry":{"type":"LineString","coordinates":[[112.92408,28.17736],[112.92353,28.1773],[112.92312,28.17724],[112.92306,28.17723]]}},{"type":"Feature","properties":{"fclass":"residential"},"geometry":{"type":"LineString","coordinates":[[112.92423,28.17609],[112.92408,28.17736]]}},{"type":"Feature","properties":{"fclass":"path"},"geometry":{"type":"LineString","coordinates":[[112.92423,28.17609],[112.92429,28.17595],[112.92439,28.1752],[112.92445,28.17482],[112.92437,28.17479],[112.92439,28.17469],[112.92451,28.17418],[112.9246,28.17371]]}},{"type":"Feature","properties":{"fclass":"footway"},"geometry":{"type":"LineString","coordinates":[[112.97307,28.19838],[112.97307,28.19888]]}},{"type":"Feature","properties":{"fclass":"tertiary"},"geometry":{"type":"LineString","coordinates":[[112.90629,28.20711],[112.90831,28.20726],[112.90848,28.20727],[112.91044,28.20742]]}},{"type":"Feature","properties":{"fclass":"tertiary"},"geometry":{"type":"LineString","coordinates":[[112.9078,28.20903],[112.90831,28.20726],[112.90839,28.20678],[112.9084,28.20639],[112.90827,28.20602],[112.90801,28.20565],[112.90753,28.20537],[112.9072,28.20523],[112.9067,28.20513]]}},{"type":"Feature","properties":{"fclass":"residential"},"geometry":{"type":"LineString","coordinates":[[112.96781,28.20147],[112.96782,28.2016],[112.9677,28.20201],[112.9677,28.2022],[112.9677,28.20231],[112.96757,28.2024]]}},{"type":"Feature","properties":{"fclass":"unclassified"},"geometry":{"type":"LineString","coordinates":[[112.96635,28.20066],[112.96404,28.20135],[112.96394,28.20138]]}},{"type":"Feature","properties":{"fclass":"footway"},"geometry":{"type":"LineString","coordinates":[[112.9787,28.16147],[112.97912,28.16133]]}},{"type":"Feature","properties":{"fclass":"service"},"geometry":{"type":"LineString","coordinates":[[112.9833,28.20153],[112.98334,28.20236],[112.98352,28.20235],[112.98354,28.20272],[112.98319,28.20274],[112.98316,28.20237],[112.98334,28.20236]]}},{"type":"Feature","properties":{"fclass":"footway"},"geometry":{"type":"LineString","coordinates":[[112.95534,28.17642],[112.95522,28.17617],[112.95517,28.17596],[112.95522,28.17588],[112.95515,28.17579],[112.95499,28.1757],[112.95474,28.17576],[112.95454,28.17584],[112.95444,28.17587]]}},{"type":"Feature","properties":{"fclass":"footway"},"geometry":{"type":"LineString","coordinates":[[112.95515,28.17579],[112.95531,28.17582],[112.95558,28.1759],[112.95574,28.17599],[112.95569,28.1761],[112.9557,28.17619],[112.95574,28.17629],[112.95567,28.17638]]}},{"type":"Feature","properties":{"fclass":"footway"},"geometry":{"type":"LineString","coordinates":[[112.95574,28.17599],[112.9559,28.17588],[112.9561,28.17583]]}},{"type":"Feature","properties":{"fclass":"footway"},"geometry":{"type":"LineString","coordinates":[[112.9559,28.17588],[112.9557,28.17578],[112.95562,28.17568],[112.95559,28.17555],[112.95555,28.17552]]}},{"type":"Feature","properties":{"fclass":"footway"},"geometry":{"type":"LineString","coordinates":[[112.9555,28.17492],[112.95555,28.17488],[112.95579,28.17496],[112.95583,28.175],[112.95592,28.1749],[112.95602,28.17488]]}},{"type":"Feature","properties":{"fclass":"footway"},"geometry":{"type":"LineString","coordinates":[[112.9555,28.17492],[112.95538,28.17488],[112.95543,28.17462],[112.95557,28.17461],[112.95577,28.17455],[112.95591,28.1745],[112.95599,28.1745]]}},{"type":"Feature","properties":{"fclass":"footway"},"geometry":{"type":"LineString","coordinates":[[112.95543,28.17462],[112.95524,28.17456],[112.95512,28.17457],[112.95495,28.1746],[112.95478,28.1746],[112.95459,28.17461],[112.95437,28.17466],[112.95429,28.17469]]}},{"type":"Feature","properties":{"fclass":"footway"},"geometry":{"type":"LineString","coordinates":[[112.95538,28.17488],[112.95528,28.17506],[112.9552,28.17516],[112.95508,28.17521],[112.95502,28.17529],[112.95497,28.1754],[112.95499,28.17545],[112.955,28.17553],[112.95504,28.1756],[112.95507,28.17566],[112.95507,28.1757],[112.95499,28.1757]]}},{"type":"Feature","properties":{"fclass":"footway"},"geometry":{"type":"LineString","coordinates":[[112.95497,28.1754],[112.9548,28.17539],[112.95473,28.17543],[112.95468,28.1755],[112.95461,28.17553],[112.95455,28.1756],[112.95448,28.17564],[112.95447,28.1756],[112.95445,28.17555],[112.95437,28.17553]]}},{"type":"Feature","properties":{"fclass":"footway"},"geometry":{"type":"LineString","coordinates":[[112.95448,28.17564],[112.95446,28.17571],[112.95445,28.17578],[112.95443,28.17582],[112.95444,28.17587]]}},{"type":"Feature","properties":{"fclass":"footway"},"geometry":{"type":"LineString","coordinates":[[112.95524,28.17456],[112.95522,28.1745],[112.95524,28.17442],[112.95523,28.17433],[112.95511,28.17429],[112.95503,28.17419],[112.95498,28.17408],[112.95495,28.17399],[112.9549,28.1739],[112.95478,28.17378],[112.95467,28.17381],[112.95456,28.17381],[112.9545,28.17373]]}},{"type":"Feature","properties":{"fclass":"footway"},"geometry":{"type":"LineString","coordinates":[[112.95524,28.17442],[112.95531,28.17432],[112.95545,28.17431],[112.95558,28.17425],[112.95564,28.17414],[112.95565,28.17396],[112.9556,28.17383],[112.95557,28.17376]]}},{"type":"Feature","properties":{"fclass":"footway"},"geometry":{"type":"LineString","coordinates":[[113.00142,28.19553],[113.0027,28.19553]]}},{"type":"Feature","properties":{"fclass":"steps"},"geometry":{"type":"LineString","coordinates":[[112.98422,28.19355],[112.98412,28.19355]]}},{"type":"Feature","properties":{"fclass":"footway"},"geometry":{"type":"LineString","coordinates":[[112.98412,28.19355],[112.98395,28.19355]]}},{"type":"Feature","properties":{"fclass":"footway"},"geometry":{"type":"LineString","coordinates":[[112.98474,28.19357],[112.98422,28.19355]]}},{"type":"Feature","properties":{"fclass":"steps"},"geometry":{"type":"LineString","coordinates":[[112.98566,28.19409],[112.98566,28.19443]]}},{"type":"Feature","properties":{"fclass":"service"},"geometry":{"type":"LineString","coordinates":[[112.96887,28.19574],[112.96937,28.19571],[112.96931,28.19509]]}},{"type":"Feature","properties":{"fclass":"service"},"geometry":{"type":"LineString","coordinates":[[112.96884,28.19712],[112.96887,28.19574],[112.96833,28.19577]]}},{"type":"Feature","properties":{"fclass":"tertiary"},"geometry":{"type":"LineString","coordinates":[[112.96829,28.19712],[112.96834,28.19588],[112.96833,28.19577],[112.96829,28.19519]]}},{"type":"Feature","properties":{"fclass":"residential"},"geometry":{"type":"LineString","coordinates":[[112.96629,28.19719],[112.96685,28.19716],[112.9677,28.19713],[112.96829,28.19712]]}},{"type":"Feature","properties":{"fclass":"residential"},"geometry":{"type":"LineString","coordinates":[[112.96829,28.19712],[112.96884,28.19712],[112.96985,28.19694],[112.97073,28.19684]]}},{"type":"Feature","properties":{"fclass":"service"},"geometry":{"type":"LineString","coordinates":[[112.96685,28.19716],[112.96687,28.19655],[112.96771,28.19655],[112.9677,28.19713]]}},{"type":"Feature","properties":{"fclass":"service"},"geometry":{"type":"LineString","coordinates":[[112.96624,28.19655],[112.96583,28.19658],[112.96559,28.19664],[112.96547,28.19671],[112.96522,28.19678],[112.96476,28.19685],[112.96456,28.19679],[112.96399,28.19682],[112.96348,28.19685],[112.96336,28.19685]]}},{"type":"Feature","properties":{"fclass":"service"},"geometry":{"type":"LineString","coordinates":[[112.96389,28.19548],[112.96394,28.19622],[112.96399,28.19682],[112.96409,28.19793]]}},{"type":"Feature","properties":{"fclass":"service"},"geometry":{"type":"LineString","coordinates":[[112.96409,28.19793],[112.9641,28.19819]]}},{"type":"Feature","properties":{"fclass":"residential"},"geometry":{"type":"LineString","coordinates":[[112.96461,28.19597],[112.96616,28.19582]]}},{"type":"Feature","properties":{"fclass":"service"},"geometry":{"type":"LineString","coordinates":[[112.96464,28.19614],[112.96394,28.19622]]}},{"type":"Feature","properties":{"fclass":"residential"},"geometry":{"type":"LineString","coordinates":[[112.96449,28.19543],[112.96461,28.19597],[112.96464,28.19614],[112.96476,28.19685],[112.96485,28.19736],[112.96486,28.19768],[112.96493,28.19864],[112.96505,28.1988]]}},{"type":"Feature","properties":{"fclass":"residential"},"geometry":{"type":"LineString","coordinates":[[112.98008,28.19815],[112.98026,28.19806],[112.98041,28.19798],[112.98054,28.19787],[112.98063,28.19775],[112.98082,28.19739],[112.98097,28.19699],[112.98111,28.19678]]}},{"type":"Feature","properties":{"fclass":"residential"},"geometry":{"type":"LineString","coordinates":[[112.98,28.1982],[112.98008,28.19815]]}},{"type":"Feature","properties":{"fclass":"residential"},"geometry":{"type":"LineString","coordinates":[[112.9793,28.19834],[112.97941,28.19829],[112.97978,28.19827],[112.97999,28.19821],[112.98,28.1982]]}},{"type":"Feature","properties":{"fclass":"trunk_link"},"geometry":{"type":"LineString","coordinates":[[112.97876,28.19836],[112.97892,28.1983],[112.97902,28.19826],[112.97918,28.19823],[112.97921,28.19829],[112.9793,28.19834]]}},{"type":"Feature","properties":{"fclass":"cycleway"},"geometry":{"type":"LineString","coordinates":[[112.98132,28.19825],[112.98134,28.19831],[112.98134,28.19837],[112.98133,28.19845],[112.98131,28.19848]]}},{"type":"Feature","properties":{"fclass":"cycleway"},"geometry":{"type":"LineString","coordinates":[[112.98131,28.19848],[112.98125,28.19854],[112.98116,28.19858],[112.9811,28.1986]]}},{"type":"Feature","properties":{"fclass":"cycleway"},"geometry":{"type":"LineString","coordinates":[[112.9811,28.1986],[112.98099,28.19864],[112.98088,28.19866],[112.98079,28.19869],[112.98069,28.19871],[112.98061,28.19872]]}},{"type":"Feature","properties":{"fclass":"cycleway"},"geometry":{"type":"LineString","coordinates":[[112.98061,28.19872],[112.98054,28.19873],[112.98043,28.19873]]}},{"type":"Feature","properties":{"fclass":"cycleway"},"geometry":{"type":"LineString","coordinates":[[112.98023,28.19871],[112.98009,28.19865],[112.97995,28.19859]]}},{"type":"Feature","properties":{"fclass":"cycleway"},"geometry":{"type":"LineString","coordinates":[[112.98043,28.19873],[112.98023,28.19871]]}},{"type":"Feature","properties":{"fclass":"service"},"geometry":{"type":"LineString","coordinates":[[112.97342,28.19729],[112.97201,28.19733],[112.97096,28.19732]]}},{"type":"Feature","properties":{"fclass":"residential"},"geometry":{"type":"LineString","coordinates":[[112.97551,28.19698],[112.97645,28.19685],[112.97725,28.19674],[112.97787,28.19656]]}},{"type":"Feature","properties":{"fclass":"residential"},"geometry":{"type":"LineString","coordinates":[[112.97787,28.19656],[112.97908,28.19621],[112.97953,28.19622],[112.98134,28.19529]]}},{"type":"Feature","properties":{"fclass":"residential"},"geometry":{"type":"LineString","coordinates":[[112.97872,28.19398],[112.97839,28.19306],[112.97824,28.19268],[112.97813,28.19241],[112.97795,28.19205],[112.97793,28.19201],[112.97833,28.19187],[112.97864,28.19182],[112.97891,28.19183],[112.97908,28.19184],[112.97916,28.19183],[112.97937,28.19177]]}},{"type":"Feature","properties":{"fclass":"secondary_link"},"geometry":{"type":"LineString","coordinates":[[112.98104,28.19397],[112.98137,28.194],[112.98144,28.194],[112.98149,28.19399],[112.98152,28.19398],[112.98158,28.19397],[112.98171,28.19389],[112.98184,28.19383]]}},{"type":"Feature","properties":{"fclass":"secondary_link"},"geometry":{"type":"LineString","coordinates":[[112.9806,28.19393],[112.98104,28.19397]]}},{"type":"Feature","properties":{"fclass":"service"},"geometry":{"type":"LineString","coordinates":[[112.97662,28.1923],[112.97795,28.19205]]}},{"type":"Feature","properties":{"fclass":"service"},"geometry":{"type":"LineString","coordinates":[[112.97518,28.1934],[112.9763,28.19319],[112.97631,28.19322],[112.97681,28.19317]]}},{"type":"Feature","properties":{"fclass":"service"},"geometry":{"type":"LineString","coordinates":[[112.97645,28.19685],[112.97659,28.1977],[112.97657,28.19783],[112.97664,28.19838],[112.97664,28.19845]]}},{"type":"Feature","properties":{"fclass":"service"},"geometry":{"type":"LineString","coordinates":[[112.99561,28.21676],[112.99478,28.21616],[112.99405,28.21563],[112.99341,28.21506],[112.9927,28.21482],[112.99243,28.21451],[112.99166,28.21377],[112.99164,28.21383],[112.99153,28.2142],[112.99139,28.21488],[112.99115,28.21545],[112.99088,28.21589],[112.99074,28.21663]]}},{"type":"Feature","properties":{"fclass":"service"},"geometry":{"type":"LineString","coordinates":[[112.99164,28.21383],[112.99126,28.21319],[112.99039,28.21286],[112.99024,28.21258],[112.99007,28.21208]]}},{"type":"Feature","properties":{"fclass":"service"},"geometry":{"type":"LineString","coordinates":[[112.99815,28.21426],[112.99653,28.21495],[112.99602,28.21555],[112.99561,28.21676],[112.99619,28.21753],[112.99698,28.21841],[112.99707,28.2183]]}},{"type":"Feature","properties":{"fclass":"service"},"geometry":{"type":"LineString","coordinates":[[112.99707,28.2183],[112.99817,28.21761]]}},{"type":"Feature","properties":{"fclass":"footway"},"geometry":{"type":"LineString","coordinates":[[112.99861,28.21778],[112.99861,28.21796],[113.00019,28.2191],[113.00112,28.21944],[113.00123,28.21977],[113.00116,28.21985],[113.00184,28.21992]]}},{"type":"Feature","properties":{"fclass":"service"},"geometry":{"type":"LineString","coordinates":[[112.99845,28.21415],[112.99886,28.21246],[112.99934,28.21111],[113.00011,28.21117],[113.00097,28.21069],[113.00103,28.20979],[113.00101,28.20968],[113.00098,28.2096],[113.00093,28.20954],[113.00087,28.20951],[113.00024,28.20934],[113.00017,28.20932],[113.00012,28.20928],[113.00011,28.20925],[113.0001,28.20921],[113.00008,28.20905],[113.00007,28.209],[113.00003,28.20896],[112.99999,28.20892],[112.99993,28.20889],[112.99751,28.20836],[112.99715,28.20828],[112.9971,28.20827],[112.99676,28.20824],[112.99649,28.20825],[112.99631,28.20827],[112.99608,28.20831],[112.99587,28.20835],[112.99523,28.20847],[112.99423,28.20875],[112.99383,28.20888],[112.9928,28.20936]]}},{"type":"Feature","properties":{"fclass":"residential"},"geometry":{"type":"LineString","coordinates":[[112.98907,28.21655],[112.98981,28.21816]]}},{"type":"Feature","properties":{"fclass":"residential"},"geometry":{"type":"LineString","coordinates":[[112.9643,28.19436],[112.9638,28.19443],[112.96348,28.1944],[112.96337,28.19439],[112.96326,28.19438]]}},{"type":"Feature","properties":{"fclass":"service"},"geometry":{"type":"LineString","coordinates":[[113.00229,28.21549],[113.00118,28.2154]]}},{"type":"Feature","properties":{"fclass":"steps"},"geometry":{"type":"LineString","coordinates":[[112.98769,28.21353],[112.98761,28.21244]]}},{"type":"Feature","properties":{"fclass":"footway"},"geometry":{"type":"LineString","coordinates":[[112.98757,28.21178],[112.98747,28.21072],[112.98741,28.20994]]}},{"type":"Feature","properties":{"fclass":"footway"},"geometry":{"type":"LineString","coordinates":[[112.98872,28.2097],[112.98764,28.20978]]}},{"type":"Feature","properties":{"fclass":"footway"},"geometry":{"type":"LineString","coordinates":[[112.98716,28.20984],[112.9862,28.2099]]}},{"type":"Feature","properties":{"fclass":"tertiary"},"geometry":{"type":"LineString","coordinates":[[112.96582,28.19883],[112.9663,28.19879],[112.96796,28.19864],[112.96829,28.19863],[112.96977,28.19858],[112.97078,28.19854],[112.9709,28.19854],[112.97202,28.19851],[112.97354,28.19848],[112.97385,28.19847],[112.9754,28.19842],[112.97554,28.19842],[112.97664,28.19838],[112.97892,28.1983]]}},{"type":"Feature","properties":{"fclass":"residential"},"geometry":{"type":"LineString","coordinates":[[112.94829,28.16404],[112.94716,28.16405],[112.94561,28.16422],[112.94334,28.16446],[112.94263,28.16479]]}},{"type":"Feature","properties":{"fclass":"residential"},"geometry":{"type":"LineString","coordinates":[[112.94573,28.16723],[112.94577,28.16682],[112.94597,28.16595],[112.94561,28.16422],[112.94534,28.16238],[112.94522,28.16156]]}},{"type":"Feature","properties":{"fclass":"residential"},"geometry":{"type":"LineString","coordinates":[[112.9476,28.16579],[112.94695,28.16578],[112.94682,28.16514],[112.9472,28.16457],[112.94716,28.16405],[112.94695,28.1628],[112.94623,28.16238],[112.94569,28.16234],[112.94534,28.16238],[112.94477,28.16247],[112.9442,28.16297],[112.9441,28.16334],[112.94438,28.16527]]}},{"type":"Feature","properties":{"fclass":"footway"},"geometry":{"type":"LineString","coordinates":[[112.97307,28.19838],[112.97353,28.19837]]}},{"type":"Feature","properties":{"fclass":"footway"},"geometry":{"type":"LineString","coordinates":[[112.97307,28.19888],[112.97272,28.1989]]}},{"type":"Feature","properties":{"fclass":"service"},"geometry":{"type":"LineString","coordinates":[[112.97167,28.17977],[112.97203,28.17913],[112.97214,28.1787]]}},{"type":"Feature","properties":{"fclass":"service"},"geometry":{"type":"LineString","coordinates":[[112.97241,28.17966],[112.97271,28.1794]]}},{"type":"Feature","properties":{"fclass":"service"},"geometry":{"type":"LineString","coordinates":[[112.97252,28.17975],[112.97241,28.17966],[112.9722,28.17987]]}},{"type":"Feature","properties":{"fclass":"service"},"geometry":{"type":"LineString","coordinates":[[112.972,28.18027],[112.97167,28.17977],[112.97136,28.17967],[112.97106,28.17943],[112.9708,28.1791],[112.97064,28.17888],[112.9705,28.17882],[112.97029,28.17876],[112.97009,28.17869],[112.96984,28.17861],[112.96972,28.17854],[112.96963,28.17845],[112.96961,28.17837],[112.96961,28.17822],[112.96966,28.17681],[112.96967,28.17672]]}},{"type":"Feature","properties":{"fclass":"steps"},"geometry":{"type":"LineString","coordinates":[[112.98507,28.19409],[112.98473,28.1941]]}},{"type":"Feature","properties":{"fclass":"footway"},"geometry":{"type":"LineString","coordinates":[[112.94851,28.21283],[112.94842,28.21371],[112.94822,28.21464],[112.9476,28.21547],[112.94719,28.21591],[112.94656,28.21672],[112.94553,28.217],[112.94523,28.21712]]}},{"type":"Feature","properties":{"fclass":"service"},"geometry":{"type":"LineString","coordinates":[[112.94678,28.21325],[112.94655,28.2144],[112.9465,28.21473]]}},{"type":"Feature","properties":{"fclass":"cycleway"},"geometry":{"type":"LineString","coordinates":[[112.97957,28.18932],[112.97973,28.18919]]}},{"type":"Feature","properties":{"fclass":"steps"},"geometry":{"type":"LineString","coordinates":[[112.97928,28.18956],[112.97957,28.18932]]}},{"type":"Feature","properties":{"fclass":"service"},"geometry":{"type":"LineString","coordinates":[[112.97759,28.18562],[112.97761,28.18584],[112.97691,28.18591]]}},{"type":"Feature","properties":{"fclass":"service"},"geometry":{"type":"LineString","coordinates":[[112.97758,28.18542],[112.97759,28.18562],[112.97711,28.18562]]}},{"type":"Feature","properties":{"fclass":"service"},"geometry":{"type":"LineString","coordinates":[[112.97669,28.18549],[112.977,28.18535],[112.97719,28.18534],[112.97719,28.18543],[112.97758,28.18542],[112.97753,28.18517],[112.97747,28.18498],[112.9774,28.18474],[112.9773,28.18444],[112.97718,28.18414],[112.97706,28.18398],[112.97698,28.18389],[112.97692,28.18378],[112.97681,28.18369],[112.97671,28.18357],[112.97665,28.18326]]}},{"type":"Feature","properties":{"fclass":"residential"},"geometry":{"type":"LineString","coordinates":[[112.97807,28.18641],[112.97817,28.18639]]}},{"type":"Feature","properties":{"fclass":"service"},"geometry":{"type":"LineString","coordinates":[[112.97817,28.18639],[112.97818,28.18557],[112.97826,28.18542],[112.9784,28.18527],[112.97855,28.18521],[112.97908,28.1852],[112.97912,28.18517],[112.97916,28.18511],[112.97917,28.185]]}},{"type":"Feature","properties":{"fclass":"service"},"geometry":{"type":"LineString","coordinates":[[112.97812,28.18373],[112.97793,28.18363],[112.97735,28.1836],[112.97735,28.1834]]}},{"type":"Feature","properties":{"fclass":"service"},"geometry":{"type":"LineString","coordinates":[[112.9838,28.19142],[112.98382,28.19135],[112.98378,28.19134],[112.98374,28.19133],[112.98372,28.19131],[112.98369,28.19126],[112.98369,28.19123],[112.9837,28.19119],[112.98373,28.19116],[112.98377,28.19113],[112.98382,28.19113],[112.98386,28.19113],[112.9839,28.19115],[112.98393,28.19119],[112.98394,28.19123],[112.98394,28.19126],[112.98392,28.19129],[112.98389,28.19133],[112.98385,28.19134],[112.98382,28.19135]]}},{"type":"Feature","properties":{"fclass":"trunk"},"geometry":{"type":"LineString","coordinates":[[112.98954,28.1505],[112.9897,28.15045],[112.98975,28.15044],[112.98982,28.15044],[112.98986,28.15044],[112.99011,28.15045],[112.99082,28.15048],[112.99089,28.15049],[112.99117,28.15048]]}},{"type":"Feature","properties":{"fclass":"primary"},"geometry":{"type":"LineString","coordinates":[[112.95279,28.21115],[112.95283,28.21141],[112.95286,28.21162]]}},{"type":"Feature","properties":{"fclass":"primary"},"geometry":{"type":"LineString","coordinates":[[112.9516,28.20318],[112.95177,28.20477],[112.95229,28.20656],[112.95257,28.20869],[112.95277,28.21098],[112.95279,28.21115]]}},{"type":"Feature","properties":{"fclass":"primary"},"geometry":{"type":"LineString","coordinates":[[112.9515,28.20319],[112.95144,28.20281],[112.95125,28.20165]]}},{"type":"Feature","properties":{"fclass":"tertiary"},"geometry":{"type":"LineString","coordinates":[[112.95157,28.20294],[112.95172,28.20328],[112.95189,28.20486],[112.95202,28.2053],[112.95225,28.20605],[112.95213,28.20645],[112.95243,28.2085],[112.95255,28.20983],[112.95276,28.21009],[112.95289,28.21122],[112.95283,28.21141]]}},{"type":"Feature","properties":{"fclass":"tertiary"},"geometry":{"type":"LineString","coordinates":[[112.95268,28.21144],[112.95256,28.2112],[112.95242,28.2095],[112.95237,28.20882],[112.95213,28.20698],[112.95196,28.20621],[112.95162,28.20519],[112.95158,28.20486],[112.95156,28.20474],[112.95149,28.2042],[112.95139,28.20303],[112.95144,28.20281]]}},{"type":"Feature","properties":{"fclass":"tertiary"},"geometry":{"type":"LineString","coordinates":[[112.95121,28.20496],[112.95147,28.20492],[112.95158,28.20486],[112.95189,28.20486]]}},{"type":"Feature","properties":{"fclass":"tertiary"},"geometry":{"type":"LineString","coordinates":[[112.95202,28.2053],[112.95175,28.20538],[112.9515,28.20536],[112.95141,28.2053]]}},{"type":"Feature","properties":{"fclass":"primary"},"geometry":{"type":"LineString","coordinates":[[112.95125,28.20165],[112.95114,28.20063],[112.951,28.19898]]}},{"type":"Feature","properties":{"fclass":"residential"},"geometry":{"type":"LineString","coordinates":[[112.94741,28.20217],[112.94813,28.20416],[112.94832,28.20443],[112.94873,28.20501],[112.94959,28.20624],[112.94961,28.20627],[112.95051,28.20745],[112.95042,28.20926],[112.95051,28.20948],[112.95115,28.21098]]}},{"type":"Feature","properties":{"fclass":"secondary"},"geometry":{"type":"LineString","coordinates":[[112.91681,28.20372],[112.91654,28.2056],[112.91644,28.20626],[112.91738,28.21099],[112.91762,28.21277],[112.91764,28.2129]]}},{"type":"Feature","properties":{"fclass":"secondary"},"geometry":{"type":"LineString","coordinates":[[112.95235,28.22942],[112.95237,28.22603],[112.95241,28.22427],[112.95324,28.22047],[112.95462,28.21807]]}},{"type":"Feature","properties":{"fclass":"residential"},"geometry":{"type":"LineString","coordinates":[[112.98844,28.15488],[112.98858,28.15479],[112.98901,28.15466],[112.98943,28.15451],[112.99002,28.15411],[112.99232,28.15351],[112.99232,28.15343],[112.99232,28.15188]]}},{"type":"Feature","properties":{"fclass":"residential"},"geometry":{"type":"LineString","coordinates":[[112.98955,28.1568],[112.99117,28.15677],[112.9918,28.15618],[112.99332,28.15621],[112.99343,28.15625]]}},{"type":"Feature","properties":{"fclass":"residential"},"geometry":{"type":"LineString","coordinates":[[112.99232,28.15343],[112.99249,28.15349],[112.99479,28.15349]]}},{"type":"Feature","properties":{"fclass":"residential"},"geometry":{"type":"LineString","coordinates":[[112.98961,28.15522],[112.98955,28.1568],[112.98878,28.15679]]}},{"type":"Feature","properties":{"fclass":"trunk"},"geometry":{"type":"LineString","coordinates":[[112.90318,28.21251],[112.90186,28.21217],[112.90126,28.21205],[112.9012,28.21205],[112.90112,28.21202],[112.89768,28.21117],[112.8976,28.21115],[112.89748,28.21111],[112.89682,28.21097],[112.89585,28.21068],[112.89447,28.21006],[112.89392,28.20976],[112.89288,28.2092],[112.8925,28.20899],[112.88966,28.20747],[112.88958,28.20743],[112.88945,28.20736],[112.88936,28.20732],[112.88618,28.20559],[112.88304,28.20389]]}},{"type":"Feature","properties":{"fclass":"trunk"},"geometry":{"type":"LineString","coordinates":[[112.91566,28.17485],[112.91565,28.17472]]}},{"type":"Feature","properties":{"fclass":"trunk"},"geometry":{"type":"LineString","coordinates":[[112.91565,28.17472],[112.9156,28.17413],[112.91562,28.17337],[112.91571,28.17251],[112.9159,28.17167],[112.91604,28.1712],[112.91631,28.17055],[112.91659,28.16997],[112.917,28.16925],[112.91758,28.16847],[112.91784,28.16811],[112.91809,28.16785],[112.91862,28.16728],[112.91933,28.16652]]}},{"type":"Feature","properties":{"fclass":"trunk"},"geometry":{"type":"LineString","coordinates":[[112.91578,28.17471],[112.9158,28.17491]]}},{"type":"Feature","properties":{"fclass":"trunk"},"geometry":{"type":"LineString","coordinates":[[112.9158,28.17491],[112.91603,28.17603],[112.91626,28.17673],[112.91683,28.17856],[112.91877,28.18496],[112.91886,28.18553],[112.91889,28.18606],[112.91881,28.18677],[112.91859,28.18762],[112.91842,28.1881],[112.91754,28.18939],[112.91503,28.1927],[112.91319,28.19481]]}},{"type":"Feature","properties":{"fclass":"tertiary"},"geometry":{"type":"LineString","coordinates":[[112.96196,28.16824],[112.96178,28.16747],[112.96167,28.16719],[112.96113,28.16588],[112.96112,28.16587],[112.96081,28.16565],[112.96057,28.16598],[112.96045,28.16626],[112.96043,28.16661],[112.96034,28.16684],[112.96023,28.16698]]}},{"type":"Feature","properties":{"fclass":"tertiary"},"geometry":{"type":"LineString","coordinates":[[112.95993,28.16695],[112.96023,28.16698]]}},{"type":"Feature","properties":{"fclass":"tertiary"},"geometry":{"type":"LineString","coordinates":[[112.96023,28.16698],[112.96025,28.16716],[112.96023,28.16745]]}},{"type":"Feature","properties":{"fclass":"residential"},"geometry":{"type":"LineString","coordinates":[[112.96422,28.16816],[112.96413,28.16724],[112.96412,28.16721],[112.96404,28.16715],[112.96361,28.16683],[112.96333,28.166],[112.9631,28.16573],[112.96271,28.1654]]}},{"type":"Feature","properties":{"fclass":"tertiary"},"geometry":{"type":"LineString","coordinates":[[112.96081,28.16565],[112.96125,28.16533],[112.9616,28.16531],[112.96173,28.16532],[112.96235,28.16537],[112.96271,28.1654]]}},{"type":"Feature","properties":{"fclass":"tertiary"},"geometry":{"type":"LineString","coordinates":[[112.96612,28.15521],[112.95997,28.15498]]}},{"type":"Feature","properties":{"fclass":"residential"},"geometry":{"type":"LineString","coordinates":[[112.89333,28.18668],[112.89432,28.1863],[112.89492,28.18607],[112.89545,28.18595],[112.89588,28.18589],[112.89646,28.18601],[112.89872,28.18714],[112.90109,28.1884]]}},{"type":"Feature","properties":{"fclass":"tertiary"},"geometry":{"type":"LineString","coordinates":[[112.8999,28.19049],[112.90091,28.18873],[112.90109,28.1884],[112.90128,28.18796],[112.90132,28.18651],[112.90144,28.18635],[112.90177,28.18589],[112.90235,28.18437],[112.90294,28.1837],[112.90296,28.18336],[112.90323,28.18256],[112.9027,28.18132],[112.90198,28.18074],[112.90109,28.18049],[112.90119,28.18],[112.90172,28.17986],[112.90187,28.17948],[112.90144,28.17918],[112.90107,28.17951],[112.90041,28.17948],[112.89893,28.17871],[112.89818,28.17852],[112.89753,28.17857],[112.89702,28.17859],[112.89662,28.17876],[112.8961,28.17914],[112.89572,28.17948],[112.89526,28.17982],[112.8946,28.1803],[112.89398,28.18061],[112.89359,28.1808],[112.89351,28.181],[112.89347,28.18123],[112.89334,28.18187],[112.89285,28.18215],[112.89271,28.18245],[112.89246,28.18253],[112.89215,28.18259],[112.89176,28.1828]]}},{"type":"Feature","properties":{"fclass":"living_street"},"geometry":{"type":"LineString","coordinates":[[112.98115,28.18221],[112.98227,28.18179],[112.98547,28.18164],[112.98551,28.182],[112.98646,28.18213]]}},{"type":"Feature","properties":{"fclass":"living_street"},"geometry":{"type":"LineString","coordinates":[[112.92508,28.20344],[112.92535,28.20307],[112.92611,28.20203],[112.92632,28.20198],[112.9278,28.20203]]}},{"type":"Feature","properties":{"fclass":"living_street"},"geometry":{"type":"LineString","coordinates":[[112.92535,28.20307],[112.92537,28.20235],[112.92539,28.20173],[112.92541,28.20113],[112.92542,28.20078],[112.92543,28.20043],[112.92543,28.20002],[112.92544,28.19983]]}},{"type":"Feature","properties":{"fclass":"living_street"},"geometry":{"type":"LineString","coordinates":[[112.92535,28.20307],[112.92631,28.20272]]}},{"type":"Feature","properties":{"fclass":"living_street"},"geometry":{"type":"LineString","coordinates":[[112.92631,28.20272],[112.92635,28.2018],[112.92637,28.20116],[112.92638,28.20081],[112.9264,28.20045],[112.92641,28.20005],[112.92653,28.19702]]}},{"type":"Feature","properties":{"fclass":"living_street"},"geometry":{"type":"LineString","coordinates":[[112.92631,28.20272],[112.9282,28.20273]]}},{"type":"Feature","properties":{"fclass":"living_street"},"geometry":{"type":"LineString","coordinates":[[112.92541,28.20113],[112.92637,28.20116]]}},{"type":"Feature","properties":{"fclass":"living_street"},"geometry":{"type":"LineString","coordinates":[[112.92542,28.20078],[112.92638,28.20081]]}},{"type":"Feature","properties":{"fclass":"living_street"},"geometry":{"type":"LineString","coordinates":[[112.92543,28.20043],[112.9264,28.20045]]}},{"type":"Feature","properties":{"fclass":"living_street"},"geometry":{"type":"LineString","coordinates":[[112.92543,28.20002],[112.92641,28.20005]]}},{"type":"Feature","properties":{"fclass":"living_street"},"geometry":{"type":"LineString","coordinates":[[112.92537,28.20235],[112.92442,28.20232],[112.92442,28.20169],[112.92539,28.20173]]}},{"type":"Feature","properties":{"fclass":"living_street"},"geometry":{"type":"LineString","coordinates":[[112.92442,28.20169],[112.92379,28.20164],[112.92375,28.20236],[112.92381,28.20122],[112.92379,28.20164]]}},{"type":"Feature","properties":{"fclass":"living_street"},"geometry":{"type":"LineString","coordinates":[[112.92539,28.20173],[112.92635,28.2018]]}},{"type":"Feature","properties":{"fclass":"residential"},"geometry":{"type":"LineString","coordinates":[[112.94599,28.21144],[112.94604,28.2113],[112.94606,28.2112],[112.94607,28.21104],[112.94609,28.21079],[112.94611,28.21066],[112.94608,28.21034],[112.94602,28.21011],[112.94586,28.20939],[112.94568,28.20894],[112.94562,28.20865],[112.94559,28.20839],[112.94559,28.20794],[112.94558,28.20764],[112.9465,28.20764]]}},{"type":"Feature","properties":{"fclass":"residential"},"geometry":{"type":"LineString","coordinates":[[112.9469,28.20936],[112.94625,28.20934]]}},{"type":"Feature","properties":{"fclass":"residential"},"geometry":{"type":"LineString","coordinates":[[112.94586,28.20939],[112.94607,28.20934],[112.9469,28.20936]]}},{"type":"Feature","properties":{"fclass":"residential"},"geometry":{"type":"LineString","coordinates":[[112.92561,28.176],[112.92609,28.17608]]}},{"type":"Feature","properties":{"fclass":"living_street"},"geometry":{"type":"LineString","coordinates":[[112.92924,28.16324],[112.92924,28.1627],[112.92937,28.16242],[112.92967,28.16212],[112.92997,28.16188],[112.93037,28.16176],[112.93038,28.16208],[112.93038,28.16244],[112.93038,28.16271],[112.92986,28.16271],[112.92985,28.16304],[112.92971,28.16304],[112.9297,28.1635]]}},{"type":"Feature","properties":{"fclass":"service"},"geometry":{"type":"LineString","coordinates":[[112.92924,28.16324],[112.92923,28.16291],[112.92924,28.1627],[112.92916,28.16276],[112.92882,28.16303],[112.92872,28.16335],[112.92867,28.16377],[112.9286,28.16412],[112.92773,28.16401],[112.92756,28.16398],[112.92762,28.16364]]}},{"type":"Feature","properties":{"fclass":"residential"},"geometry":{"type":"LineString","coordinates":[[112.98425,28.21133],[112.9843,28.2116],[112.98432,28.21169],[112.98448,28.21167],[112.98449,28.21173],[112.98452,28.21191],[112.98461,28.21241],[112.98475,28.21316],[112.98477,28.21329],[112.98467,28.21332],[112.98469,28.21342],[112.98471,28.2135],[112.98475,28.21365],[112.985,28.2136],[112.98571,28.21349],[112.98574,28.2137],[112.98486,28.2138],[112.98488,28.21391],[112.98499,28.21395],[112.98509,28.21402],[112.98509,28.21404],[112.98509,28.21416],[112.98505,28.21417],[112.98508,28.21436],[112.9851,28.2145],[112.98515,28.21457],[112.98585,28.21449],[112.98589,28.21466]]}},{"type":"Feature","properties":{"fclass":"residential"},"geometry":{"type":"LineString","coordinates":[[112.98486,28.2138],[112.98475,28.21365]]}},{"type":"Feature","properties":{"fclass":"residential"},"geometry":{"type":"LineString","coordinates":[[112.98509,28.21416],[112.98579,28.21407],[112.98578,28.21395],[112.98509,28.21404]]}},{"type":"Feature","properties":{"fclass":"residential"},"geometry":{"type":"LineString","coordinates":[[112.98585,28.21449],[112.98579,28.21407],[112.98578,28.21395],[112.98574,28.2137],[112.98571,28.21349],[112.98567,28.21323],[112.98567,28.21321],[112.98567,28.21315],[112.98557,28.21316],[112.98548,28.2126],[112.9854,28.21261],[112.98537,28.21244],[112.98561,28.21241],[112.98559,28.2123],[112.98461,28.21241]]}},{"type":"Feature","properties":{"fclass":"residential"},"geometry":{"type":"LineString","coordinates":[[112.98256,28.21335],[112.98263,28.21335],[112.98362,28.21325],[112.98376,28.21324],[112.98397,28.21327],[112.98475,28.21316]]}},{"type":"Feature","properties":{"fclass":"residential"},"geometry":{"type":"LineString","coordinates":[[112.98589,28.21466],[112.9839,28.21492],[112.98302,28.21504],[112.98285,28.21506],[112.98268,28.21508],[112.98297,28.21684]]}},{"type":"Feature","properties":{"fclass":"residential"},"geometry":{"type":"LineString","coordinates":[[112.98477,28.21329],[112.98567,28.21321]]}},{"type":"Feature","properties":{"fclass":"residential"},"geometry":{"type":"LineString","coordinates":[[112.98457,28.21206],[112.98552,28.21193],[112.98547,28.21159],[112.98449,28.21173]]}},{"type":"Feature","properties":{"fclass":"residential"},"geometry":{"type":"LineString","coordinates":[[112.98559,28.2123],[112.98552,28.21193]]}},{"type":"Feature","properties":{"fclass":"residential"},"geometry":{"type":"LineString","coordinates":[[112.98293,28.21443],[112.98387,28.21432]]}},{"type":"Feature","properties":{"fclass":"residential"},"geometry":{"type":"LineString","coordinates":[[112.9839,28.21492],[112.98389,28.21472],[112.98388,28.21451],[112.98387,28.21432],[112.98387,28.21426],[112.9838,28.21406],[112.98376,28.21389],[112.98374,28.21385],[112.98373,28.21379],[112.98368,28.21355],[112.98362,28.21325]]}},{"type":"Feature","properties":{"fclass":"residential"},"geometry":{"type":"LineString","coordinates":[[112.98389,28.21472],[112.98515,28.21457]]}},{"type":"Feature","properties":{"fclass":"residential"},"geometry":{"type":"LineString","coordinates":[[112.98388,28.21451],[112.98508,28.21436]]}},{"type":"Feature","properties":{"fclass":"residential"},"geometry":{"type":"LineString","coordinates":[[112.98387,28.21432],[112.98505,28.21417]]}},{"type":"Feature","properties":{"fclass":"residential"},"geometry":{"type":"LineString","coordinates":[[112.9838,28.21406],[112.98488,28.21391]]}},{"type":"Feature","properties":{"fclass":"residential"},"geometry":{"type":"LineString","coordinates":[[112.98373,28.21379],[112.98475,28.21365]]}},{"type":"Feature","properties":{"fclass":"residential"},"geometry":{"type":"LineString","coordinates":[[112.98368,28.21355],[112.98469,28.21342]]}},{"type":"Feature","properties":{"fclass":"residential"},"geometry":{"type":"LineString","coordinates":[[112.98302,28.21504],[112.98293,28.21443],[112.98276,28.21356],[112.98265,28.21356],[112.98263,28.21335]]}},{"type":"Feature","properties":{"fclass":"residential"},"geometry":{"type":"LineString","coordinates":[[112.9838,28.21406],[112.98324,28.21415],[112.98319,28.21397],[112.98376,28.21389]]}},{"type":"Feature","properties":{"fclass":"residential"},"geometry":{"type":"LineString","coordinates":[[112.98256,28.21335],[112.98224,28.21336],[112.98217,28.21308],[112.98214,28.21293],[112.98212,28.21286]]}},{"type":"Feature","properties":{"fclass":"residential"},"geometry":{"type":"LineString","coordinates":[[112.98217,28.21308],[112.98329,28.21297]]}},{"type":"Feature","properties":{"fclass":"residential"},"geometry":{"type":"LineString","coordinates":[[112.98212,28.21286],[112.98332,28.21273]]}},{"type":"Feature","properties":{"fclass":"residential"},"geometry":{"type":"LineString","coordinates":[[112.98334,28.21325],[112.98329,28.21297],[112.98332,28.21273],[112.98332,28.2127],[112.98328,28.21259],[112.9834,28.21245],[112.98342,28.21242],[112.98344,28.21234],[112.98345,28.21228],[112.98342,28.21205],[112.98338,28.21172],[112.9843,28.2116]]}},{"type":"Feature","properties":{"fclass":"residential"},"geometry":{"type":"LineString","coordinates":[[112.98342,28.21205],[112.98452,28.21191]]}},{"type":"Feature","properties":{"fclass":"residential"},"geometry":{"type":"LineString","coordinates":[[112.9834,28.21245],[112.98359,28.21255],[112.98461,28.21241]]}},{"type":"Feature","properties":{"fclass":"residential"},"geometry":{"type":"LineString","coordinates":[[112.98193,28.21264],[112.98273,28.21256],[112.9827,28.21244],[112.98344,28.21234]]}},{"type":"Feature","properties":{"fclass":"service"},"geometry":{"type":"LineString","coordinates":[[112.98316,28.20794],[112.98382,28.20794],[112.98382,28.2083],[112.98317,28.2083],[112.98316,28.20794],[112.98312,28.20696]]}},{"type":"Feature","properties":{"fclass":"residential"},"geometry":{"type":"LineString","coordinates":[[112.98339,28.20506],[112.98344,28.20519],[112.9835,28.20538],[112.98358,28.20562],[112.98365,28.20585],[112.98431,28.20581],[112.98424,28.20559],[112.98416,28.20531],[112.9841,28.20513],[112.98408,28.20503],[112.98404,28.20484],[112.98397,28.20456],[112.98333,28.20464],[112.98339,28.20506]]}},{"type":"Feature","properties":{"fclass":"residential"},"geometry":{"type":"LineString","coordinates":[[112.98358,28.20562],[112.98424,28.20559]]}},{"type":"Feature","properties":{"fclass":"residential"},"geometry":{"type":"LineString","coordinates":[[112.9835,28.20538],[112.98416,28.20531]]}},{"type":"Feature","properties":{"fclass":"residential"},"geometry":{"type":"LineString","coordinates":[[112.98344,28.20519],[112.98408,28.20503]]}},{"type":"Feature","properties":{"fclass":"residential"},"geometry":{"type":"LineString","coordinates":[[112.98525,28.20885],[112.98216,28.20882]]}},{"type":"Feature","properties":{"fclass":"footway"},"geometry":{"type":"LineString","coordinates":[[112.93577,28.15461],[112.93396,28.15465],[112.93308,28.15467],[112.93261,28.15469],[112.93239,28.15469],[112.93226,28.1547],[112.93218,28.15468],[112.93214,28.15468]]}},{"type":"Feature","properties":{"fclass":"footway"},"geometry":{"type":"LineString","coordinates":[[112.93204,28.15842],[112.93212,28.15823],[112.93213,28.15806],[112.93208,28.15775],[112.93202,28.15742],[112.932,28.15724],[112.93198,28.15717],[112.93201,28.15709],[112.93195,28.15668],[112.93191,28.15648],[112.93183,28.15605],[112.9318,28.15578],[112.93178,28.15527],[112.93172,28.15503]]}},{"type":"Feature","properties":{"fclass":"footway"},"geometry":{"type":"LineString","coordinates":[[112.93171,28.15468],[112.93172,28.15476],[112.93172,28.15484],[112.93172,28.15503]]}},{"type":"Feature","properties":{"fclass":"footway"},"geometry":{"type":"LineString","coordinates":[[112.93214,28.15468],[112.93207,28.15466],[112.93193,28.15467],[112.93171,28.15468]]}},{"type":"Feature","properties":{"fclass":"footway"},"geometry":{"type":"LineString","coordinates":[[112.93172,28.15503],[112.93194,28.15502],[112.93215,28.15502],[112.93214,28.15468]]}},{"type":"Feature","properties":{"fclass":"residential"},"geometry":{"type":"LineString","coordinates":[[112.92658,28.16972],[112.92685,28.16786],[112.92707,28.16771],[112.92708,28.16754],[112.92703,28.16739]]}},{"type":"Feature","properties":{"fclass":"unclassified"},"geometry":{"type":"LineString","coordinates":[[112.92539,28.17379],[112.92478,28.17372],[112.9246,28.17371],[112.92363,28.17359]]}},{"type":"Feature","properties":{"fclass":"unclassified"},"geometry":{"type":"LineString","coordinates":[[112.92363,28.17359],[112.9226,28.17348],[112.92151,28.17337],[112.92109,28.17333],[112.92088,28.17335],[112.92068,28.17338],[112.9204,28.17345]]}},{"type":"Feature","properties":{"fclass":"residential"},"geometry":{"type":"LineString","coordinates":[[112.92658,28.16972],[112.92687,28.16998],[112.92704,28.17031],[112.92685,28.17141],[112.92672,28.17228],[112.92653,28.17329],[112.92643,28.17385],[112.9262,28.17389]]}},{"type":"Feature","properties":{"fclass":"footway"},"geometry":{"type":"LineString","coordinates":[[112.92546,28.17323],[112.92547,28.17323],[112.92653,28.17329]]}},{"type":"Feature","properties":{"fclass":"footway"},"geometry":{"type":"LineString","coordinates":[[112.92471,28.17321],[112.92546,28.17323]]}},{"type":"Feature","properties":{"fclass":"steps"},"geometry":{"type":"LineString","coordinates":[[112.92465,28.17322],[112.92471,28.17321]]}},{"type":"Feature","properties":{"fclass":"steps"},"geometry":{"type":"LineString","coordinates":[[112.92585,28.17128],[112.92685,28.17141]]}},{"type":"Feature","properties":{"fclass":"path"},"geometry":{"type":"LineString","coordinates":[[112.92348,28.17459],[112.92439,28.17469]]}},{"type":"Feature","properties":{"fclass":"residential"},"geometry":{"type":"LineString","coordinates":[[112.92477,28.17378],[112.92478,28.17372]]}},{"type":"Feature","properties":{"fclass":"footway"},"geometry":{"type":"LineString","coordinates":[[112.92601,28.17022],[112.92704,28.17031]]}},{"type":"Feature","properties":{"fclass":"secondary"},"geometry":{"type":"LineString","coordinates":[[112.94634,28.15774],[112.94469,28.15812],[112.94426,28.15825],[112.94267,28.15873],[112.94168,28.15911],[112.93955,28.16003]]}},{"type":"Feature","properties":{"fclass":"secondary"},"geometry":{"type":"LineString","coordinates":[[112.94634,28.15774],[112.94649,28.1577]]}},{"type":"Feature","properties":{"fclass":"steps"},"geometry":{"type":"LineString","coordinates":[[112.92525,28.17249],[112.92548,28.17236],[112.92564,28.17227]]}},{"type":"Feature","properties":{"fclass":"residential"},"geometry":{"type":"LineString","coordinates":[[112.92564,28.17227],[112.92582,28.17128],[112.92601,28.17022]]}},{"type":"Feature","properties":{"fclass":"residential"},"geometry":{"type":"LineString","coordinates":[[112.92601,28.17022],[112.92621,28.16992],[112.92637,28.16981],[112.92654,28.16971]]}},{"type":"Feature","properties":{"fclass":"residential"},"geometry":{"type":"LineString","coordinates":[[112.9268,28.16787],[112.92679,28.16779],[112.92671,28.16771],[112.92672,28.16754],[112.92678,28.16739],[112.92687,28.16735]]}},{"type":"Feature","properties":{"fclass":"residential"},"geometry":{"type":"LineString","coordinates":[[112.92489,28.17265],[112.92525,28.17249]]}},{"type":"Feature","properties":{"fclass":"residential"},"geometry":{"type":"LineString","coordinates":[[112.92654,28.16971],[112.9268,28.16787]]}},{"type":"Feature","properties":{"fclass":"tertiary"},"geometry":{"type":"LineString","coordinates":[[112.93227,28.163],[112.93218,28.16375],[112.93218,28.1638]]}},{"type":"Feature","properties":{"fclass":"tertiary"},"geometry":{"type":"LineString","coordinates":[[112.93218,28.1638],[112.9321,28.16453],[112.9319,28.16473],[112.93163,28.16482]]}},{"type":"Feature","properties":{"fclass":"tertiary"},"geometry":{"type":"LineString","coordinates":[[112.93163,28.16482],[112.93164,28.16485],[112.93164,28.16488],[112.93164,28.16489],[112.93163,28.16493],[112.9316,28.16496],[112.93156,28.16498],[112.93151,28.16498]]}},{"type":"Feature","properties":{"fclass":"tertiary"},"geometry":{"type":"LineString","coordinates":[[112.93105,28.16863],[112.93151,28.16498]]}},{"type":"Feature","properties":{"fclass":"secondary"},"geometry":{"type":"LineString","coordinates":[[112.93105,28.16863],[112.93174,28.16886],[112.93224,28.16905],[112.93379,28.16951],[112.93515,28.16992],[112.93569,28.17015],[112.93671,28.17065],[112.93715,28.1711],[112.93861,28.17307],[112.93877,28.17306],[112.93893,28.17301]]}},{"type":"Feature","properties":{"fclass":"primary"},"geometry":{"type":"LineString","coordinates":[[112.93893,28.17301],[112.94037,28.17131],[112.94082,28.17091]]}},{"type":"Feature","properties":{"fclass":"residential"},"geometry":{"type":"LineString","coordinates":[[112.9265,28.16031],[112.92636,28.16067],[112.92632,28.16077],[112.92641,28.16086],[112.92654,28.16094],[112.92682,28.16108],[112.92706,28.16112],[112.9272,28.16113],[112.92745,28.16115],[112.92767,28.16112],[112.9279,28.16106],[112.92807,28.161],[112.92843,28.16083],[112.92858,28.16077],[112.92869,28.16074],[112.92878,28.16069]]}},{"type":"Feature","properties":{"fclass":"secondary"},"geometry":{"type":"LineString","coordinates":[[112.93955,28.16003],[112.93866,28.15858],[112.93823,28.15814],[112.93788,28.15756],[112.93772,28.15736]]}},{"type":"Feature","properties":{"fclass":"secondary"},"geometry":{"type":"LineString","coordinates":[[112.93623,28.15692],[112.93663,28.15711],[112.93772,28.15736],[112.9383,28.15721],[112.93857,28.15668],[112.93887,28.15609],[112.93888,28.15555],[112.93879,28.15513],[112.93897,28.15464]]}},{"type":"Feature","properties":{"fclass":"footway"},"geometry":{"type":"LineString","coordinates":[[112.92609,28.17608],[112.92616,28.1761],[112.92615,28.17613],[112.92621,28.17614],[112.92628,28.17631],[112.92627,28.1765],[112.92631,28.1766],[112.92645,28.17675],[112.92648,28.17727],[112.92654,28.17744],[112.92653,28.17774],[112.92665,28.17791],[112.92663,28.17812],[112.92812,28.17875],[112.92814,28.17905],[112.9287,28.17952]]}},{"type":"Feature","properties":{"fclass":"service"},"geometry":{"type":"LineString","coordinates":[[112.93404,28.15292],[112.93184,28.15285],[112.93177,28.15285],[112.92929,28.15284]]}},{"type":"Feature","properties":{"fclass":"service"},"geometry":{"type":"LineString","coordinates":[[112.92934,28.15269],[112.93173,28.15271],[112.93184,28.15272],[112.93403,28.15275]]}},{"type":"Feature","properties":{"fclass":"footway"},"geometry":{"type":"LineString","coordinates":[[112.93218,28.16375],[112.93228,28.16286],[112.93224,28.16271],[112.93186,28.16273],[112.93157,28.16198],[112.93131,28.1618],[112.9313,28.16155],[112.93106,28.16127]]}},{"type":"Feature","properties":{"fclass":"footway"},"geometry":{"type":"LineString","coordinates":[[112.92778,28.16365],[112.92773,28.16364],[112.92777,28.16352],[112.92778,28.16342],[112.9278,28.16329],[112.92783,28.16318],[112.92784,28.16308],[112.92786,28.16296],[112.92793,28.16288],[112.92797,28.1628],[112.92797,28.16274],[112.92802,28.16265],[112.92804,28.16256],[112.92807,28.16249],[112.92813,28.16239],[112.92819,28.16232],[112.92826,28.16222],[112.9283,28.16215],[112.92834,28.16211],[112.92841,28.16202],[112.92847,28.16191],[112.92856,28.16183],[112.92866,28.16172],[112.92874,28.16165],[112.92883,28.16162],[112.92885,28.16156],[112.92888,28.16153],[112.92903,28.16146],[112.92911,28.16139],[112.92914,28.16137],[112.92922,28.1614],[112.92928,28.16141],[112.92937,28.16137],[112.9294,28.16135]]}},{"type":"Feature","properties":{"fclass":"trunk"},"geometry":{"type":"LineString","coordinates":[[112.92164,28.16466],[112.921,28.16515],[112.91946,28.16658]]}},{"type":"Feature","properties":{"fclass":"trunk"},"geometry":{"type":"LineString","coordinates":[[112.91946,28.16658],[112.91945,28.16658],[112.91873,28.16737],[112.91818,28.16793],[112.91769,28.16854],[112.91711,28.16928],[112.91671,28.17],[112.91623,28.17104],[112.91606,28.1716],[112.91585,28.17244],[112.91577,28.17301],[112.91574,28.17366],[112.91574,28.17429],[112.91578,28.17471]]}},{"type":"Feature","properties":{"fclass":"trunk"},"geometry":{"type":"LineString","coordinates":[[112.91933,28.16652],[112.92154,28.16454]]}},{"type":"Feature","properties":{"fclass":"secondary"},"geometry":{"type":"LineString","coordinates":[[112.98096,28.19404],[112.98235,28.19416],[112.98354,28.19424],[112.98551,28.19443]]}},{"type":"Feature","properties":{"fclass":"secondary"},"geometry":{"type":"LineString","coordinates":[[112.98551,28.19448],[112.98353,28.1943],[112.98234,28.19421],[112.98096,28.19409]]}},{"type":"Feature","properties":{"fclass":"secondary"},"geometry":{"type":"LineString","coordinates":[[112.98551,28.19443],[112.98566,28.19443],[112.98648,28.19443],[112.98655,28.19442],[112.98662,28.19442],[112.9882,28.19434],[112.98864,28.19432],[112.99109,28.19418],[112.99128,28.19415]]}},{"type":"Feature","properties":{"fclass":"secondary"},"geometry":{"type":"LineString","coordinates":[[112.99127,28.19423],[112.99108,28.19425],[112.98865,28.1944],[112.98655,28.1945],[112.98648,28.1945],[112.98612,28.19449],[112.98574,28.19448],[112.98568,28.19447],[112.98551,28.19448]]}},{"type":"Feature","properties":{"fclass":"footway"},"geometry":{"type":"LineString","coordinates":[[112.98736,28.21246],[112.98761,28.21244],[112.98785,28.21243],[112.98784,28.21223],[112.98782,28.21201],[112.98759,28.21203],[112.98733,28.21204],[112.98735,28.21225],[112.98736,28.21246]]}},{"type":"Feature","properties":{"fclass":"footway"},"geometry":{"type":"LineString","coordinates":[[112.99728,28.20891],[112.99725,28.20877]]}},{"type":"Feature","properties":{"fclass":"footway"},"geometry":{"type":"LineString","coordinates":[[112.99402,28.2109],[112.99373,28.21078],[112.99368,28.2109],[112.99308,28.21064],[112.99302,28.21075],[112.99264,28.21059],[112.99266,28.21055],[112.99233,28.21041]]}},{"type":"Feature","properties":{"fclass":"footway"},"geometry":{"type":"LineString","coordinates":[[112.99725,28.20877],[112.99723,28.20862],[112.9972,28.20845],[112.99715,28.20828]]}},{"type":"Feature","properties":{"fclass":"footway"},"geometry":{"type":"LineString","coordinates":[[112.99626,28.2128],[112.99627,28.21275]]}},{"type":"Feature","properties":{"fclass":"footway"},"geometry":{"type":"LineString","coordinates":[[112.98717,28.20995],[112.98741,28.20994],[112.98765,28.20992],[112.98764,28.20978],[112.98763,28.20961],[112.98748,28.20962],[112.98747,28.20946],[112.98736,28.20947],[112.98725,28.20948],[112.98726,28.20964],[112.98714,28.20965],[112.98716,28.20984],[112.98717,28.20995]]}},{"type":"Feature","properties":{"fclass":"footway"},"geometry":{"type":"LineString","coordinates":[[112.92917,28.16112],[112.92928,28.16102],[112.92941,28.1607],[112.93053,28.16005],[112.93155,28.15929]]}},{"type":"Feature","properties":{"fclass":"footway"},"geometry":{"type":"LineString","coordinates":[[112.93155,28.15929],[112.93214,28.15892],[112.93245,28.15892],[112.93267,28.15882],[112.93282,28.15862],[112.93281,28.15841],[112.93619,28.15706],[112.93626,28.15704]]}},{"type":"Feature","properties":{"fclass":"living_street"},"geometry":{"type":"LineString","coordinates":[[112.93513,28.1727],[112.9353,28.17242],[112.93551,28.17223],[112.93582,28.17205],[112.93614,28.17184],[112.93636,28.17154],[112.9364,28.17147],[112.93648,28.17141],[112.93651,28.17127],[112.93641,28.1705]]}},{"type":"Feature","properties":{"fclass":"living_street"},"geometry":{"type":"LineString","coordinates":[[112.93641,28.17458],[112.9364,28.17441],[112.93644,28.17415],[112.93662,28.17369],[112.93673,28.17315],[112.93696,28.17283],[112.93727,28.17303],[112.93759,28.17312],[112.93773,28.17329],[112.93795,28.17346],[112.93815,28.17342],[112.93843,28.17311],[112.93855,28.17299]]}},{"type":"Feature","properties":{"fclass":"path"},"geometry":{"type":"LineString","coordinates":[[112.94146,28.20835],[112.94177,28.20811],[112.94227,28.20791],[112.94302,28.20771],[112.94385,28.20741],[112.94443,28.207],[112.94496,28.20665],[112.94523,28.20627],[112.94558,28.20559],[112.94613,28.20521],[112.94722,28.20465],[112.94793,28.20416],[112.94821,28.20402],[112.94989,28.20302]]}},{"type":"Feature","properties":{"fclass":"residential"},"geometry":{"type":"LineString","coordinates":[[112.91858,28.1953],[112.9186,28.19495],[112.9186,28.19487],[112.91849,28.19469],[112.91848,28.19455],[112.91844,28.19435],[112.9186,28.19403],[112.91859,28.19384],[112.9185,28.19374],[112.91828,28.19368],[112.91813,28.19353],[112.91823,28.19337],[112.91796,28.19311],[112.91774,28.19284],[112.91764,28.19257],[112.91762,28.19237],[112.91767,28.19219],[112.91793,28.19123],[112.91817,28.1908],[112.9188,28.19019],[112.91928,28.18994],[112.91962,28.18978],[112.92027,28.18973],[112.92053,28.18972],[112.92093,28.19]]}},{"type":"Feature","properties":{"fclass":"residential"},"geometry":{"type":"LineString","coordinates":[[112.96112,28.16587],[112.96112,28.16569],[112.96131,28.16556],[112.96154,28.16551],[112.96156,28.16552],[112.96158,28.16555],[112.96161,28.16556],[112.96165,28.16557],[112.96173,28.16557],[112.96193,28.16556],[112.96222,28.16557],[112.96246,28.16558],[112.96258,28.16558],[112.96271,28.16559],[112.96277,28.16563],[112.96279,28.16568],[112.96281,28.16572],[112.96284,28.16578],[112.96285,28.16584],[112.96282,28.1659],[112.96276,28.16596]]}},{"type":"Feature","properties":{"fclass":"residential"},"geometry":{"type":"LineString","coordinates":[[112.96167,28.16719],[112.9619,28.16712],[112.96226,28.167],[112.96228,28.16698],[112.96229,28.16695],[112.96228,28.1669],[112.9622,28.16675],[112.96213,28.16666],[112.96206,28.1666],[112.96194,28.16641],[112.96187,28.16629],[112.9618,28.16624],[112.96167,28.16624],[112.96161,28.16621],[112.96157,28.16614]]}},{"type":"Feature","properties":{"fclass":"residential"},"geometry":{"type":"LineString","coordinates":[[112.96404,28.16715],[112.96404,28.16706],[112.96408,28.16701],[112.96411,28.16699],[112.96413,28.16699],[112.96426,28.16699],[112.96447,28.16701],[112.96466,28.16706],[112.9649,28.16709],[112.96506,28.16709],[112.96527,28.1671]]}},{"type":"Feature","properties":{"fclass":"residential"},"geometry":{"type":"LineString","coordinates":[[112.96564,28.16424],[112.96496,28.16419],[112.96437,28.16417],[112.96406,28.16412],[112.96398,28.16407],[112.96394,28.16401],[112.9639,28.16396],[112.96392,28.16388],[112.96396,28.16383]]}},{"type":"Feature","properties":{"fclass":"residential"},"geometry":{"type":"LineString","coordinates":[[112.95831,28.16045],[112.95851,28.1604],[112.95872,28.16034],[112.95885,28.1606],[112.95907,28.16084],[112.9594,28.16114],[112.95974,28.1614],[112.96017,28.16175],[112.96012,28.16185],[112.9599,28.16215]]}},{"type":"Feature","properties":{"fclass":"residential"},"geometry":{"type":"LineString","coordinates":[[112.9612,28.15912],[112.96103,28.15935],[112.96085,28.15954],[112.96061,28.1597],[112.96026,28.15973],[112.95995,28.15973],[112.95948,28.15959],[112.95939,28.15945],[112.95946,28.15931],[112.95956,28.15922],[112.95974,28.15915],[112.95989,28.15906],[112.96004,28.15885],[112.96009,28.15866],[112.96014,28.15854],[112.96014,28.15836],[112.96014,28.15814],[112.96013,28.1579],[112.9601,28.15768],[112.96003,28.15754],[112.9598,28.15739],[112.95956,28.15723],[112.95931,28.15714],[112.95895,28.15704],[112.95858,28.15689],[112.95842,28.15669],[112.95831,28.15651],[112.9581,28.1562],[112.95798,28.15608],[112.95783,28.15594],[112.95767,28.15576],[112.95751,28.1556],[112.95741,28.1555],[112.9573,28.1553],[112.95717,28.155],[112.95698,28.15466],[112.95682,28.15442],[112.95665,28.15413],[112.95654,28.15385],[112.95645,28.15352],[112.95641,28.15332],[112.95629,28.15318],[112.9562,28.15319],[112.95614,28.15329],[112.95616,28.15348],[112.9563,28.15387],[112.95645,28.15431],[112.95655,28.15448],[112.95699,28.15548],[112.95714,28.15564],[112.95728,28.15571],[112.95735,28.15582],[112.95737,28.15592],[112.95737,28.15605],[112.9573,28.15618],[112.95721,28.15627],[112.95701,28.15641]]}},{"type":"Feature","properties":{"fclass":"path"},"geometry":{"type":"LineString","coordinates":[[112.96178,28.15888],[112.96211,28.15895],[112.9623,28.15904],[112.96245,28.15911],[112.96255,28.15923],[112.96258,28.15933],[112.96262,28.15947],[112.96264,28.15953],[112.96263,28.15961],[112.9626,28.15966],[112.96252,28.15975],[112.96246,28.1599],[112.96247,28.15997],[112.96248,28.16005],[112.96249,28.16008],[112.9625,28.16016],[112.96253,28.16032],[112.96257,28.16045],[112.9626,28.16056],[112.96257,28.16069],[112.96252,28.1608],[112.96247,28.16092],[112.96242,28.16104],[112.96241,28.16117]]}},{"type":"Feature","properties":{"fclass":"residential"},"geometry":{"type":"LineString","coordinates":[[112.96075,28.15754],[112.96063,28.15744],[112.96043,28.15732],[112.96027,28.15722],[112.95995,28.15706],[112.95975,28.15691],[112.95948,28.15682],[112.95933,28.15674],[112.9592,28.1567],[112.95903,28.15657],[112.95888,28.15642],[112.95854,28.1561],[112.9584,28.15601],[112.95818,28.15596],[112.9581,28.15595],[112.95798,28.15585],[112.95788,28.15573],[112.95781,28.15564],[112.95779,28.15557],[112.95776,28.15551],[112.95771,28.15546],[112.95761,28.15545],[112.95756,28.15549],[112.95753,28.15556],[112.95751,28.1556]]}},{"type":"Feature","properties":{"fclass":"path"},"geometry":{"type":"LineString","coordinates":[[112.96197,28.15637],[112.96215,28.15642],[112.96217,28.15639],[112.96219,28.15637],[112.96222,28.15636],[112.9623,28.15636],[112.96236,28.15637],[112.96239,28.15636],[112.96241,28.15633],[112.96242,28.15629],[112.9624,28.15626],[112.96238,28.15623],[112.96237,28.15618],[112.96235,28.15616],[112.96221,28.15613],[112.96211,28.15609],[112.96209,28.15609],[112.96203,28.15619]]}},{"type":"Feature","properties":{"fclass":"path"},"geometry":{"type":"LineString","coordinates":[[112.96243,28.15613],[112.96244,28.15615],[112.96244,28.15619],[112.96248,28.15623],[112.96249,28.15628],[112.96249,28.15632],[112.96247,28.15637],[112.96244,28.1564],[112.96237,28.15642],[112.96225,28.15643],[112.96223,28.15643],[112.96222,28.15647],[112.96222,28.15653],[112.96224,28.15656],[112.96225,28.15658],[112.96229,28.15659],[112.96235,28.1566],[112.96236,28.15663],[112.96233,28.15667],[112.96228,28.15668],[112.96219,28.15668],[112.96215,28.15668],[112.96212,28.15667],[112.96214,28.15662],[112.96215,28.15659],[112.96217,28.15658],[112.96216,28.15656],[112.96215,28.15652],[112.96214,28.15648],[112.96215,28.15646],[112.96215,28.15642]]}},{"type":"Feature","properties":{"fclass":"path"},"geometry":{"type":"LineString","coordinates":[[112.96193,28.15654],[112.96188,28.15665],[112.96186,28.15672],[112.96246,28.15689],[112.96251,28.1568],[112.96258,28.15663],[112.96236,28.15657],[112.96235,28.1566]]}},{"type":"Feature","properties":{"fclass":"path"},"geometry":{"type":"LineString","coordinates":[[112.96258,28.15663],[112.96266,28.15643],[112.96247,28.15637]]}},{"type":"Feature","properties":{"fclass":"path"},"geometry":{"type":"LineString","coordinates":[[112.96266,28.15643],[112.96273,28.15627],[112.96244,28.15619]]}},{"type":"Feature","properties":{"fclass":"path"},"geometry":{"type":"LineString","coordinates":[[112.96022,28.15525],[112.96039,28.15567],[112.96041,28.15573],[112.9604,28.15582],[112.96034,28.15589],[112.9603,28.15592],[112.96028,28.15595],[112.96024,28.15603],[112.96022,28.15614],[112.96018,28.15626],[112.96016,28.1563],[112.96013,28.15639],[112.96007,28.15649],[112.96028,28.15655],[112.96053,28.1566],[112.96064,28.1564],[112.96069,28.15623],[112.96076,28.15603],[112.96077,28.15598],[112.96085,28.15579],[112.96087,28.15573],[112.96088,28.15569],[112.96089,28.15562],[112.96096,28.15528],[112.96055,28.15526],[112.96022,28.15525]]}},{"type":"Feature","properties":{"fclass":"path"},"geometry":{"type":"LineString","coordinates":[[112.96016,28.1563],[112.96064,28.1564]]}},{"type":"Feature","properties":{"fclass":"path"},"geometry":{"type":"LineString","coordinates":[[112.96022,28.15614],[112.96069,28.15623]]}},{"type":"Feature","properties":{"fclass":"path"},"geometry":{"type":"LineString","coordinates":[[112.9603,28.15592],[112.96076,28.15603]]}},{"type":"Feature","properties":{"fclass":"path"},"geometry":{"type":"LineString","coordinates":[[112.96039,28.15567],[112.96052,28.1557],[112.96053,28.15574],[112.96056,28.15578],[112.9606,28.15581],[112.96064,28.15581],[112.9607,28.1558],[112.96071,28.15577],[112.96074,28.15575],[112.96085,28.15579]]}},{"type":"Feature","properties":{"fclass":"path"},"geometry":{"type":"LineString","coordinates":[[112.96045,28.15527],[112.96057,28.15562],[112.9606,28.15562],[112.96065,28.15562],[112.9607,28.15564],[112.96073,28.15567],[112.96074,28.15572],[112.96074,28.15575]]}},{"type":"Feature","properties":{"fclass":"path"},"geometry":{"type":"LineString","coordinates":[[112.96157,28.15526],[112.96133,28.15578],[112.96088,28.15569]]}},{"type":"Feature","properties":{"fclass":"residential"},"geometry":{"type":"LineString","coordinates":[[112.96298,28.1601],[112.96248,28.16005]]}},{"type":"Feature","properties":{"fclass":"path"},"geometry":{"type":"LineString","coordinates":[[112.90931,28.16498],[112.91021,28.16367]]}},{"type":"Feature","properties":{"fclass":"residential"},"geometry":{"type":"LineString","coordinates":[[112.9039,28.15532],[112.90398,28.15518],[112.90388,28.15487],[112.90397,28.15466],[112.90416,28.15463],[112.90448,28.1547],[112.90458,28.1547],[112.9047,28.15468],[112.90494,28.1547],[112.90521,28.1548],[112.90541,28.15483],[112.90555,28.15479],[112.90572,28.15457],[112.90577,28.15446],[112.90593,28.15436]]}},{"type":"Feature","properties":{"fclass":"residential"},"geometry":{"type":"LineString","coordinates":[[112.9785,28.20905],[112.97836,28.20883],[112.97806,28.20776]]}},{"type":"Feature","properties":{"fclass":"residential"},"geometry":{"type":"LineString","coordinates":[[112.97347,28.21038],[112.97347,28.2101],[112.97343,28.20981],[112.97339,28.20962],[112.97328,28.20908]]}},{"type":"Feature","properties":{"fclass":"residential"},"geometry":{"type":"LineString","coordinates":[[112.96749,28.21145],[112.96739,28.21123],[112.96729,28.21098],[112.96717,28.21072],[112.96713,28.21061],[112.96709,28.21016],[112.96709,28.21013]]}},{"type":"Feature","properties":{"fclass":"residential"},"geometry":{"type":"LineString","coordinates":[[112.97339,28.21276],[112.97325,28.21201]]}},{"type":"Feature","properties":{"fclass":"residential"},"geometry":{"type":"LineString","coordinates":[[112.97384,28.21203],[112.97387,28.21246]]}},{"type":"Feature","properties":{"fclass":"residential"},"geometry":{"type":"LineString","coordinates":[[112.97739,28.20768],[112.97742,28.20786],[112.97657,28.208],[112.97654,28.20801]]}},{"type":"Feature","properties":{"fclass":"residential"},"geometry":{"type":"LineString","coordinates":[[112.97628,28.21009],[112.97393,28.21047]]}},{"type":"Feature","properties":{"fclass":"residential"},"geometry":{"type":"LineString","coordinates":[[112.97035,28.2117],[112.97036,28.21191],[112.97031,28.21217],[112.9698,28.21211]]}},{"type":"Feature","properties":{"fclass":"residential"},"geometry":{"type":"LineString","coordinates":[[112.96984,28.21155],[112.9698,28.21176],[112.96979,28.21194]]}},{"type":"Feature","properties":{"fclass":"unclassified"},"geometry":{"type":"LineString","coordinates":[[112.90181,28.16569],[112.9013,28.1658],[112.90109,28.16559],[112.90068,28.16544],[112.90057,28.16517],[112.9007,28.16445],[112.90124,28.16397],[112.90156,28.16336],[112.90154,28.16312],[112.90172,28.16279],[112.90186,28.16249],[112.90155,28.16246],[112.90152,28.16246],[112.90081,28.16246],[112.9007,28.16224],[112.90068,28.16206]]}},{"type":"Feature","properties":{"fclass":"unclassified"},"geometry":{"type":"LineString","coordinates":[[112.90186,28.16249],[112.9024,28.16232],[112.90335,28.16203],[112.90359,28.16191],[112.90412,28.16198],[112.90434,28.16198],[112.90477,28.16158],[112.90543,28.1606],[112.90579,28.15993],[112.90608,28.15985]]}},{"type":"Feature","properties":{"fclass":"unclassified"},"geometry":{"type":"LineString","coordinates":[[112.89799,28.15584],[112.89806,28.15544],[112.89849,28.15523],[112.89878,28.15506],[112.89899,28.15453],[112.89894,28.15423],[112.89889,28.15343],[112.8989,28.15273],[112.89873,28.15226],[112.89841,28.15184],[112.8983,28.15166],[112.89885,28.15104],[112.89956,28.15092],[112.89996,28.15074],[112.90029,28.15105]]}},{"type":"Feature","properties":{"fclass":"unclassified"},"geometry":{"type":"LineString","coordinates":[[112.90145,28.16916],[112.90167,28.17015],[112.90148,28.17031],[112.90149,28.1707],[112.90151,28.17131],[112.9016,28.17142],[112.9018,28.1714],[112.90187,28.17096],[112.90225,28.1708]]}},{"type":"Feature","properties":{"fclass":"unclassified"},"geometry":{"type":"LineString","coordinates":[[112.90167,28.17015],[112.90214,28.16979],[112.9023,28.16918],[112.90251,28.16928],[112.90276,28.16943],[112.9031,28.1695],[112.90374,28.16946],[112.9041,28.16932],[112.90422,28.16916],[112.90438,28.16889]]}},{"type":"Feature","properties":{"fclass":"living_street"},"geometry":{"type":"LineString","coordinates":[[112.95317,28.21473],[112.95122,28.21466],[112.94991,28.21399],[112.94961,28.21376],[112.94961,28.21362],[112.94961,28.21347],[112.94979,28.21289],[112.94993,28.21273]]}},{"type":"Feature","properties":{"fclass":"unclassified"},"geometry":{"type":"LineString","coordinates":[[112.90634,28.15633],[112.90575,28.15617],[112.90526,28.1562],[112.90502,28.15623],[112.90471,28.15648],[112.90452,28.15667],[112.90428,28.15708],[112.90414,28.15734],[112.90376,28.15757],[112.90365,28.15776],[112.9033,28.15807],[112.90289,28.15846],[112.90243,28.15878],[112.9022,28.15907],[112.90203,28.1595],[112.90188,28.1598],[112.90176,28.1602],[112.9017,28.16025],[112.90149,28.16119],[112.90174,28.16196],[112.90155,28.16246]]}},{"type":"Feature","properties":{"fclass":"track"},"geometry":{"type":"LineString","coordinates":[[112.92511,28.16061],[112.92488,28.16049],[112.92477,28.16041],[112.92468,28.16028],[112.92455,28.16019],[112.92436,28.16003],[112.92424,28.15992],[112.92419,28.15984],[112.92419,28.15965],[112.92412,28.15949],[112.92406,28.15934]]}},{"type":"Feature","properties":{"fclass":"track"},"geometry":{"type":"LineString","coordinates":[[112.92445,28.16166],[112.92412,28.16151],[112.92391,28.16152],[112.92359,28.1615],[112.92343,28.16151],[112.92337,28.16156]]}},{"type":"Feature","properties":{"fclass":"unclassified"},"geometry":{"type":"LineString","coordinates":[[112.92608,28.15546],[112.92587,28.15547],[112.92555,28.15545],[112.92534,28.15535],[112.92506,28.15514],[112.92502,28.155],[112.9251,28.1549]]}},{"type":"Feature","properties":{"fclass":"residential"},"geometry":{"type":"LineString","coordinates":[[112.94724,28.20925],[112.94769,28.20926],[112.94812,28.20927],[112.94828,28.20927],[112.94871,28.20928]]}},{"type":"Feature","properties":{"fclass":"residential"},"geometry":{"type":"LineString","coordinates":[[112.94871,28.20928],[112.94872,28.20903],[112.94873,28.20877],[112.94874,28.20853],[112.94874,28.20837]]}},{"type":"Feature","properties":{"fclass":"residential"},"geometry":{"type":"LineString","coordinates":[[112.94874,28.20837],[112.94874,28.20779],[112.94848,28.2076],[112.948,28.20725],[112.94705,28.20656],[112.94701,28.20653],[112.94697,28.2065]]}},{"type":"Feature","properties":{"fclass":"residential"},"geometry":{"type":"LineString","coordinates":[[112.94705,28.20656],[112.94701,28.20653],[112.94697,28.2065],[112.94692,28.20645],[112.94873,28.20501]]}},{"type":"Feature","properties":{"fclass":"residential"},"geometry":{"type":"LineString","coordinates":[[112.948,28.20725],[112.94959,28.20624]]}},{"type":"Feature","properties":{"fclass":"residential"},"geometry":{"type":"LineString","coordinates":[[112.94871,28.20928],[112.94872,28.20948],[112.94872,28.20956],[112.94873,28.21006],[112.94873,28.21034],[112.94874,28.21062],[112.94874,28.21085],[112.94874,28.2111],[112.94875,28.21135],[112.94875,28.21156]]}},{"type":"Feature","properties":{"fclass":"residential"},"geometry":{"type":"LineString","coordinates":[[112.94872,28.20948],[112.95051,28.20948],[112.95242,28.2095]]}},{"type":"Feature","properties":{"fclass":"residential"},"geometry":{"type":"LineString","coordinates":[[112.9469,28.20936],[112.94724,28.20925]]}},{"type":"Feature","properties":{"fclass":"residential"},"geometry":{"type":"LineString","coordinates":[[112.9465,28.20764],[112.94669,28.20764],[112.94669,28.20725],[112.94669,28.20715],[112.94679,28.20686],[112.94701,28.20653]]}},{"type":"Feature","properties":{"fclass":"residential"},"geometry":{"type":"LineString","coordinates":[[112.95115,28.21098],[112.95118,28.21149]]}},{"type":"Feature","properties":{"fclass":"service"},"geometry":{"type":"LineString","coordinates":[[112.94569,28.21238],[112.94636,28.21208],[112.94704,28.21177],[112.94701,28.21157],[112.9478,28.21137],[112.94832,28.21136],[112.94875,28.21135]]}},{"type":"Feature","properties":{"fclass":"service"},"geometry":{"type":"LineString","coordinates":[[112.94599,28.21144],[112.946,28.21158],[112.9461,28.21165],[112.94614,28.21177],[112.94636,28.21208]]}},{"type":"Feature","properties":{"fclass":"primary"},"geometry":{"type":"LineString","coordinates":[[112.95269,28.21148],[112.95268,28.21144],[112.95268,28.21118]]}},{"type":"Feature","properties":{"fclass":"service"},"geometry":{"type":"LineString","coordinates":[[112.95217,28.21149],[112.95217,28.21152],[112.95249,28.21154],[112.95247,28.21183]]}},{"type":"Feature","properties":{"fclass":"service"},"geometry":{"type":"LineString","coordinates":[[112.95245,28.21244],[112.95247,28.21183]]}},{"type":"Feature","properties":{"fclass":"service"},"geometry":{"type":"LineString","coordinates":[[112.95245,28.21244],[112.95244,28.21255]]}},{"type":"Feature","properties":{"fclass":"footway"},"geometry":{"type":"LineString","coordinates":[[112.93567,28.21301],[112.93532,28.2132],[112.93486,28.21334],[112.93457,28.21333],[112.93428,28.21325],[112.93386,28.21296],[112.93411,28.21221]]}},{"type":"Feature","properties":{"fclass":"footway"},"geometry":{"type":"LineString","coordinates":[[112.93411,28.21221],[112.93411,28.21211],[112.93382,28.212],[112.93342,28.21199],[112.93304,28.2118],[112.93297,28.21173],[112.93287,28.2116],[112.93247,28.21142],[112.93119,28.21098],[112.93117,28.21071],[112.93125,28.21044],[112.93131,28.21025]]}},{"type":"Feature","properties":{"fclass":"cycleway"},"geometry":{"type":"LineString","coordinates":[[112.935,28.21354],[112.93443,28.21357],[112.9337,28.2131],[112.93351,28.21292],[112.93329,28.21242],[112.93278,28.21191],[112.93297,28.21173]]}},{"type":"Feature","properties":{"fclass":"living_street"},"geometry":{"type":"LineString","coordinates":[[112.94812,28.20927],[112.94813,28.20903],[112.94814,28.20879],[112.94815,28.20853]]}},{"type":"Feature","properties":{"fclass":"living_street"},"geometry":{"type":"LineString","coordinates":[[112.94763,28.2085],[112.94815,28.20853],[112.94874,28.20853]]}},{"type":"Feature","properties":{"fclass":"living_street"},"geometry":{"type":"LineString","coordinates":[[112.94734,28.20899],[112.94813,28.20903],[112.94872,28.20903]]}},{"type":"Feature","properties":{"fclass":"living_street"},"geometry":{"type":"LineString","coordinates":[[112.94736,28.20877],[112.94814,28.20879],[112.94873,28.20877]]}},{"type":"Feature","properties":{"fclass":"living_street"},"geometry":{"type":"LineString","coordinates":[[112.94763,28.2085],[112.94763,28.20814],[112.94763,28.20804],[112.94764,28.20804],[112.94832,28.20803],[112.94832,28.20775],[112.94833,28.20771],[112.94836,28.20768],[112.94848,28.2076]]}},{"type":"Feature","properties":{"fclass":"living_street"},"geometry":{"type":"LineString","coordinates":[[112.94832,28.20775],[112.94765,28.20775],[112.94764,28.20804]]}},{"type":"Feature","properties":{"fclass":"living_street"},"geometry":{"type":"LineString","coordinates":[[112.94669,28.20725],[112.94676,28.20725],[112.94771,28.20725],[112.9478,28.20725],[112.94808,28.20746],[112.94836,28.20768]]}},{"type":"Feature","properties":{"fclass":"living_street"},"geometry":{"type":"LineString","coordinates":[[112.94702,28.20755],[112.94743,28.20754],[112.94749,28.20754],[112.94808,28.20746]]}},{"type":"Feature","properties":{"fclass":"living_street"},"geometry":{"type":"LineString","coordinates":[[112.94702,28.20755],[112.94699,28.20755],[112.94676,28.20725]]}},{"type":"Feature","properties":{"fclass":"living_street"},"geometry":{"type":"LineString","coordinates":[[112.94765,28.20775],[112.9475,28.20768],[112.94749,28.20754]]}},{"type":"Feature","properties":{"fclass":"living_street"},"geometry":{"type":"LineString","coordinates":[[112.94724,28.20925],[112.94728,28.209],[112.94734,28.20899]]}},{"type":"Feature","properties":{"fclass":"living_street"},"geometry":{"type":"LineString","coordinates":[[112.94728,28.209],[112.94736,28.20877],[112.94739,28.20854],[112.94739,28.20849],[112.94763,28.2085]]}},{"type":"Feature","properties":{"fclass":"living_street"},"geometry":{"type":"LineString","coordinates":[[112.94652,28.20803],[112.94693,28.20803],[112.94694,28.20814],[112.94763,28.20814]]}},{"type":"Feature","properties":{"fclass":"living_street"},"geometry":{"type":"LineString","coordinates":[[112.94724,28.20954],[112.94768,28.20954],[112.94823,28.20956],[112.94827,28.20956],[112.94872,28.20956]]}},{"type":"Feature","properties":{"fclass":"living_street"},"geometry":{"type":"LineString","coordinates":[[112.94765,28.21011],[112.94766,28.21007],[112.94768,28.20954],[112.94769,28.20926]]}},{"type":"Feature","properties":{"fclass":"living_street"},"geometry":{"type":"LineString","coordinates":[[112.94826,28.21009],[112.94826,28.21006],[112.94827,28.20956],[112.94828,28.20927]]}},{"type":"Feature","properties":{"fclass":"living_street"},"geometry":{"type":"LineString","coordinates":[[112.94766,28.21007],[112.94826,28.21006],[112.94873,28.21006]]}},{"type":"Feature","properties":{"fclass":"living_street"},"geometry":{"type":"LineString","coordinates":[[112.94765,28.21011],[112.94731,28.21011],[112.94729,28.21026],[112.94741,28.21037],[112.94825,28.21034],[112.94873,28.21034]]}},{"type":"Feature","properties":{"fclass":"living_street"},"geometry":{"type":"LineString","coordinates":[[112.94832,28.21136],[112.9483,28.2111],[112.94828,28.21086],[112.94827,28.21062],[112.94826,28.21055],[112.94825,28.21034],[112.94826,28.21009]]}},{"type":"Feature","properties":{"fclass":"living_street"},"geometry":{"type":"LineString","coordinates":[[112.94741,28.21037],[112.94756,28.21064],[112.94827,28.21062],[112.94874,28.21062]]}},{"type":"Feature","properties":{"fclass":"living_street"},"geometry":{"type":"LineString","coordinates":[[112.94756,28.21064],[112.94747,28.21069],[112.9468,28.21069],[112.94674,28.21069],[112.9467,28.21083],[112.9467,28.21087],[112.94618,28.21087]]}},{"type":"Feature","properties":{"fclass":"living_street"},"geometry":{"type":"LineString","coordinates":[[112.9467,28.21087],[112.9467,28.211],[112.94748,28.21099]]}},{"type":"Feature","properties":{"fclass":"living_street"},"geometry":{"type":"LineString","coordinates":[[112.94756,28.21064],[112.94761,28.21086],[112.94768,28.2111],[112.9483,28.2111],[112.94874,28.2111]]}},{"type":"Feature","properties":{"fclass":"living_street"},"geometry":{"type":"LineString","coordinates":[[112.94761,28.21086],[112.94828,28.21086],[112.94874,28.21085]]}},{"type":"Feature","properties":{"fclass":"living_street"},"geometry":{"type":"LineString","coordinates":[[112.9478,28.21137],[112.94768,28.2111]]}},{"type":"Feature","properties":{"fclass":"service"},"geometry":{"type":"LineString","coordinates":[[112.9641,28.19819],[112.9641,28.19843],[112.96406,28.19889],[112.96408,28.19912],[112.96346,28.19915]]}},{"type":"Feature","properties":{"fclass":"unclassified"},"geometry":{"type":"LineString","coordinates":[[112.96404,28.20135],[112.96506,28.20426],[112.96559,28.20685],[112.96605,28.20877],[112.96612,28.20975]]}},{"type":"Feature","properties":{"fclass":"service"},"geometry":{"type":"LineString","coordinates":[[112.92632,28.16077],[112.92624,28.16087],[112.92576,28.16174],[112.92578,28.16184],[112.9271,28.16199],[112.9272,28.16113]]}},{"type":"Feature","properties":{"fclass":"service"},"geometry":{"type":"LineString","coordinates":[[112.9271,28.16199],[112.92701,28.16285],[112.9269,28.16392],[112.92681,28.16488],[112.92672,28.16495],[112.92595,28.16486],[112.92576,28.16473],[112.92574,28.16454],[112.92585,28.16381],[112.92603,28.16271],[112.92607,28.16233],[112.92593,28.16204],[112.92578,28.16184]]}},{"type":"Feature","properties":{"fclass":"service"},"geometry":{"type":"LineString","coordinates":[[112.92701,28.16285],[112.92603,28.16271]]}},{"type":"Feature","properties":{"fclass":"service"},"geometry":{"type":"LineString","coordinates":[[112.9269,28.16392],[112.92585,28.16381]]}},{"type":"Feature","properties":{"fclass":"residential"},"geometry":{"type":"LineString","coordinates":[[112.92027,28.18973],[112.92038,28.1895],[112.92033,28.18934],[112.92006,28.18917],[112.91981,28.18908],[112.91965,28.18893],[112.91957,28.18873],[112.91953,28.18856],[112.91947,28.18839],[112.91946,28.18835],[112.91868,28.18836]]}},{"type":"Feature","properties":{"fclass":"residential"},"geometry":{"type":"LineString","coordinates":[[112.91769,28.18832],[112.91714,28.1883],[112.9169,28.18833],[112.9168,28.1884],[112.91674,28.18855],[112.91675,28.18867],[112.9168,28.18877],[112.9169,28.18885],[112.91702,28.18889],[112.91715,28.18887]]}},{"type":"Feature","properties":{"fclass":"residential"},"geometry":{"type":"LineString","coordinates":[[112.91868,28.18836],[112.91769,28.18832]]}},{"type":"Feature","properties":{"fclass":"trunk"},"geometry":{"type":"LineString","coordinates":[[112.92154,28.16454],[112.92328,28.16323],[112.92342,28.16311]]}},{"type":"Feature","properties":{"fclass":"trunk"},"geometry":{"type":"LineString","coordinates":[[112.92368,28.16286],[112.92408,28.16249],[112.9246,28.16194],[112.92566,28.16025],[112.92611,28.15861]]}},{"type":"Feature","properties":{"fclass":"trunk"},"geometry":{"type":"LineString","coordinates":[[112.92342,28.16311],[112.92368,28.16286]]}},{"type":"Feature","properties":{"fclass":"trunk"},"geometry":{"type":"LineString","coordinates":[[112.92378,28.16293],[112.92354,28.16316]]}},{"type":"Feature","properties":{"fclass":"trunk"},"geometry":{"type":"LineString","coordinates":[[112.92354,28.16316],[112.92339,28.1633],[112.92211,28.16431],[112.92164,28.16466]]}},{"type":"Feature","properties":{"fclass":"trunk"},"geometry":{"type":"LineString","coordinates":[[112.92611,28.15861],[112.92618,28.15827]]}},{"type":"Feature","properties":{"fclass":"trunk"},"geometry":{"type":"LineString","coordinates":[[112.92618,28.15827],[112.92633,28.15705],[112.92637,28.15658],[112.9264,28.15497],[112.92638,28.15306],[112.9263,28.15114],[112.92627,28.14578]]}},{"type":"Feature","properties":{"fclass":"trunk"},"geometry":{"type":"LineString","coordinates":[[112.92623,28.15862],[112.92577,28.1603],[112.9247,28.16198],[112.92416,28.16257],[112.92378,28.16293]]}},{"type":"Feature","properties":{"fclass":"trunk"},"geometry":{"type":"LineString","coordinates":[[112.9263,28.15829],[112.92623,28.15862]]}},{"type":"Feature","properties":{"fclass":"residential"},"geometry":{"type":"LineString","coordinates":[[112.97583,28.20522],[112.9755,28.20545],[112.97536,28.20551],[112.97501,28.20558],[112.97351,28.20582],[112.97343,28.20569],[112.97327,28.2056]]}},{"type":"Feature","properties":{"fclass":"residential"},"geometry":{"type":"LineString","coordinates":[[112.98865,28.19478],[112.98966,28.19487],[112.99103,28.19478]]}},{"type":"Feature","properties":{"fclass":"cycleway"},"geometry":{"type":"LineString","coordinates":[[112.98839,28.16928],[112.98839,28.16892],[112.98838,28.16864],[112.98838,28.16805]]}},{"type":"Feature","properties":{"fclass":"service"},"geometry":{"type":"LineString","coordinates":[[112.98824,28.16818],[112.98824,28.1681]]}},{"type":"Feature","properties":{"fclass":"steps"},"geometry":{"type":"LineString","coordinates":[[112.98824,28.16803],[112.98824,28.1681]]}},{"type":"Feature","properties":{"fclass":"service"},"geometry":{"type":"LineString","coordinates":[[112.98828,28.16803],[112.98824,28.16803]]}},{"type":"Feature","properties":{"fclass":"service"},"geometry":{"type":"LineString","coordinates":[[112.98853,28.16806],[112.98838,28.16805],[112.98828,28.16805],[112.98828,28.16803],[112.98828,28.16787],[112.98829,28.1677],[112.98823,28.1677],[112.98823,28.16786],[112.98828,28.16787]]}},{"type":"Feature","properties":{"fclass":"service"},"geometry":{"type":"LineString","coordinates":[[112.9881,28.16864],[112.98797,28.16864]]}},{"type":"Feature","properties":{"fclass":"service"},"geometry":{"type":"LineString","coordinates":[[112.98797,28.16818],[112.98797,28.16864],[112.98797,28.16891]]}},{"type":"Feature","properties":{"fclass":"service"},"geometry":{"type":"LineString","coordinates":[[112.98811,28.16818],[112.98824,28.16818],[112.98823,28.16853]]}},{"type":"Feature","properties":{"fclass":"service"},"geometry":{"type":"LineString","coordinates":[[112.9885,28.16864],[112.98838,28.16864],[112.9881,28.16864],[112.98811,28.16818],[112.98797,28.16818],[112.98747,28.16818],[112.98729,28.1682],[112.98708,28.16827],[112.98697,28.1683],[112.98689,28.16834],[112.98685,28.16846],[112.98685,28.16894],[112.98719,28.16895],[112.98762,28.16896],[112.98774,28.16908],[112.98786,28.16916],[112.9879,28.16915],[112.9881,28.16895],[112.9881,28.16864]]}},{"type":"Feature","properties":{"fclass":"steps"},"geometry":{"type":"LineString","coordinates":[[113.00046,28.17509],[113.00037,28.17509]]}},{"type":"Feature","properties":{"fclass":"residential"},"geometry":{"type":"LineString","coordinates":[[113.00037,28.17509],[112.99988,28.17508]]}},{"type":"Feature","properties":{"fclass":"steps"},"geometry":{"type":"LineString","coordinates":[[112.99988,28.17508],[112.99976,28.17508]]}},{"type":"Feature","properties":{"fclass":"residential"},"geometry":{"type":"LineString","coordinates":[[113.0009,28.1751],[113.00046,28.17509]]}},{"type":"Feature","properties":{"fclass":"residential"},"geometry":{"type":"LineString","coordinates":[[113,28.17533],[112.99986,28.17533]]}},{"type":"Feature","properties":{"fclass":"steps"},"geometry":{"type":"LineString","coordinates":[[113.0001,28.17533],[113,28.17533]]}},{"type":"Feature","properties":{"fclass":"residential"},"geometry":{"type":"LineString","coordinates":[[113.0009,28.17534],[113.0001,28.17533]]}},{"type":"Feature","properties":{"fclass":"residential"},"geometry":{"type":"LineString","coordinates":[[112.99976,28.17508],[112.99986,28.17533],[112.99993,28.17555],[112.99995,28.17576],[112.99995,28.17645],[113.00001,28.17654],[113.00006,28.1766],[113.00009,28.17743],[113.00087,28.17745]]}},{"type":"Feature","properties":{"fclass":"residential"},"geometry":{"type":"LineString","coordinates":[[113.00089,28.17555],[112.99993,28.17555]]}},{"type":"Feature","properties":{"fclass":"residential"},"geometry":{"type":"LineString","coordinates":[[113.00092,28.1737],[113.0009,28.1751],[113.0009,28.17534],[113.00089,28.17555],[113.00087,28.17745],[113.00085,28.17851]]}},{"type":"Feature","properties":{"fclass":"service"},"geometry":{"type":"LineString","coordinates":[[112.97102,28.21072],[112.97106,28.21071]]}},{"type":"Feature","properties":{"fclass":"service"},"geometry":{"type":"LineString","coordinates":[[112.9709,28.21075],[112.97095,28.21074]]}},{"type":"Feature","properties":{"fclass":"service"},"geometry":{"type":"LineString","coordinates":[[112.97095,28.21074],[112.97102,28.21072]]}},{"type":"Feature","properties":{"fclass":"footway"},"geometry":{"type":"LineString","coordinates":[[112.96984,28.21092],[112.96985,28.21035]]}},{"type":"Feature","properties":{"fclass":"footway"},"geometry":{"type":"LineString","coordinates":[[112.97095,28.21089],[112.9709,28.21075],[112.97088,28.2107],[112.97022,28.21074],[112.97019,28.21093],[112.96984,28.21092],[112.96983,28.21129]]}},{"type":"Feature","properties":{"fclass":"service"},"geometry":{"type":"LineString","coordinates":[[112.98662,28.19442],[112.98662,28.19434],[112.98662,28.19386]]}},{"type":"Feature","properties":{"fclass":"service"},"geometry":{"type":"LineString","coordinates":[[112.98619,28.1979],[112.98619,28.19809]]}},{"type":"Feature","properties":{"fclass":"service"},"geometry":{"type":"LineString","coordinates":[[112.98619,28.19782],[112.98619,28.1979]]}},{"type":"Feature","properties":{"fclass":"steps"},"geometry":{"type":"LineString","coordinates":[[112.98841,28.16892],[112.98841,28.16888]]}},{"type":"Feature","properties":{"fclass":"steps"},"geometry":{"type":"LineString","coordinates":[[112.9888,28.1689],[112.9888,28.16894]]}},{"type":"Feature","properties":{"fclass":"footway"},"geometry":{"type":"LineString","coordinates":[[112.98841,28.16888],[112.9888,28.1689]]}},{"type":"Feature","properties":{"fclass":"footway"},"geometry":{"type":"LineString","coordinates":[[112.98839,28.16892],[112.98841,28.16892]]}},{"type":"Feature","properties":{"fclass":"service"},"geometry":{"type":"LineString","coordinates":[[112.9811,28.21345],[112.98203,28.21344],[112.98217,28.21345],[112.98229,28.21347],[112.98231,28.21349],[112.98234,28.21352],[112.98246,28.21383],[112.9826,28.21415],[112.98267,28.21434],[112.98274,28.21458],[112.98277,28.2148],[112.98275,28.21487],[112.98274,28.2149],[112.98268,28.21495],[112.98258,28.21499],[112.9812,28.21515]]}},{"type":"Feature","properties":{"fclass":"residential"},"geometry":{"type":"LineString","coordinates":[[112.98215,28.21156],[112.98215,28.21166],[112.98213,28.21173],[112.98211,28.21179],[112.98206,28.21187],[112.98201,28.21195],[112.98191,28.21206],[112.98188,28.21213],[112.98184,28.21221],[112.98183,28.21231],[112.98186,28.21249],[112.98197,28.21315],[112.98203,28.21344]]}},{"type":"Feature","properties":{"fclass":"service"},"geometry":{"type":"LineString","coordinates":[[112.98612,28.19449],[112.98612,28.19472]]}},{"type":"Feature","properties":{"fclass":"residential"},"geometry":{"type":"LineString","coordinates":[[112.97503,28.19223],[112.97556,28.19213],[112.97643,28.19188]]}},{"type":"Feature","properties":{"fclass":"service"},"geometry":{"type":"LineString","coordinates":[[112.97629,28.19151],[112.97568,28.19168]]}},{"type":"Feature","properties":{"fclass":"footway"},"geometry":{"type":"LineString","coordinates":[[112.97679,28.19116],[112.97677,28.19126]]}},{"type":"Feature","properties":{"fclass":"service"},"geometry":{"type":"LineString","coordinates":[[112.97625,28.1914],[112.97677,28.19126]]}},{"type":"Feature","properties":{"fclass":"residential"},"geometry":{"type":"LineString","coordinates":[[112.97643,28.19188],[112.97629,28.19151],[112.97625,28.1914],[112.97613,28.19112]]}},{"type":"Feature","properties":{"fclass":"service"},"geometry":{"type":"LineString","coordinates":[[112.97706,28.19135],[112.97763,28.19134],[112.97793,28.19141]]}},{"type":"Feature","properties":{"fclass":"service"},"geometry":{"type":"LineString","coordinates":[[112.97706,28.19116],[112.97773,28.19114],[112.97796,28.19123]]}},{"type":"Feature","properties":{"fclass":"footway"},"geometry":{"type":"LineString","coordinates":[[112.97695,28.19156],[112.97738,28.19157]]}},{"type":"Feature","properties":{"fclass":"service"},"geometry":{"type":"LineString","coordinates":[[112.97704,28.1911],[112.97679,28.19116]]}},{"type":"Feature","properties":{"fclass":"residential"},"geometry":{"type":"LineString","coordinates":[[112.97696,28.19092],[112.97699,28.191],[112.97701,28.19106]]}},{"type":"Feature","properties":{"fclass":"residential"},"geometry":{"type":"LineString","coordinates":[[112.97692,28.19083],[112.97696,28.19092]]}},{"type":"Feature","properties":{"fclass":"residential"},"geometry":{"type":"LineString","coordinates":[[112.97701,28.19106],[112.97704,28.1911],[112.97706,28.19116],[112.97706,28.19135],[112.97703,28.19151],[112.97695,28.19156],[112.97684,28.19161],[112.97671,28.19173],[112.9766,28.19181],[112.97643,28.19188]]}},{"type":"Feature","properties":{"fclass":"service"},"geometry":{"type":"LineString","coordinates":[[112.97976,28.1943],[112.97967,28.19436],[112.97959,28.1944],[112.97951,28.19444],[112.97934,28.19446],[112.97904,28.19445]]}},{"type":"Feature","properties":{"fclass":"service"},"geometry":{"type":"LineString","coordinates":[[112.9797,28.19409],[112.97972,28.1942],[112.97974,28.19428],[112.97976,28.1943],[112.97982,28.19434],[112.97992,28.19443],[112.98005,28.19459],[112.98025,28.19488]]}},{"type":"Feature","properties":{"fclass":"service"},"geometry":{"type":"LineString","coordinates":[[112.97775,28.19432],[112.97781,28.19455],[112.97873,28.19439]]}},{"type":"Feature","properties":{"fclass":"service"},"geometry":{"type":"LineString","coordinates":[[112.97885,28.19415],[112.97888,28.19428],[112.97889,28.19435],[112.97896,28.19441],[112.97904,28.19445],[112.97907,28.19447],[112.9791,28.1945],[112.97911,28.19456],[112.97913,28.19474]]}},{"type":"Feature","properties":{"fclass":"footway"},"geometry":{"type":"LineString","coordinates":[[112.98221,28.19423],[112.98223,28.1941]]}},{"type":"Feature","properties":{"fclass":"footway"},"geometry":{"type":"LineString","coordinates":[[112.98161,28.19419],[112.98162,28.19405]]}},{"type":"Feature","properties":{"fclass":"residential"},"geometry":{"type":"LineString","coordinates":[[112.92539,28.17379],[112.92547,28.17323],[112.92564,28.17227]]}},{"type":"Feature","properties":{"fclass":"residential"},"geometry":{"type":"LineString","coordinates":[[112.9911,28.21981],[112.99134,28.21979],[112.99215,28.21947]]}},{"type":"Feature","properties":{"fclass":"residential"},"geometry":{"type":"LineString","coordinates":[[112.99255,28.22011],[112.9923,28.21974],[112.99215,28.21947]]}},{"type":"Feature","properties":{"fclass":"residential"},"geometry":{"type":"LineString","coordinates":[[112.9923,28.21974],[112.99174,28.21996],[112.99195,28.22034]]}},{"type":"Feature","properties":{"fclass":"path"},"geometry":{"type":"LineString","coordinates":[[112.97075,28.15476],[112.97033,28.15499],[112.96973,28.15532]]}},{"type":"Feature","properties":{"fclass":"pedestrian"},"geometry":{"type":"LineString","coordinates":[[112.97061,28.15552],[112.97063,28.15547],[112.97064,28.15544],[112.97068,28.15545],[112.97085,28.15486],[112.97081,28.15484],[112.97077,28.1548],[112.97076,28.15478],[112.97075,28.15476],[112.97073,28.15473],[112.97072,28.1547],[112.97095,28.1547],[112.97111,28.15481],[112.97101,28.15486],[112.97116,28.15545],[112.9712,28.15545],[112.97121,28.15548],[112.97123,28.15555],[112.97061,28.15552]]}},{"type":"Feature","properties":{"fclass":"residential"},"geometry":{"type":"LineString","coordinates":[[112.97356,28.1573],[112.97373,28.15609]]}},{"type":"Feature","properties":{"fclass":"residential"},"geometry":{"type":"LineString","coordinates":[[112.97146,28.1561],[112.9703,28.15608],[112.96947,28.15607]]}},{"type":"Feature","properties":{"fclass":"residential"},"geometry":{"type":"LineString","coordinates":[[112.97093,28.15645],[112.97028,28.1567],[112.96942,28.15668]]}},{"type":"Feature","properties":{"fclass":"service"},"geometry":{"type":"LineString","coordinates":[[112.97126,28.15789],[112.97126,28.15804],[112.97178,28.15806],[112.97179,28.1579]]}},{"type":"Feature","properties":{"fclass":"service"},"geometry":{"type":"LineString","coordinates":[[112.97032,28.15537],[112.97049,28.15542],[112.97063,28.15547]]}},{"type":"Feature","properties":{"fclass":"service"},"geometry":{"type":"LineString","coordinates":[[112.97121,28.15548],[112.97147,28.15541]]}},{"type":"Feature","properties":{"fclass":"primary_link"},"geometry":{"type":"LineString","coordinates":[[112.97009,28.20593],[112.97031,28.20452],[112.97023,28.20428],[112.97018,28.20413]]}},{"type":"Feature","properties":{"fclass":"primary_link"},"geometry":{"type":"LineString","coordinates":[[112.96347,28.20032],[112.96462,28.19966],[112.96473,28.19949],[112.96481,28.19925],[112.96502,28.19908],[112.96542,28.19901],[112.9659,28.19899],[112.96622,28.19908]]}},{"type":"Feature","properties":{"fclass":"primary_link"},"geometry":{"type":"LineString","coordinates":[[112.96343,28.20006],[112.96355,28.20004],[112.96382,28.19998],[112.96411,28.19988],[112.96457,28.1996],[112.96465,28.19946],[112.96467,28.19926],[112.9645,28.19909],[112.96399,28.199]]}},{"type":"Feature","properties":{"fclass":"primary_link"},"geometry":{"type":"LineString","coordinates":[[112.96435,28.1989],[112.96454,28.19878],[112.96461,28.19858],[112.96456,28.19839],[112.96434,28.19826],[112.9641,28.19815],[112.96376,28.19801],[112.96362,28.19795],[112.96343,28.19793],[112.96331,28.19792]]}},{"type":"Feature","properties":{"fclass":"primary_link"},"geometry":{"type":"LineString","coordinates":[[112.9633,28.19774],[112.96343,28.19774],[112.96362,28.19782],[112.9641,28.19802],[112.96439,28.19815],[112.96472,28.19834],[112.9648,28.19856],[112.9649,28.19869],[112.96505,28.1988],[112.96582,28.19883],[112.96619,28.19885]]}},{"type":"Feature","properties":{"fclass":"primary"},"geometry":{"type":"LineString","coordinates":[[112.96139,28.19911],[112.96384,28.19901],[112.96399,28.199],[112.9642,28.19899],[112.96542,28.19901],[112.9659,28.19899],[112.96663,28.19896],[112.96812,28.1989],[112.96914,28.19885]]}},{"type":"Feature","properties":{"fclass":"primary"},"geometry":{"type":"LineString","coordinates":[[112.96142,28.19907],[112.9642,28.1989],[112.96435,28.1989],[112.96619,28.19885],[112.9663,28.19885],[112.96704,28.19881]]}},{"type":"Feature","properties":{"fclass":"residential"},"geometry":{"type":"LineString","coordinates":[[112.97559,28.17275],[112.97531,28.17269],[112.97518,28.17259],[112.9752,28.17245],[112.97522,28.17225],[112.97521,28.17215],[112.97509,28.17208],[112.97455,28.17193],[112.97448,28.17182],[112.97388,28.17166],[112.97378,28.17171],[112.97348,28.17231],[112.97338,28.17235],[112.97326,28.17235],[112.97149,28.17125]]}},{"type":"Feature","properties":{"fclass":"residential"},"geometry":{"type":"LineString","coordinates":[[112.97549,28.17294],[112.97526,28.17281],[112.97484,28.17275],[112.97459,28.17271],[112.97419,28.17265],[112.97403,28.17263],[112.97385,28.1726],[112.97375,28.17258],[112.97376,28.1725],[112.97387,28.17252],[112.97385,28.1726]]}},{"type":"Feature","properties":{"fclass":"residential"},"geometry":{"type":"LineString","coordinates":[[112.9752,28.17245],[112.97431,28.17221],[112.97416,28.17223],[112.97409,28.17232],[112.97403,28.17263],[112.97419,28.17265],[112.97424,28.17243],[112.97431,28.17243],[112.97432,28.17236],[112.97464,28.1724],[112.97459,28.17271]]}},{"type":"Feature","properties":{"fclass":"residential"},"geometry":{"type":"LineString","coordinates":[[112.97432,28.17236],[112.97409,28.17232],[112.97399,28.1723],[112.97395,28.17254],[112.97387,28.17252]]}},{"type":"Feature","properties":{"fclass":"service"},"geometry":{"type":"LineString","coordinates":[[112.98467,28.17052],[112.98476,28.17054],[112.98472,28.1706]]}},{"type":"Feature","properties":{"fclass":"path"},"geometry":{"type":"LineString","coordinates":[[112.9673,28.21407],[112.96722,28.21444],[112.96728,28.21457],[112.96739,28.21465],[112.96749,28.21485]]}},{"type":"Feature","properties":{"fclass":"secondary"},"geometry":{"type":"LineString","coordinates":[[112.93967,28.17889],[112.9397,28.17879],[112.93999,28.17777],[112.94004,28.17758],[112.94008,28.17742],[112.94007,28.1773],[112.94005,28.17704],[112.94,28.17658],[112.93983,28.17597],[112.93944,28.17506],[112.93881,28.17358],[112.93873,28.17338],[112.9387,28.1733]]}},{"type":"Feature","properties":{"fclass":"footway"},"geometry":{"type":"LineString","coordinates":[[112.93576,28.15485],[112.93577,28.15473],[112.93577,28.15464],[112.93577,28.15461],[112.93577,28.15458]]}},{"type":"Feature","properties":{"fclass":"footway"},"geometry":{"type":"LineString","coordinates":[[112.93577,28.15458],[112.93597,28.15458],[112.93614,28.15457]]}},{"type":"Feature","properties":{"fclass":"footway"},"geometry":{"type":"LineString","coordinates":[[112.93614,28.15457],[112.93614,28.15463],[112.93614,28.15471],[112.93614,28.15482]]}},{"type":"Feature","properties":{"fclass":"footway"},"geometry":{"type":"LineString","coordinates":[[112.93576,28.15485],[112.93597,28.15483],[112.93614,28.15482]]}},{"type":"Feature","properties":{"fclass":"primary"},"geometry":{"type":"LineString","coordinates":[[112.90509,28.21968],[112.90681,28.22004],[112.90688,28.22006],[112.90876,28.22046]]}},{"type":"Feature","properties":{"fclass":"primary"},"geometry":{"type":"LineString","coordinates":[[112.90875,28.22039],[112.90689,28.22],[112.90683,28.21998],[112.90509,28.21962]]}},{"type":"Feature","properties":{"fclass":"primary"},"geometry":{"type":"LineString","coordinates":[[112.90645,28.22216],[112.90639,28.22184],[112.90688,28.22006],[112.90689,28.22],[112.90714,28.21909]]}},{"type":"Feature","properties":{"fclass":"primary"},"geometry":{"type":"LineString","coordinates":[[112.90635,28.22214],[112.90633,28.22185],[112.90681,28.22004],[112.90683,28.21998],[112.90724,28.21844],[112.90774,28.21657],[112.90812,28.21513],[112.90813,28.2151],[112.90846,28.21387]]}},{"type":"Feature","properties":{"fclass":"primary"},"geometry":{"type":"LineString","coordinates":[[112.90521,28.21807],[112.90722,28.21843],[112.90724,28.21844],[112.90731,28.21845],[112.90862,28.21868]]}},{"type":"Feature","properties":{"fclass":"primary"},"geometry":{"type":"LineString","coordinates":[[112.90522,28.21799],[112.90863,28.21863]]}},{"type":"Feature","properties":{"fclass":"primary"},"geometry":{"type":"LineString","coordinates":[[112.90603,28.21464],[112.90721,28.21487],[112.90809,28.21512],[112.90812,28.21513],[112.90819,28.21515],[112.90912,28.21538]]}},{"type":"Feature","properties":{"fclass":"primary"},"geometry":{"type":"LineString","coordinates":[[112.90913,28.21535],[112.9082,28.21512],[112.90813,28.2151],[112.90722,28.21485],[112.90719,28.21484],[112.90604,28.21461]]}},{"type":"Feature","properties":{"fclass":"primary"},"geometry":{"type":"LineString","coordinates":[[112.90719,28.21484],[112.90734,28.21444],[112.90755,28.21365]]}},{"type":"Feature","properties":{"fclass":"primary"},"geometry":{"type":"LineString","coordinates":[[112.90758,28.21366],[112.90739,28.21444],[112.90722,28.21485]]}},{"type":"Feature","properties":{"fclass":"unclassified"},"geometry":{"type":"LineString","coordinates":[[112.90041,28.21509],[112.90042,28.21503],[112.9012,28.21205],[112.90112,28.21202],[112.90024,28.21506],[112.90022,28.21513],[112.90042,28.21503]]}},{"type":"Feature","properties":{"fclass":"unclassified"},"geometry":{"type":"LineString","coordinates":[[112.90319,28.21567],[112.90406,28.21268],[112.90403,28.21275]]}},{"type":"Feature","properties":{"fclass":"unclassified"},"geometry":{"type":"LineString","coordinates":[[112.90089,28.21337],[112.90604,28.21461],[112.90603,28.21464],[112.90089,28.21337]]}},{"type":"Feature","properties":{"fclass":"residential"},"geometry":{"type":"LineString","coordinates":[[112.93486,28.21587],[112.93503,28.21644],[112.93496,28.21691]]}},{"type":"Feature","properties":{"fclass":"unclassified"},"geometry":{"type":"LineString","coordinates":[[112.91145,28.22036],[112.91152,28.22012],[112.91155,28.22],[112.91161,28.21954],[112.91162,28.21942],[112.91164,28.2193],[112.91167,28.21906],[112.91167,28.21901],[112.9117,28.21876]]}},{"type":"Feature","properties":{"fclass":"living_street"},"geometry":{"type":"LineString","coordinates":[[112.9117,28.21876],[112.91172,28.21865],[112.91178,28.21809],[112.91164,28.21781],[112.91114,28.21734]]}},{"type":"Feature","properties":{"fclass":"living_street"},"geometry":{"type":"LineString","coordinates":[[112.91114,28.21734],[112.91094,28.21715]]}},{"type":"Feature","properties":{"fclass":"secondary"},"geometry":{"type":"LineString","coordinates":[[112.91114,28.21734],[112.91081,28.21729],[112.9095,28.21711],[112.90921,28.21706]]}},{"type":"Feature","properties":{"fclass":"unclassified"},"geometry":{"type":"LineString","coordinates":[[112.90948,28.22102],[112.90937,28.22032],[112.90934,28.21987],[112.90934,28.21938]]}},{"type":"Feature","properties":{"fclass":"living_street"},"geometry":{"type":"LineString","coordinates":[[112.91104,28.22037],[112.91104,28.22016],[112.91104,28.22002],[112.91104,28.21979],[112.91104,28.21962],[112.91108,28.21956],[112.91114,28.21954],[112.91161,28.21954]]}},{"type":"Feature","properties":{"fclass":"living_street"},"geometry":{"type":"LineString","coordinates":[[112.91104,28.21979],[112.91147,28.21979]]}},{"type":"Feature","properties":{"fclass":"living_street"},"geometry":{"type":"LineString","coordinates":[[112.90934,28.21987],[112.90969,28.21987]]}},{"type":"Feature","properties":{"fclass":"service"},"geometry":{"type":"LineString","coordinates":[[112.90969,28.21987],[112.90972,28.22002],[112.90976,28.22006],[112.9098,28.22006],[112.91009,28.22006],[112.91011,28.21971],[112.90985,28.2197],[112.90971,28.21974],[112.90969,28.21987]]}},{"type":"Feature","properties":{"fclass":"living_street"},"geometry":{"type":"LineString","coordinates":[[112.93944,28.22173],[112.93948,28.22108],[112.93948,28.22077],[112.9395,28.22044],[112.93954,28.21984],[112.93979,28.21954],[112.94025,28.21917],[112.94071,28.21875]]}},{"type":"Feature","properties":{"fclass":"living_street"},"geometry":{"type":"LineString","coordinates":[[112.94071,28.21875],[112.94099,28.21842],[112.94118,28.21784],[112.94153,28.21697],[112.94167,28.21626]]}},{"type":"Feature","properties":{"fclass":"unclassified"},"geometry":{"type":"LineString","coordinates":[[112.91059,28.22009],[112.91057,28.21974],[112.91095,28.21975]]}},{"type":"Feature","properties":{"fclass":"unclassified"},"geometry":{"type":"LineString","coordinates":[[112.91011,28.21971],[112.91057,28.21974]]}},{"type":"Feature","properties":{"fclass":"unclassified"},"geometry":{"type":"LineString","coordinates":[[112.91011,28.21971],[112.91012,28.21947],[112.91058,28.21951],[112.91057,28.21974]]}},{"type":"Feature","properties":{"fclass":"unclassified"},"geometry":{"type":"LineString","coordinates":[[112.91012,28.21947],[112.90973,28.21942]]}},{"type":"Feature","properties":{"fclass":"unclassified"},"geometry":{"type":"LineString","coordinates":[[112.90973,28.21942],[112.90972,28.21942],[112.90946,28.21939]]}},{"type":"Feature","properties":{"fclass":"unclassified"},"geometry":{"type":"LineString","coordinates":[[112.90946,28.21939],[112.90934,28.21938]]}},{"type":"Feature","properties":{"fclass":"unclassified"},"geometry":{"type":"LineString","coordinates":[[112.90971,28.21974],[112.90972,28.21942]]}},{"type":"Feature","properties":{"fclass":"unclassified"},"geometry":{"type":"LineString","coordinates":[[112.91058,28.21951],[112.91091,28.21953],[112.91095,28.21952],[112.91097,28.21948],[112.91106,28.21911],[112.91097,28.21911],[112.91092,28.2191],[112.91053,28.21904],[112.91038,28.21902]]}},{"type":"Feature","properties":{"fclass":"unclassified"},"geometry":{"type":"LineString","coordinates":[[112.91106,28.21911],[112.91167,28.21906]]}},{"type":"Feature","properties":{"fclass":"unclassified"},"geometry":{"type":"LineString","coordinates":[[112.90934,28.21938],[112.90912,28.21933]]}},{"type":"Feature","properties":{"fclass":"service"},"geometry":{"type":"LineString","coordinates":[[112.91097,28.21911],[112.91092,28.21915],[112.91085,28.21918],[112.91073,28.2192],[112.91052,28.21915]]}},{"type":"Feature","properties":{"fclass":"unclassified"},"geometry":{"type":"LineString","coordinates":[[112.91092,28.2191],[112.91091,28.21899],[112.91086,28.2189]]}},{"type":"Feature","properties":{"fclass":"unclassified"},"geometry":{"type":"LineString","coordinates":[[112.90929,28.21804],[112.90934,28.2177],[112.90933,28.21767],[112.90932,28.21763],[112.90914,28.21757]]}},{"type":"Feature","properties":{"fclass":"unclassified"},"geometry":{"type":"LineString","coordinates":[[112.90914,28.21757],[112.90982,28.21771]]}},{"type":"Feature","properties":{"fclass":"unclassified"},"geometry":{"type":"LineString","coordinates":[[112.90917,28.21731],[112.90932,28.21738],[112.90983,28.21749],[112.90989,28.21749],[112.90991,28.21748],[112.90993,28.21743],[112.90994,28.21738],[112.90994,28.21732],[112.90992,28.2173],[112.90955,28.21721],[112.90953,28.2172],[112.9095,28.21711]]}},{"type":"Feature","properties":{"fclass":"residential"},"geometry":{"type":"LineString","coordinates":[[112.91042,28.21887],[112.90986,28.21878],[112.90981,28.21875],[112.90979,28.21872],[112.90981,28.21864],[112.90983,28.21859],[112.90988,28.21857],[112.90992,28.21856],[112.91035,28.21864],[112.91039,28.21862],[112.91045,28.21858],[112.91045,28.21854],[112.91045,28.21836],[112.91049,28.21823],[112.91051,28.21813],[112.91066,28.2179],[112.9107,28.21783],[112.91074,28.21769],[112.91078,28.21747],[112.91081,28.21729]]}},{"type":"Feature","properties":{"fclass":"residential"},"geometry":{"type":"LineString","coordinates":[[112.9107,28.21783],[112.91081,28.21797],[112.91094,28.2181],[112.91094,28.21812],[112.91095,28.21815],[112.91093,28.21828],[112.91082,28.21835],[112.91071,28.21838],[112.91062,28.21835],[112.91056,28.21831],[112.91049,28.21823]]}},{"type":"Feature","properties":{"fclass":"residential"},"geometry":{"type":"LineString","coordinates":[[112.91078,28.21747],[112.91008,28.21736]]}},{"type":"Feature","properties":{"fclass":"residential"},"geometry":{"type":"LineString","coordinates":[[112.91074,28.21769],[112.91004,28.21754]]}},{"type":"Feature","properties":{"fclass":"residential"},"geometry":{"type":"LineString","coordinates":[[112.91066,28.2179],[112.90999,28.21778]]}},{"type":"Feature","properties":{"fclass":"residential"},"geometry":{"type":"LineString","coordinates":[[112.91051,28.21813],[112.90993,28.21802]]}},{"type":"Feature","properties":{"fclass":"residential"},"geometry":{"type":"LineString","coordinates":[[112.91045,28.21836],[112.9099,28.21828]]}},{"type":"Feature","properties":{"fclass":"residential"},"geometry":{"type":"LineString","coordinates":[[112.91045,28.21854],[112.91047,28.21856],[112.91053,28.21858],[112.91088,28.21861],[112.91091,28.21864],[112.91098,28.21866],[112.91103,28.21867]]}},{"type":"Feature","properties":{"fclass":"residential"},"geometry":{"type":"LineString","coordinates":[[112.91103,28.21867],[112.91155,28.21874]]}},{"type":"Feature","properties":{"fclass":"residential"},"geometry":{"type":"LineString","coordinates":[[112.91098,28.21866],[112.91101,28.21848],[112.91098,28.21838],[112.91093,28.21828]]}},{"type":"Feature","properties":{"fclass":"residential"},"geometry":{"type":"LineString","coordinates":[[112.91098,28.21838],[112.91155,28.21845]]}},{"type":"Feature","properties":{"fclass":"residential"},"geometry":{"type":"LineString","coordinates":[[112.91094,28.21812],[112.91162,28.2182]]}},{"type":"Feature","properties":{"fclass":"residential"},"geometry":{"type":"LineString","coordinates":[[112.91074,28.21769],[112.91144,28.21787]]}},{"type":"Feature","properties":{"fclass":"residential"},"geometry":{"type":"LineString","coordinates":[[112.91078,28.21747],[112.91125,28.21757]]}},{"type":"Feature","properties":{"fclass":"residential"},"geometry":{"type":"LineString","coordinates":[[112.91164,28.21781],[112.91169,28.21778],[112.91172,28.21777],[112.91181,28.21775],[112.91193,28.21775],[112.91243,28.21787],[112.91246,28.21789],[112.91247,28.21792],[112.91244,28.21807],[112.9124,28.21808],[112.91236,28.21809],[112.91196,28.218]]}},{"type":"Feature","properties":{"fclass":"residential"},"geometry":{"type":"LineString","coordinates":[[112.91172,28.21865],[112.91196,28.21867],[112.91199,28.21868],[112.91222,28.21869]]}},{"type":"Feature","properties":{"fclass":"residential"},"geometry":{"type":"LineString","coordinates":[[112.91196,28.21867],[112.91199,28.21843]]}},{"type":"Feature","properties":{"fclass":"residential"},"geometry":{"type":"LineString","coordinates":[[112.91267,28.2187],[112.91264,28.21845],[112.91256,28.21826],[112.91253,28.21815],[112.91265,28.21787],[112.91266,28.21762],[112.91274,28.21754]]}},{"type":"Feature","properties":{"fclass":"residential"},"geometry":{"type":"LineString","coordinates":[[112.91267,28.2187],[112.91271,28.21876],[112.91281,28.2188],[112.91319,28.21889],[112.91358,28.21894],[112.91373,28.21896],[112.91409,28.21889],[112.91422,28.21887],[112.91444,28.21881],[112.91454,28.21873],[112.9146,28.21855],[112.9146,28.21845],[112.9146,28.21794],[112.91482,28.21792],[112.91603,28.21776],[112.91609,28.21775]]}},{"type":"Feature","properties":{"fclass":"residential"},"geometry":{"type":"LineString","coordinates":[[112.91264,28.21845],[112.91317,28.21851],[112.91319,28.21889]]}},{"type":"Feature","properties":{"fclass":"residential"},"geometry":{"type":"LineString","coordinates":[[112.91317,28.21851],[112.91337,28.21847],[112.91344,28.21842],[112.9135,28.21822],[112.91349,28.21808],[112.91354,28.21802],[112.91332,28.21795],[112.91276,28.21791],[112.91265,28.21787]]}},{"type":"Feature","properties":{"fclass":"residential"},"geometry":{"type":"LineString","coordinates":[[112.91409,28.21889],[112.91405,28.21876],[112.91407,28.21857],[112.91407,28.21853],[112.91402,28.21847],[112.91399,28.21842],[112.91391,28.21829],[112.91387,28.21806],[112.91381,28.21806],[112.91374,28.21806],[112.91354,28.21802]]}},{"type":"Feature","properties":{"fclass":"residential"},"geometry":{"type":"LineString","coordinates":[[112.91374,28.21806],[112.91377,28.21784],[112.9138,28.21752]]}},{"type":"Feature","properties":{"fclass":"residential"},"geometry":{"type":"LineString","coordinates":[[112.91482,28.21792],[112.91486,28.21761],[112.91489,28.21742]]}},{"type":"Feature","properties":{"fclass":"residential"},"geometry":{"type":"LineString","coordinates":[[112.91402,28.21847],[112.91418,28.21841],[112.91437,28.21838],[112.9146,28.21845]]}},{"type":"Feature","properties":{"fclass":"residential"},"geometry":{"type":"LineString","coordinates":[[112.91381,28.21806],[112.91383,28.21801],[112.91388,28.21798],[112.91395,28.21797],[112.91417,28.218],[112.91424,28.21797],[112.91437,28.21794],[112.91446,28.21793],[112.9146,28.21794]]}},{"type":"Feature","properties":{"fclass":"residential"},"geometry":{"type":"LineString","coordinates":[[112.91265,28.21959],[112.91251,28.21926],[112.91243,28.21914],[112.91231,28.21906],[112.91214,28.21899],[112.91197,28.21896],[112.91167,28.21901]]}},{"type":"Feature","properties":{"fclass":"residential"},"geometry":{"type":"LineString","coordinates":[[112.91162,28.21942],[112.91214,28.21934]]}},{"type":"Feature","properties":{"fclass":"residential"},"geometry":{"type":"LineString","coordinates":[[112.91152,28.22012],[112.91164,28.22016],[112.91183,28.22017],[112.91198,28.22017],[112.91217,28.22015],[112.91234,28.2201],[112.9125,28.22004],[112.91284,28.21985]]}},{"type":"Feature","properties":{"fclass":"tertiary"},"geometry":{"type":"LineString","coordinates":[[112.91674,28.22274],[112.91679,28.22245],[112.91678,28.22151],[112.91678,28.22102],[112.91677,28.22044],[112.91676,28.21988],[112.91676,28.21971],[112.91676,28.21955],[112.91678,28.21945],[112.91678,28.21941],[112.91673,28.21935],[112.91658,28.21928],[112.91647,28.2192],[112.91644,28.21902],[112.91644,28.21888],[112.91644,28.2187],[112.91668,28.21794],[112.91666,28.21773],[112.91661,28.21723]]}},{"type":"Feature","properties":{"fclass":"living_street"},"geometry":{"type":"LineString","coordinates":[[112.91677,28.22044],[112.91669,28.22038],[112.9167,28.21994],[112.91676,28.21988]]}},{"type":"Feature","properties":{"fclass":"living_street"},"geometry":{"type":"LineString","coordinates":[[112.91594,28.21985],[112.91602,28.21978],[112.91611,28.21973],[112.91676,28.21971]]}},{"type":"Feature","properties":{"fclass":"living_street"},"geometry":{"type":"LineString","coordinates":[[112.91649,28.21837],[112.91655,28.21792],[112.9166,28.21782],[112.91666,28.21773]]}},{"type":"Feature","properties":{"fclass":"living_street"},"geometry":{"type":"LineString","coordinates":[[112.91666,28.21773],[112.91607,28.21794],[112.9159,28.218],[112.91571,28.2183]]}},{"type":"Feature","properties":{"fclass":"living_street"},"geometry":{"type":"LineString","coordinates":[[112.91454,28.21988],[112.91457,28.21966],[112.91458,28.21952],[112.9146,28.21927],[112.91463,28.2191],[112.91467,28.21863],[112.9147,28.21822],[112.91571,28.2183]]}},{"type":"Feature","properties":{"fclass":"living_street"},"geometry":{"type":"LineString","coordinates":[[112.91562,28.21979],[112.91574,28.21977],[112.91585,28.21971],[112.91608,28.21951],[112.91616,28.21947],[112.9163,28.21946],[112.91634,28.21942],[112.91634,28.21929],[112.91635,28.21924],[112.91632,28.21921],[112.91627,28.21921],[112.91566,28.21918]]}},{"type":"Feature","properties":{"fclass":"living_street"},"geometry":{"type":"LineString","coordinates":[[112.91627,28.21921],[112.91636,28.21864],[112.91633,28.2186],[112.9157,28.21855]]}},{"type":"Feature","properties":{"fclass":"living_street"},"geometry":{"type":"LineString","coordinates":[[112.91467,28.21863],[112.91569,28.21867]]}},{"type":"Feature","properties":{"fclass":"living_street"},"geometry":{"type":"LineString","coordinates":[[112.91463,28.2191],[112.91566,28.21912]]}},{"type":"Feature","properties":{"fclass":"living_street"},"geometry":{"type":"LineString","coordinates":[[112.9146,28.21927],[112.91565,28.21934]]}},{"type":"Feature","properties":{"fclass":"living_street"},"geometry":{"type":"LineString","coordinates":[[112.91562,28.21979],[112.91541,28.21981],[112.9153,28.21982],[112.91514,28.21976],[112.91504,28.21967],[112.91498,28.21954]]}},{"type":"Feature","properties":{"fclass":"living_street"},"geometry":{"type":"LineString","coordinates":[[112.91498,28.21991],[112.91514,28.21976]]}},{"type":"Feature","properties":{"fclass":"living_street"},"geometry":{"type":"LineString","coordinates":[[112.91504,28.21967],[112.91495,28.21963],[112.91457,28.21966]]}},{"type":"Feature","properties":{"fclass":"living_street"},"geometry":{"type":"LineString","coordinates":[[112.91329,28.21943],[112.91305,28.21942],[112.91301,28.21939],[112.913,28.21936],[112.91304,28.21914],[112.91306,28.2191],[112.9131,28.21906],[112.91316,28.21903],[112.91463,28.2191]]}},{"type":"Feature","properties":{"fclass":"living_street"},"geometry":{"type":"LineString","coordinates":[[112.91323,28.21979],[112.91306,28.2198],[112.91291,28.2199]]}},{"type":"Feature","properties":{"fclass":"living_street"},"geometry":{"type":"LineString","coordinates":[[112.91291,28.2199],[112.91256,28.22024],[112.91173,28.22043],[112.91163,28.22056],[112.91146,28.22078],[112.91139,28.22095],[112.91136,28.22109],[112.91139,28.2212],[112.91145,28.22127],[112.91157,28.22131],[112.91189,28.22118],[112.91194,28.22117],[112.91268,28.2216]]}},{"type":"Feature","properties":{"fclass":"living_street"},"geometry":{"type":"LineString","coordinates":[[112.91554,28.22046],[112.91544,28.22043],[112.91544,28.22042],[112.91542,28.2204],[112.91559,28.2199]]}},{"type":"Feature","properties":{"fclass":"living_street"},"geometry":{"type":"LineString","coordinates":[[112.91571,28.2183],[112.9157,28.21855],[112.91569,28.21867],[112.91566,28.21912],[112.91566,28.21918],[112.91565,28.21934],[112.91563,28.21958],[112.91562,28.21979],[112.91559,28.2199],[112.91552,28.21994],[112.91498,28.21991],[112.91454,28.21988],[112.91323,28.21979],[112.91329,28.21943],[112.91333,28.21944],[112.91458,28.21952],[112.91498,28.21954],[112.91563,28.21958]]}},{"type":"Feature","properties":{"fclass":"living_street"},"geometry":{"type":"LineString","coordinates":[[112.91607,28.21794],[112.91603,28.21776]]}},{"type":"Feature","properties":{"fclass":"residential"},"geometry":{"type":"LineString","coordinates":[[112.92411,28.21631],[112.92389,28.21552],[112.92346,28.2143]]}},{"type":"Feature","properties":{"fclass":"residential"},"geometry":{"type":"LineString","coordinates":[[112.9268,28.21322],[112.92673,28.21324],[112.92596,28.2135],[112.92346,28.2143],[112.92277,28.21433]]}},{"type":"Feature","properties":{"fclass":"living_street"},"geometry":{"type":"LineString","coordinates":[[112.91291,28.2199],[112.91305,28.21942]]}},{"type":"Feature","properties":{"fclass":"unclassified"},"geometry":{"type":"LineString","coordinates":[[112.92277,28.21433],[112.92269,28.21433],[112.92267,28.21441],[112.92265,28.21455],[112.9225,28.21459],[112.92229,28.21465],[112.92203,28.21462],[112.92188,28.21456],[112.92176,28.21452]]}},{"type":"Feature","properties":{"fclass":"unclassified"},"geometry":{"type":"LineString","coordinates":[[112.92604,28.17502],[112.9255,28.17495],[112.92445,28.17482]]}},{"type":"Feature","properties":{"fclass":"secondary"},"geometry":{"type":"LineString","coordinates":[[112.96592,28.20903],[112.96586,28.20922],[112.96578,28.20931],[112.96537,28.20943],[112.96509,28.20942],[112.96473,28.20939],[112.96353,28.20917]]}},{"type":"Feature","properties":{"fclass":"secondary"},"geometry":{"type":"LineString","coordinates":[[112.96582,28.20868],[112.96586,28.20884],[112.96588,28.2089],[112.96592,28.20903]]}},{"type":"Feature","properties":{"fclass":"secondary"},"geometry":{"type":"LineString","coordinates":[[112.96514,28.20839],[112.96585,28.20844],[112.96604,28.20855],[112.96614,28.20866],[112.96618,28.20892],[112.96616,28.20908],[112.96613,28.20921]]}},{"type":"Feature","properties":{"fclass":"secondary"},"geometry":{"type":"LineString","coordinates":[[112.96613,28.20921],[112.96611,28.20954],[112.9665,28.21068]]}},{"type":"Feature","properties":{"fclass":"tertiary_link"},"geometry":{"type":"LineString","coordinates":[[112.96939,28.18232],[112.96967,28.18236],[112.96987,28.18251]]}},{"type":"Feature","properties":{"fclass":"tertiary_link"},"geometry":{"type":"LineString","coordinates":[[112.96987,28.18251],[112.96998,28.18229],[112.97019,28.18208]]}},{"type":"Feature","properties":{"fclass":"residential"},"geometry":{"type":"LineString","coordinates":[[113.00315,28.18219],[113.00315,28.1817],[113.00316,28.18166],[113.0032,28.18161],[113.00323,28.18155],[113.00324,28.18145],[113.00324,28.18067]]}},{"type":"Feature","properties":{"fclass":"residential"},"geometry":{"type":"LineString","coordinates":[[113.00242,28.18217],[113.0024,28.18331]]}},{"type":"Feature","properties":{"fclass":"residential"},"geometry":{"type":"LineString","coordinates":[[112.99873,28.18788],[112.99877,28.1871],[112.99882,28.18703],[112.99889,28.187],[112.99984,28.18692]]}},{"type":"Feature","properties":{"fclass":"residential"},"geometry":{"type":"LineString","coordinates":[[112.99686,28.18962],[112.99681,28.18995],[112.99672,28.19071],[112.99673,28.19084],[112.99676,28.19091],[112.99685,28.19094],[112.99733,28.19098],[112.99738,28.191],[112.99741,28.1911],[112.9974,28.19216]]}},{"type":"Feature","properties":{"fclass":"residential"},"geometry":{"type":"LineString","coordinates":[[112.9967,28.18961],[112.99686,28.18962],[112.99717,28.18965],[112.99728,28.18968],[112.99734,28.18974],[112.99736,28.18989],[112.99737,28.19003],[112.99745,28.19006],[112.99904,28.19006]]}},{"type":"Feature","properties":{"fclass":"residential"},"geometry":{"type":"LineString","coordinates":[[113.00275,28.19082],[113.00349,28.19079]]}},{"type":"Feature","properties":{"fclass":"residential"},"geometry":{"type":"LineString","coordinates":[[113.00304,28.19209],[113.00351,28.19209]]}},{"type":"Feature","properties":{"fclass":"residential"},"geometry":{"type":"LineString","coordinates":[[112.97164,28.18989],[112.97174,28.19014],[112.97182,28.19034],[112.97183,28.19039],[112.97183,28.19045],[112.97176,28.19052],[112.97173,28.19059],[112.9717,28.19074],[112.9717,28.19095],[112.97172,28.19108],[112.97176,28.19117],[112.97187,28.19133],[112.97192,28.19147],[112.97194,28.19162]]}},{"type":"Feature","properties":{"fclass":"residential"},"geometry":{"type":"LineString","coordinates":[[112.97304,28.19161],[112.97299,28.19122],[112.97299,28.19115],[112.97301,28.19111],[112.97312,28.19106],[112.97335,28.191],[112.97339,28.19098],[112.97342,28.19095],[112.97343,28.19092],[112.97342,28.19085],[112.97333,28.19057]]}},{"type":"Feature","properties":{"fclass":"residential"},"geometry":{"type":"LineString","coordinates":[[112.97446,28.18635],[112.97367,28.18645],[112.97326,28.1865],[112.97314,28.18648],[112.97302,28.18643],[112.97295,28.18633],[112.97286,28.18578],[112.97287,28.18571],[112.97291,28.18564],[112.973,28.18554]]}},{"type":"Feature","properties":{"fclass":"service"},"geometry":{"type":"LineString","coordinates":[[112.9718,28.18278],[112.97284,28.18304],[112.97297,28.18309],[112.97302,28.18316],[112.97303,28.18325],[112.97301,28.18338],[112.97301,28.18343],[112.97304,28.18347],[112.9733,28.18352]]}},{"type":"Feature","properties":{"fclass":"residential"},"geometry":{"type":"LineString","coordinates":[[112.9761,28.20063],[112.97703,28.2006],[112.97765,28.20051],[112.97833,28.20046]]}},{"type":"Feature","properties":{"fclass":"residential"},"geometry":{"type":"LineString","coordinates":[[112.96864,28.19196],[112.96874,28.19247]]}},{"type":"Feature","properties":{"fclass":"residential"},"geometry":{"type":"LineString","coordinates":[[112.97836,28.20022],[112.9798,28.20022]]}},{"type":"Feature","properties":{"fclass":"pedestrian"},"geometry":{"type":"LineString","coordinates":[[112.97193,28.18839],[112.97237,28.18828],[112.97244,28.18826],[112.97253,28.18828],[112.97262,28.18831],[112.97277,28.18833],[112.97306,28.18831],[112.97323,28.18832],[112.97344,28.18836],[112.97356,28.18838],[112.97365,28.18841],[112.97373,28.18849],[112.97401,28.18876]]}},{"type":"Feature","properties":{"fclass":"residential"},"geometry":{"type":"LineString","coordinates":[[112.97561,28.2],[112.97648,28.19998]]}},{"type":"Feature","properties":{"fclass":"residential"},"geometry":{"type":"LineString","coordinates":[[112.97494,28.19256],[112.97448,28.19262],[112.97367,28.19279]]}},{"type":"Feature","properties":{"fclass":"residential"},"geometry":{"type":"LineString","coordinates":[[112.9661,28.19537],[112.9661,28.19526],[112.9661,28.19472],[112.9661,28.19396],[112.96614,28.19321],[112.96618,28.19196]]}},{"type":"Feature","properties":{"fclass":"residential"},"geometry":{"type":"LineString","coordinates":[[112.98891,28.19945],[112.98915,28.19903],[112.9893,28.19881],[112.98935,28.19874],[112.98944,28.19872],[112.98954,28.19873],[112.98963,28.19877],[112.99056,28.19906],[112.99079,28.19917],[112.99113,28.19932],[112.99123,28.19934],[112.99139,28.19936]]}},{"type":"Feature","properties":{"fclass":"residential"},"geometry":{"type":"LineString","coordinates":[[112.97518,28.1934],[112.97504,28.19343],[112.97404,28.19357],[112.97321,28.19377],[112.97271,28.19386]]}},{"type":"Feature","properties":{"fclass":"residential"},"geometry":{"type":"LineString","coordinates":[[112.9784,28.19973],[112.97816,28.19965],[112.9781,28.19959],[112.97808,28.19951],[112.97806,28.19867]]}},{"type":"Feature","properties":{"fclass":"residential"},"geometry":{"type":"LineString","coordinates":[[112.96535,28.18779],[112.96465,28.18632]]}},{"type":"Feature","properties":{"fclass":"residential"},"geometry":{"type":"LineString","coordinates":[[112.97703,28.2006],[112.97704,28.2009],[112.97706,28.20097],[112.97711,28.20106],[112.97719,28.20121],[112.97725,28.20166],[112.97754,28.20239]]}},{"type":"Feature","properties":{"fclass":"residential"},"geometry":{"type":"LineString","coordinates":[[112.97725,28.20166],[112.97566,28.20167],[112.97553,28.20167]]}},{"type":"Feature","properties":{"fclass":"service"},"geometry":{"type":"LineString","coordinates":[[112.97871,28.19733],[112.97953,28.19757]]}},{"type":"Feature","properties":{"fclass":"residential"},"geometry":{"type":"LineString","coordinates":[[112.97589,28.17981],[112.97702,28.17927],[112.9771,28.17926],[112.97716,28.17927],[112.9772,28.17931],[112.97727,28.17942],[112.9774,28.17966],[112.97747,28.17974],[112.97754,28.17978]]}},{"type":"Feature","properties":{"fclass":"residential"},"geometry":{"type":"LineString","coordinates":[[112.97291,28.18564],[112.9727,28.18547],[112.9725,28.18531],[112.97219,28.18518]]}},{"type":"Feature","properties":{"fclass":"residential"},"geometry":{"type":"LineString","coordinates":[[112.98138,28.18571],[112.98198,28.18611],[112.98215,28.1862],[112.9825,28.18636],[112.98262,28.18641],[112.98312,28.1866],[112.98313,28.18662],[112.98314,28.18665],[112.983,28.18704],[112.98297,28.18715],[112.98296,28.18735],[112.98299,28.18767],[112.98306,28.18793],[112.98313,28.18812],[112.98314,28.18828],[112.98315,28.18848],[112.98313,28.18922]]}},{"type":"Feature","properties":{"fclass":"residential"},"geometry":{"type":"LineString","coordinates":[[112.96507,28.18504],[112.96431,28.18511]]}},{"type":"Feature","properties":{"fclass":"residential"},"geometry":{"type":"LineString","coordinates":[[112.9774,28.17966],[112.97649,28.18011],[112.97643,28.18017],[112.97641,28.18024]]}},{"type":"Feature","properties":{"fclass":"residential"},"geometry":{"type":"LineString","coordinates":[[112.97603,28.18175],[112.9759,28.1816],[112.97561,28.18128],[112.97525,28.18084],[112.97499,28.18049],[112.97498,28.18046],[112.97499,28.18042],[112.97537,28.18019],[112.97592,28.17986]]}},{"type":"Feature","properties":{"fclass":"residential"},"geometry":{"type":"LineString","coordinates":[[112.99349,28.17426],[112.99346,28.17546],[112.99348,28.17557],[112.99355,28.17563],[112.99366,28.17566],[112.99464,28.17563],[112.99477,28.17558],[112.99484,28.1755],[112.9949,28.17543],[112.99503,28.17538],[112.99519,28.17533],[112.99534,28.17528]]}},{"type":"Feature","properties":{"fclass":"residential"},"geometry":{"type":"LineString","coordinates":[[112.9919,28.17563],[112.99237,28.17565],[112.99252,28.17562],[112.99267,28.17557],[112.99275,28.17551],[112.99279,28.1754],[112.99277,28.17472]]}},{"type":"Feature","properties":{"fclass":"residential"},"geometry":{"type":"LineString","coordinates":[[112.99056,28.17618],[112.99105,28.17584],[112.99115,28.17579],[112.99131,28.17578],[112.99171,28.17577],[112.99182,28.17572],[112.9919,28.17563],[112.99202,28.17473]]}},{"type":"Feature","properties":{"fclass":"residential"},"geometry":{"type":"LineString","coordinates":[[112.99523,28.17942],[112.99454,28.17929],[112.99435,28.17926],[112.99421,28.17925],[112.99341,28.17926],[112.99332,28.17924],[112.99328,28.17922],[112.99325,28.17918],[112.99322,28.17911],[112.99321,28.179],[112.99318,28.17889],[112.99315,28.17883],[112.99312,28.17876],[112.99313,28.17809],[112.99314,28.17752]]}},{"type":"Feature","properties":{"fclass":"residential"},"geometry":{"type":"LineString","coordinates":[[112.99282,28.17681],[112.99283,28.17632]]}},{"type":"Feature","properties":{"fclass":"residential"},"geometry":{"type":"LineString","coordinates":[[112.99227,28.17687],[112.99266,28.17685],[112.99273,28.17684],[112.99282,28.17681],[112.9936,28.17675]]}},{"type":"Feature","properties":{"fclass":"residential"},"geometry":{"type":"LineString","coordinates":[[112.99058,28.17628],[112.99227,28.17632],[112.99283,28.17632],[112.99441,28.17633],[112.99474,28.17633]]}},{"type":"Feature","properties":{"fclass":"residential"},"geometry":{"type":"LineString","coordinates":[[112.99226,28.17751],[112.99227,28.17687],[112.99227,28.17632]]}},{"type":"Feature","properties":{"fclass":"residential"},"geometry":{"type":"LineString","coordinates":[[112.99314,28.17752],[112.99317,28.17724],[112.99318,28.17719],[112.99325,28.17717],[112.9943,28.17715],[112.99439,28.17711],[112.99443,28.17703],[112.99441,28.17633]]}},{"type":"Feature","properties":{"fclass":"residential"},"geometry":{"type":"LineString","coordinates":[[112.99491,28.17379],[112.9952,28.17317],[112.99559,28.17257],[112.99574,28.17237],[112.99591,28.17216],[112.99595,28.1721],[112.99597,28.17204],[112.99597,28.17199],[112.99596,28.17164]]}},{"type":"Feature","properties":{"fclass":"residential"},"geometry":{"type":"LineString","coordinates":[[112.91442,28.21128],[112.91585,28.21194],[112.91642,28.21224],[112.91732,28.21287]]}},{"type":"Feature","properties":{"fclass":"residential"},"geometry":{"type":"LineString","coordinates":[[112.91055,28.20796],[112.91232,28.2081],[112.9124,28.20811],[112.91244,28.20814],[112.91246,28.20819],[112.91229,28.20928],[112.91227,28.20934],[112.91223,28.20937],[112.91217,28.20938],[112.91035,28.20922]]}},{"type":"Feature","properties":{"fclass":"residential"},"geometry":{"type":"LineString","coordinates":[[112.91214,28.2138],[112.91309,28.21286],[112.91406,28.21198],[112.91422,28.21179],[112.91433,28.21158],[112.91442,28.21128],[112.91458,28.21058],[112.91474,28.20973],[112.9149,28.20911],[112.91514,28.20809],[112.91515,28.20792],[112.91512,28.20774],[112.91485,28.20694],[112.91476,28.20663],[112.91475,28.20648],[112.91476,28.20627],[112.91479,28.20622],[112.91484,28.20618],[112.91532,28.20592],[112.91562,28.20579],[112.91654,28.2056]]}},{"type":"Feature","properties":{"fclass":"unclassified"},"geometry":{"type":"LineString","coordinates":[[112.94789,28.16916],[112.94782,28.16909],[112.94785,28.16867],[112.94766,28.16828],[112.94735,28.16768],[112.94751,28.16747],[112.94748,28.16717]]}},{"type":"Feature","properties":{"fclass":"unclassified"},"geometry":{"type":"LineString","coordinates":[[112.94803,28.16807],[112.94772,28.16786],[112.94751,28.16747]]}},{"type":"Feature","properties":{"fclass":"tertiary"},"geometry":{"type":"LineString","coordinates":[[112.9078,28.20903],[112.90552,28.20885],[112.90226,28.20857],[112.90215,28.20849]]}},{"type":"Feature","properties":{"fclass":"tertiary"},"geometry":{"type":"LineString","coordinates":[[112.9078,28.20903],[112.90793,28.20904],[112.91023,28.20919]]}},{"type":"Feature","properties":{"fclass":"residential"},"geometry":{"type":"LineString","coordinates":[[112.90212,28.19158],[112.90236,28.19118],[112.90238,28.19102],[112.90242,28.19081],[112.90253,28.1906],[112.90278,28.19025],[112.903,28.19009],[112.90377,28.18989],[112.90389,28.18984],[112.90399,28.18968],[112.9043,28.18896],[112.90432,28.18885],[112.90427,28.18868],[112.90412,28.18847],[112.90391,28.18832],[112.90344,28.18812],[112.90319,28.18797],[112.90298,28.18778],[112.90283,28.1875],[112.90282,28.18735],[112.90284,28.18722],[112.90282,28.18704],[112.90278,28.18687],[112.9026,28.18666],[112.90235,28.18645],[112.90221,28.18641],[112.90144,28.18635],[112.90126,28.18634],[112.90085,28.18642],[112.90056,28.18644],[112.90039,28.18644],[112.90015,28.18639],[112.89899,28.18594],[112.8989,28.18587],[112.89884,28.18565],[112.89872,28.18539],[112.89858,28.18528],[112.89752,28.18496],[112.89725,28.18494],[112.89697,28.18494],[112.89676,28.18495],[112.89663,28.18493],[112.8965,28.18489],[112.8963,28.18478],[112.89596,28.1844],[112.89591,28.1843],[112.89587,28.1841],[112.89585,28.18393],[112.89583,28.18381],[112.89579,28.18366],[112.89569,28.18352],[112.89556,28.18345],[112.89531,28.18333],[112.89511,28.18329],[112.89493,28.18329],[112.89478,28.18329],[112.89464,28.18326],[112.89456,28.18317],[112.89447,28.18307],[112.89442,28.18303],[112.89427,28.18298],[112.89404,28.18293],[112.89386,28.18293],[112.89365,28.183],[112.89352,28.18304],[112.89341,28.18304],[112.89334,28.18303],[112.89325,28.18297],[112.89289,28.18259],[112.89271,28.18245]]}},{"type":"Feature","properties":{"fclass":"residential"},"geometry":{"type":"LineString","coordinates":[[112.90046,28.19077],[112.90155,28.18897],[112.90228,28.18776],[112.90241,28.18761],[112.90269,28.18743],[112.90282,28.18735]]}},{"type":"Feature","properties":{"fclass":"tertiary"},"geometry":{"type":"LineString","coordinates":[[112.90222,28.19163],[112.9017,28.19247],[112.90162,28.19257],[112.90153,28.19262],[112.90143,28.19263],[112.90126,28.19261],[112.89914,28.19157]]}},{"type":"Feature","properties":{"fclass":"residential"},"geometry":{"type":"LineString","coordinates":[[112.90202,28.19153],[112.90224,28.19117],[112.90232,28.19095],[112.90235,28.1908],[112.90241,28.19065],[112.90254,28.19045],[112.90281,28.19013],[112.903,28.19001],[112.90309,28.18996],[112.90311,28.18991],[112.9031,28.18981],[112.90307,28.18972],[112.90301,28.18967],[112.90155,28.18897]]}},{"type":"Feature","properties":{"fclass":"secondary"},"geometry":{"type":"LineString","coordinates":[[112.90335,28.20088],[112.90347,28.20045]]}},{"type":"Feature","properties":{"fclass":"secondary"},"geometry":{"type":"LineString","coordinates":[[112.90347,28.20045],[112.90362,28.20007]]}},{"type":"Feature","properties":{"fclass":"secondary"},"geometry":{"type":"LineString","coordinates":[[112.90362,28.20049],[112.90352,28.20089]]}},{"type":"Feature","properties":{"fclass":"secondary"},"geometry":{"type":"LineString","coordinates":[[112.90352,28.20089],[112.9034,28.20144],[112.90299,28.20487],[112.90226,28.20857]]}},{"type":"Feature","properties":{"fclass":"tertiary"},"geometry":{"type":"MultiLineString","coordinates":[[[112.9035,28.1987],[112.90278,28.1986],[112.90206,28.19854],[112.90122,28.19845],[112.89901,28.19838],[112.89717,28.19831],[112.89668,28.19827],[112.89621,28.19816],[112.89592,28.19809],[112.89576,28.19802],[112.89561,28.19797],[112.89505,28.1977],[112.89462,28.19748],[112.89404,28.19712],[112.8936,28.19681],[112.89352,28.19674],[112.89309,28.19635],[112.89222,28.19528],[112.89171,28.19475],[112.89106,28.19427],[112.89024,28.19385],[112.8892,28.19347],[112.88772,28.19301],[112.88761,28.19297],[112.88598,28.19245],[112.88584,28.19241],[112.88388,28.19184],[112.88291,28.19151],[112.88284,28.19149]],[[112.88268,28.18158],[112.88276,28.18155],[112.88318,28.18146]]]}},{"type":"Feature","properties":{"fclass":"tertiary"},"geometry":{"type":"LineString","coordinates":[[112.90376,28.2005],[112.90352,28.20089]]}},{"type":"Feature","properties":{"fclass":"residential"},"geometry":{"type":"LineString","coordinates":[[112.90718,28.20218],[112.90736,28.2016]]}},{"type":"Feature","properties":{"fclass":"residential"},"geometry":{"type":"LineString","coordinates":[[112.90775,28.20061],[112.90768,28.20085]]}},{"type":"Feature","properties":{"fclass":"residential"},"geometry":{"type":"LineString","coordinates":[[112.90768,28.20085],[112.90743,28.2016]]}},{"type":"Feature","properties":{"fclass":"residential"},"geometry":{"type":"LineString","coordinates":[[112.90759,28.20083],[112.90767,28.2006]]}},{"type":"Feature","properties":{"fclass":"residential"},"geometry":{"type":"LineString","coordinates":[[112.90736,28.2016],[112.90759,28.20083]]}},{"type":"Feature","properties":{"fclass":"residential"},"geometry":{"type":"LineString","coordinates":[[112.90743,28.2016],[112.90729,28.2022]]}},{"type":"Feature","properties":{"fclass":"residential"},"geometry":{"type":"LineString","coordinates":[[112.90787,28.20065],[112.90775,28.20061],[112.90767,28.2006],[112.90701,28.20042],[112.90679,28.2004],[112.90661,28.2004],[112.90642,28.2004],[112.90563,28.20023],[112.90551,28.20022],[112.90542,28.20023],[112.90508,28.20041],[112.90494,28.20044],[112.9048,28.20043],[112.90419,28.20028],[112.90409,28.20022],[112.90401,28.20014],[112.90403,28.20002],[112.90419,28.19947],[112.90445,28.19902],[112.90448,28.19896]]}},{"type":"Feature","properties":{"fclass":"residential"},"geometry":{"type":"LineString","coordinates":[[112.90409,28.19881],[112.90423,28.19889],[112.90432,28.19892],[112.90423,28.19895],[112.90416,28.19903]]}},{"type":"Feature","properties":{"fclass":"residential"},"geometry":{"type":"LineString","coordinates":[[112.90432,28.19892],[112.90448,28.19896]]}},{"type":"Feature","properties":{"fclass":"primary"},"geometry":{"type":"LineString","coordinates":[[112.90189,28.2012],[112.90153,28.20115],[112.90089,28.20111],[112.90019,28.20113]]}},{"type":"Feature","properties":{"fclass":"trunk_link"},"geometry":{"type":"LineString","coordinates":[[112.91149,28.19794],[112.91139,28.19739],[112.9113,28.19717],[112.91115,28.19702],[112.91084,28.1968],[112.91043,28.19669],[112.90993,28.19669],[112.90956,28.19669],[112.90942,28.19665],[112.90856,28.19636]]}},{"type":"Feature","properties":{"fclass":"trunk_link"},"geometry":{"type":"LineString","coordinates":[[112.90856,28.19636],[112.9092,28.19636],[112.90991,28.19633],[112.91026,28.19624],[112.91065,28.19601],[112.91137,28.19549],[112.91184,28.19509],[112.9122,28.19476],[112.91253,28.19453],[112.91308,28.19418],[112.9136,28.19383],[112.91394,28.19356]]}},{"type":"Feature","properties":{"fclass":"trunk"},"geometry":{"type":"LineString","coordinates":[[112.91276,28.19535],[112.91223,28.19618],[112.91189,28.19704],[112.9117,28.1978],[112.91166,28.19811]]}},{"type":"Feature","properties":{"fclass":"trunk"},"geometry":{"type":"LineString","coordinates":[[112.91319,28.19481],[112.91295,28.19511],[112.91276,28.19535]]}},{"type":"Feature","properties":{"fclass":"trunk"},"geometry":{"type":"LineString","coordinates":[[112.91298,28.19486],[112.91485,28.19268],[112.9174,28.18935],[112.91766,28.18901],[112.91799,28.18856],[112.91827,28.18811],[112.91843,28.18764],[112.91866,28.18678],[112.91873,28.18626],[112.91876,28.18573],[112.91862,28.18501],[112.91738,28.1808],[112.91667,28.17854],[112.91613,28.17671],[112.91587,28.17602],[112.91566,28.17485]]}},{"type":"Feature","properties":{"fclass":"trunk"},"geometry":{"type":"LineString","coordinates":[[112.91258,28.19539],[112.91279,28.19511],[112.91298,28.19486]]}},{"type":"Feature","properties":{"fclass":"trunk_link"},"geometry":{"type":"LineString","coordinates":[[112.91173,28.19688],[112.9118,28.19641],[112.91216,28.19569],[112.91235,28.19541],[112.91276,28.19488],[112.91353,28.19402],[112.91394,28.19356],[112.91479,28.19258],[112.91569,28.19139],[112.91621,28.19067],[112.91725,28.18933],[112.91729,28.18926],[112.91739,28.18912],[112.91755,28.18889],[112.91771,28.18866],[112.91803,28.18812],[112.91817,28.18782],[112.91833,28.18736],[112.91841,28.18705],[112.91853,28.1865],[112.91858,28.1861],[112.91855,28.18551],[112.91851,28.18505],[112.91828,28.18421],[112.91723,28.1809],[112.91722,28.18085],[112.91709,28.18047],[112.91596,28.17675],[112.91583,28.17633],[112.91571,28.17586],[112.9156,28.17536],[112.91552,28.17473],[112.91549,28.17436],[112.91547,28.17407],[112.91546,28.17394],[112.9155,28.17318],[112.91557,28.17239],[112.91579,28.17152],[112.91602,28.17081],[112.91649,28.16983],[112.91691,28.16913],[112.91774,28.16806],[112.91825,28.16751]]}},{"type":"Feature","properties":{"fclass":"trunk_link"},"geometry":{"type":"LineString","coordinates":[[112.91854,28.16772],[112.91802,28.16833],[112.91736,28.16917],[112.91695,28.16977],[112.91663,28.17046],[112.91643,28.171],[112.91636,28.17124],[112.91626,28.17145],[112.91611,28.17194],[112.91594,28.17304],[112.91592,28.1732],[112.91586,28.17402],[112.91589,28.17452],[112.91592,28.17483],[112.91595,28.17503],[112.91605,28.17557],[112.9162,28.17615],[112.91647,28.17699],[112.9166,28.17743],[112.91704,28.1789],[112.91747,28.18024],[112.91762,28.18073],[112.91841,28.18325],[112.9187,28.18416],[112.91893,28.18529],[112.91897,28.18601],[112.91893,28.18664],[112.91884,28.18706],[112.91873,28.18753],[112.91863,28.18784],[112.91846,28.18826],[112.91826,28.18862],[112.91772,28.18939],[112.91658,28.19094],[112.91567,28.19215],[112.91564,28.19219],[112.91475,28.19328],[112.91343,28.19476]]}},{"type":"Feature","properties":{"fclass":"trunk_link"},"geometry":{"type":"LineString","coordinates":[[112.91343,28.19476],[112.91299,28.19531]]}},{"type":"Feature","properties":{"fclass":"trunk_link"},"geometry":{"type":"LineString","coordinates":[[112.91299,28.19531],[112.91249,28.19603],[112.91211,28.1967],[112.91185,28.19734],[112.9117,28.1978]]}},{"type":"Feature","properties":{"fclass":"trunk_link"},"geometry":{"type":"LineString","coordinates":[[112.91567,28.19215],[112.91545,28.1926],[112.91533,28.19287],[112.91527,28.19319],[112.91528,28.19351],[112.91535,28.1939],[112.91555,28.19429],[112.91559,28.19447]]}},{"type":"Feature","properties":{"fclass":"trunk_link"},"geometry":{"type":"LineString","coordinates":[[112.91559,28.19447],[112.91559,28.19463],[112.91553,28.19478],[112.91543,28.19489]]}},{"type":"Feature","properties":{"fclass":"trunk_link"},"geometry":{"type":"LineString","coordinates":[[112.91543,28.19489],[112.91526,28.19499],[112.91509,28.19502],[112.91493,28.19506],[112.9148,28.19515],[112.91456,28.19523],[112.91364,28.19527],[112.91336,28.19532],[112.91315,28.19541],[112.91292,28.19558],[112.91272,28.19578],[112.91249,28.19603]]}},{"type":"Feature","properties":{"fclass":"residential"},"geometry":{"type":"LineString","coordinates":[[112.91739,28.18912],[112.9174,28.18907],[112.91739,28.18898],[112.91735,28.18892],[112.91725,28.18889],[112.91715,28.18887],[112.91749,28.18875],[112.91771,28.18866],[112.91799,28.18856]]}},{"type":"Feature","properties":{"fclass":"trunk_link"},"geometry":{"type":"LineString","coordinates":[[112.91729,28.18926],[112.91755,28.18912],[112.91766,28.18901]]}},{"type":"Feature","properties":{"fclass":"residential"},"geometry":{"type":"LineString","coordinates":[[112.9173,28.18083],[112.91722,28.18085],[112.91612,28.18118],[112.91591,28.18122],[112.9155,28.18128]]}},{"type":"Feature","properties":{"fclass":"residential"},"geometry":{"type":"LineString","coordinates":[[112.91756,28.18075],[112.9173,28.18083]]}},{"type":"Feature","properties":{"fclass":"residential"},"geometry":{"type":"LineString","coordinates":[[112.91594,28.17304],[112.91724,28.17315],[112.91784,28.17317],[112.91802,28.17321],[112.91812,28.17328],[112.92006,28.17341],[112.9204,28.17345]]}},{"type":"Feature","properties":{"fclass":"residential"},"geometry":{"type":"LineString","coordinates":[[112.9204,28.17345],[112.92014,28.17351],[112.91894,28.17341],[112.9182,28.17335],[112.91792,28.17338],[112.91767,28.17338],[112.91721,28.17333],[112.91592,28.1732]]}},{"type":"Feature","properties":{"fclass":"secondary"},"geometry":{"type":"LineString","coordinates":[[112.93175,28.15107],[112.93176,28.15115],[112.93176,28.15123]]}},{"type":"Feature","properties":{"fclass":"secondary"},"geometry":{"type":"LineString","coordinates":[[112.93176,28.15123],[112.93177,28.15148]]}},{"type":"Feature","properties":{"fclass":"secondary"},"geometry":{"type":"LineString","coordinates":[[112.93177,28.15148],[112.93179,28.1518]]}},{"type":"Feature","properties":{"fclass":"secondary"},"geometry":{"type":"LineString","coordinates":[[112.93179,28.1518],[112.9318,28.15207]]}},{"type":"Feature","properties":{"fclass":"secondary"},"geometry":{"type":"LineString","coordinates":[[112.9318,28.15207],[112.93182,28.1524]]}},{"type":"Feature","properties":{"fclass":"secondary"},"geometry":{"type":"LineString","coordinates":[[112.93182,28.1524],[112.93183,28.15265]]}},{"type":"Feature","properties":{"fclass":"secondary"},"geometry":{"type":"LineString","coordinates":[[112.93185,28.15294],[112.93193,28.15467],[112.93193,28.15475],[112.93193,28.15483],[112.93194,28.15502],[112.93194,28.15598],[112.93238,28.15849]]}},{"type":"Feature","properties":{"fclass":"secondary"},"geometry":{"type":"LineString","coordinates":[[112.93183,28.15265],[112.93184,28.15272],[112.93184,28.15285],[112.93185,28.15294]]}},{"type":"Feature","properties":{"fclass":"tertiary"},"geometry":{"type":"LineString","coordinates":[[112.92621,28.15105],[112.92596,28.15106]]}},{"type":"Feature","properties":{"fclass":"tertiary"},"geometry":{"type":"LineString","coordinates":[[112.92652,28.15104],[112.92621,28.15105]]}},{"type":"Feature","properties":{"fclass":"residential"},"geometry":{"type":"LineString","coordinates":[[112.90825,28.19625],[112.90812,28.1964],[112.90807,28.19645],[112.90785,28.19647],[112.90766,28.19648],[112.90747,28.19647],[112.90525,28.19573],[112.9051,28.19567],[112.90509,28.19559],[112.90515,28.19545],[112.90521,28.19534],[112.90521,28.19529],[112.90519,28.19524],[112.90511,28.19517]]}},{"type":"Feature","properties":{"fclass":"secondary"},"geometry":{"type":"LineString","coordinates":[[112.94549,28.21374],[112.9453,28.21384],[112.94507,28.21396],[112.94488,28.21409],[112.94462,28.21439]]}},{"type":"Feature","properties":{"fclass":"secondary"},"geometry":{"type":"LineString","coordinates":[[112.9515,28.21239],[112.95268,28.21252]]}},{"type":"Feature","properties":{"fclass":"living_street"},"geometry":{"type":"LineString","coordinates":[[112.9255,28.17495],[112.92561,28.17429],[112.92614,28.17435]]}}]}